$date
	Wed Aug 12 14:12:06 2026
$end
$version
	Icarus Verilog
$end
$timescale
	1ps
$end
$scope module tb_trng $end
$var wire 1 ! pready $end
$var wire 1 " pslverr $end
$var wire 1 # trng_valid $end
$var wire 1 $ trng_irq $end
$var wire 256 % trng_entropy [255:0] $end
$var wire 32 & prdata [31:0] $end
$var reg 1 ' clk $end
$var reg 256 ( entropy_snapshot1 [255:0] $end
$var reg 256 ) entropy_snapshot2 [255:0] $end
$var reg 32 * paddr [31:0] $end
$var reg 1 + penable $end
$var reg 1 , psel $end
$var reg 32 - pwdata [31:0] $end
$var reg 1 . pwrite $end
$var reg 32 / rdata [31:0] $end
$var reg 1 0 rst_n $end
$var reg 1 1 trng_ready $end
$var integer 32 2 error_count [31:0] $end
$var integer 32 3 wait_cycles [31:0] $end
$scope module uut $end
$var wire 1 ' clk $end
$var wire 32 4 paddr [31:0] $end
$var wire 1 + penable $end
$var wire 1 ! pready $end
$var wire 1 , psel $end
$var wire 1 " pslverr $end
$var wire 32 5 pwdata [31:0] $end
$var wire 1 . pwrite $end
$var wire 1 0 rst_n $end
$var wire 256 6 trng_entropy [255:0] $end
$var wire 1 $ trng_irq $end
$var wire 1 1 trng_ready $end
$var wire 1 # trng_valid $end
$var wire 1 7 raw_bit $end
$var wire 32 8 prdata [31:0] $end
$var reg 32 9 ctrl_reg [31:0] $end
$var reg 9 : entropy_cnt [8:0] $end
$var reg 256 ; entropy_reg [255:0] $end
$var reg 1 < entropy_valid $end
$var reg 1 = health_fail $end
$var reg 8 > rep_count [7:0] $end
$var reg 1 ? rep_prev $end
$var reg 16 @ ro_out [15:0] $end
$var reg 1 A vn_out_bit $end
$var reg 1 B vn_out_valid $end
$var reg 1 C vn_prev_bit $end
$var reg 1 D vn_state $end
$var integer 32 E ro_idx [31:0] $end
$upscope $end
$scope task apb_read $end
$var reg 32 F addr [31:0] $end
$var reg 32 G data [31:0] $end
$upscope $end
$scope task apb_write $end
$var reg 32 H addr [31:0] $end
$var reg 32 I data [31:0] $end
$upscope $end
$scope task check $end
$var reg 64 J expected [63:0] $end
$var reg 64 K got [63:0] $end
$var reg 256 L msg [255:0] $end
$upscope $end
$upscope $end
$enddefinitions $end
$comment Show the parameter values. $end
$dumpall
$end
#0
$dumpvars
bx L
bx K
bx J
bx I
bx H
bx G
bx F
bx E
0D
0C
0B
0A
b101101000111100 @
0?
b0 >
0=
0<
b0 ;
b0 :
b0 9
b0 8
07
b0 6
b0 5
b0 4
bx 3
b0 2
01
00
bx /
0.
b0 -
0,
0+
b0 *
bx )
bx (
0'
b0 &
b0 %
0$
0#
0"
1!
$end
#3600
1'
#7200
0'
#10800
1'
#14400
0'
#18000
1'
#21600
0'
#25200
1'
#28800
0'
#32400
1'
#36000
0'
#39600
1'
#43200
0'
#46800
1'
#50400
0'
#54000
1'
#57600
0'
#61200
1'
#64800
0'
#68400
07
b111111100110001 @
1D
b10000 E
10
1'
#72000
0'
#75600
0D
17
b1000010001100100 @
b10000 E
1'
#79200
0'
#82800
07
b1101000100000110 @
1D
1C
b10000 E
1'
#86400
0'
#90000
0D
1B
1A
17
b10111101011100 @
b10000 E
1'
#93600
0'
#97200
17
b1111111101011 @
0B
1D
1?
b1 :
b1 %
b1 6
b1 ;
b10000 E
1'
#100800
0'
#104400
0D
07
b1101101011000010 @
b10000 E
b0 F
b111000001110010011001010110000101100100011110010011110100110001001000000110000101100110011101000110010101110010001000000111001001100101011100110110010101110100 L
b1 J
b1 K
1'
#108000
0'
#111600
07
b101000110110101 @
1D
0C
b10000 E
1'
#112600
1,
#115200
0'
#118800
0D
07
b1100000110011000 @
b10000 E
1'
#119800
1+
#122400
0'
#126000
07
b101001100011110 @
1D
b10000 E
1'
#127000
b0 G
#128000
b0 3
b11000110111010001110010011011000101111101110010011001010110011100100000001111010010000000110000001000000110000101100110011101000110010101110010001000000111001001100101011100110110010101110100 L
b0 J
b0 K
b0 /
0+
0,
#129600
0'
#133200
0D
07
b1110111001010011 @
b10000 E
b1 3
1'
#136800
0'
#140400
07
b100101010000110 @
1D
b10000 E
b10 3
1'
#144000
0'
#147600
0D
07
b1111011110011110 @
b10000 E
b11 3
1'
#151200
0'
#154800
07
b10010101001001 @
1D
b10000 E
b100 3
1'
#158400
0'
#162000
0D
17
b101100101010001 @
b10000 E
b101 3
1'
#165600
0'
#169200
17
b101011111011110 @
1D
1C
b10000 E
b110 3
1'
#172800
0'
#176400
0D
07
b1001100010110101 @
b10000 E
b111 3
1'
#180000
0'
#183600
17
b1111001011101 @
1D
0C
b10000 E
b1000 3
1'
#187200
0'
#190800
0D
1B
0A
17
b1110000101000011 @
b10000 E
b1001 3
1'
#194400
0'
#198000
07
b111010001010011 @
0B
1D
1C
0?
b10 :
b10 %
b10 6
b10 ;
b10000 E
b1010 3
1'
#201600
0'
#205200
0D
1B
1A
17
b1011011100001 @
b10000 E
b1011 3
1'
#208800
0'
#212400
17
b1110111010111100 @
0B
1D
1?
b11 :
b101 %
b101 6
b101 ;
b10000 E
b1100 3
1'
#216000
0'
#219600
0D
17
b1001110011010101 @
b10000 E
b1101 3
1'
#223200
0'
#226800
17
b1000010101001000 @
1D
b10000 E
b1110 3
1'
#230400
0'
#234000
0D
07
b1011011100011110 @
b10000 E
b1111 3
1'
#237600
0'
#241200
17
b1000010001010111 @
1D
0C
b10000 E
b10000 3
1'
#244800
0'
#248400
0D
1B
0A
07
b1110110110100110 @
b10000 E
b10001 3
1'
#252000
0'
#255600
07
b110101111100011 @
0B
1D
0?
b100 :
b1010 %
b1010 6
b1010 ;
b10000 E
b10010 3
1'
#259200
0'
#262800
0D
07
b111100100101100 @
b10000 E
b10011 3
1'
#266400
0'
#270000
07
b101011001111000 @
1D
b10000 E
b10100 3
1'
#273600
0'
#277200
0D
07
b1011111111100 @
b10000 E
b10101 3
1'
#280800
0'
#284400
07
b11001001001010 @
1D
b10000 E
b10110 3
1'
#288000
0'
#291600
0D
17
b10101001011111 @
b10000 E
b10111 3
1'
#295200
0'
#298800
07
b1101010000111111 @
1D
1C
b10000 E
b11000 3
1'
#302400
0'
#306000
0D
1B
1A
17
b101001001001 @
b10000 E
b11001 3
1'
#309600
0'
#313200
07
b101010100011101 @
0B
1D
1?
b101 :
b10101 %
b10101 6
b10101 ;
b10000 E
b11010 3
1'
#316800
0'
#320400
0D
1B
17
b1011101011110101 @
b10000 E
b11011 3
1'
#324000
0'
#327600
17
b10101101010010 @
0B
1D
b1 >
b110 :
b101011 %
b101011 6
b101011 ;
b10000 E
b11100 3
1'
#331200
0'
#334800
0D
07
b11000100010 @
b10000 E
b11101 3
1'
#338400
0'
#342000
17
b1101111011111110 @
1D
0C
b10000 E
b11110 3
1'
#345600
0'
#349200
0D
1B
0A
07
b1011111010111000 @
b10000 E
b11111 3
1'
#352800
0'
#356400
17
b110011010111111 @
0B
1D
0?
b0 >
b111 :
b1010110 %
b1010110 6
b1010110 ;
b10000 E
b100000 3
1'
#360000
0'
#363600
0D
1B
07
b101101010000111 @
b10000 E
b100001 3
1'
#367200
0'
#370800
07
b1100011000000011 @
0B
1D
b1 >
b1000 :
b10101100 %
b10101100 6
b10101100 ;
b10000 E
b100010 3
1'
#374400
0'
#378000
0D
17
b101000000100011 @
b10000 E
b100011 3
1'
#381600
0'
#385200
07
b100001001011100 @
1D
1C
b10000 E
b100100 3
1'
#388800
0'
#392400
0D
1B
1A
07
b1111011110000101 @
b10000 E
b100101 3
1'
#396000
0'
#399600
17
b1110000100111011 @
0B
1D
0C
1?
b0 >
b1001 :
b101011001 %
b101011001 6
b101011001 ;
b10000 E
b100110 3
1'
#403200
0'
#406800
0D
1B
0A
07
b1111101000010111 @
b10000 E
b100111 3
1'
#410400
0'
#414000
07
b1000010110100100 @
0B
1D
0?
b1010 :
b1010110010 %
b1010110010 6
b1010110010 ;
b10000 E
b101000 3
1'
#417600
0'
#421200
0D
07
b111110101000111 @
b10000 E
b101001 3
1'
#424800
0'
#428400
07
b1111000110100001 @
1D
b10000 E
b101010 3
1'
#432000
0'
#435600
0D
07
b1001011010011111 @
b10000 E
b101011 3
1'
#439200
0'
#442800
17
b1111100000000101 @
1D
b10000 E
b101100 3
1'
#446400
0'
#450000
0D
1B
07
b101000011101000 @
b10000 E
b101101 3
1'
#453600
0'
#457200
07
b10101001101110 @
0B
1D
b1 >
b1011 :
b10101100100 %
b10101100100 6
b10101100100 ;
b10000 E
b101110 3
1'
#460800
0'
#464400
0D
07
b1111000111001101 @
b10000 E
b101111 3
1'
#468000
0'
#471600
07
b11011101011 @
1D
b10000 E
b110000 3
1'
#475200
0'
#478800
0D
17
b110000100000 @
b10000 E
b110001 3
1'
#482400
0'
#486000
07
b11011001001101 @
1D
1C
b10000 E
b110010 3
1'
#489600
0'
#493200
0D
1B
1A
17
b11110011001101 @
b10000 E
b110011 3
1'
#496800
0'
#500400
17
b1010010011111111 @
0B
1D
1?
b0 >
b1100 :
b101011001001 %
b101011001001 6
b101011001001 ;
b10000 E
b110100 3
1'
#504000
0'
#507600
0D
07
b1101100001101010 @
b10000 E
b110101 3
1'
#511200
0'
#514800
17
b111011001001011 @
1D
0C
b10000 E
b110110 3
1'
#518400
0'
#522000
0D
1B
0A
07
b10101111010111 @
b10000 E
b110111 3
1'
#525600
0'
#529200
07
b1101100010010110 @
0B
1D
0?
b1101 :
b1010110010010 %
b1010110010010 6
b1010110010010 ;
b10000 E
b111000 3
1'
#532800
0'
#536400
0D
17
b1100100110010010 @
b10000 E
b111001 3
1'
#540000
0'
#543600
07
b101011101110011 @
1D
1C
b10000 E
b111010 3
1'
#547200
0'
#550800
0D
1B
1A
07
b1101110001110000 @
b10000 E
b111011 3
1'
#554400
0'
#558000
07
b1011001100100000 @
0B
1D
0C
1?
b1110 :
b10101100100101 %
b10101100100101 6
b10101100100101 ;
b10000 E
b111100 3
1'
#561600
0'
#565200
0D
17
b101111110 @
b10000 E
b111101 3
1'
#568800
0'
#572400
07
b11101001100110 @
1D
1C
b10000 E
b111110 3
1'
#576000
0'
#579600
0D
1B
07
b1101000100110101 @
b10000 E
b111111 3
1'
#583200
0'
#586800
17
b1111111110010010 @
0B
1D
0C
b1 >
b1111 :
b101011001001011 %
b101011001001011 6
b101011001001011 ;
b10000 E
b1000000 3
1'
#590400
0'
#594000
0D
1B
0A
07
b1000000101001011 @
b10000 E
b1000001 3
1'
#597600
0'
#601200
17
b1111011101010000 @
0B
1D
0?
b0 >
b10000 :
b1010110010010110 %
b1010110010010110 6
b1010110010010110 ;
b10000 E
b1000010 3
1'
#604800
0'
#608400
0D
1B
17
b1101101100111 @
b10000 E
b1000011 3
1'
#612000
0'
#615600
07
b1011001110000000 @
0B
1D
1C
b1 >
b10001 :
b10101100100101100 %
b10101100100101100 6
b10101100100101100 ;
b10000 E
b1000100 3
1'
#619200
0'
#622800
0D
1B
1A
17
b100110110111100 @
b10000 E
b1000101 3
1'
#626400
0'
#630000
17
b1001110010010111 @
0B
1D
1?
b0 >
b10010 :
b101011001001011001 %
b101011001001011001 6
b101011001001011001 ;
b10000 E
b1000110 3
1'
#633600
0'
#637200
0D
17
b1101110110111111 @
b10000 E
b1000111 3
1'
#640800
0'
#644400
17
b111011011000000 @
1D
b10000 E
b1001000 3
1'
#648000
0'
#651600
0D
17
b1110111001 @
b10000 E
b1001001 3
1'
#655200
0'
#658800
17
b1010001100100101 @
1D
b10000 E
b1001010 3
1'
#662400
0'
#666000
0D
17
b1001111011111100 @
b10000 E
b1001011 3
1'
#669600
0'
#673200
07
b1100011100001011 @
1D
b10000 E
b1001100 3
1'
#676800
0'
#680400
0D
1B
17
b1001011100111001 @
b10000 E
b1001101 3
1'
#684000
0'
#687600
17
b1010110011100011 @
0B
1D
b1 >
b10011 :
b1010110010010110011 %
b1010110010010110011 6
b1010110010010110011 ;
b10000 E
b1001110 3
1'
#691200
0'
#694800
0D
17
b110101010100001 @
b10000 E
b1001111 3
1'
#698400
0'
#702000
17
b1000000110100001 @
1D
b10000 E
b1010000 3
1'
#705600
0'
#709200
0D
07
b1110100010010011 @
b10000 E
b1010001 3
1'
#712800
0'
#716400
07
b1111101000110000 @
1D
0C
b10000 E
b1010010 3
1'
#720000
0'
#723600
0D
17
b1111111011101011 @
b10000 E
b1010011 3
1'
#727200
0'
#730800
07
b1010100101000111 @
1D
1C
b10000 E
b1010100 3
1'
#734400
0'
#738000
0D
1B
07
b1000000100101011 @
b10000 E
b1010101 3
1'
#741600
0'
#745200
17
b10001110111 @
0B
1D
0C
b10 >
b10100 :
b10101100100101100111 %
b10101100100101100111 6
b10101100100101100111 ;
b10000 E
b1010110 3
1'
#748800
0'
#752400
0D
1B
0A
07
b101011100000001 @
b10000 E
b1010111 3
1'
#756000
0'
#759600
17
b110101001011101 @
0B
1D
0?
b0 >
b10101 :
b101011001001011001110 %
b101011001001011001110 6
b101011001001011001110 ;
b10000 E
b1011000 3
1'
#763200
0'
#766800
0D
1B
07
b100100011010001 @
b10000 E
b1011001 3
1'
#770400
0'
#774000
07
b1110111110111010 @
0B
1D
b1 >
b10110 :
b1010110010010110011100 %
b1010110010010110011100 6
b1010110010010110011100 ;
b10000 E
b1011010 3
1'
#777600
0'
#781200
0D
07
b100001010000010 @
b10000 E
b1011011 3
1'
#784800
0'
#788400
07
b101100111001010 @
1D
b10000 E
b1011100 3
1'
#792000
0'
#795600
0D
17
b100000110011 @
b10000 E
b1011101 3
1'
#799200
0'
#802800
17
b1000110010010011 @
1D
1C
b10000 E
b1011110 3
1'
#806400
0'
#810000
0D
17
b1011010010011110 @
b10000 E
b1011111 3
1'
#813600
0'
#817200
17
b1101010110111000 @
1D
b10000 E
b1100000 3
1'
#820800
0'
#824400
0D
07
b1111110001000100 @
b10000 E
b1100001 3
1'
#828000
0'
#831600
07
b1100010001000110 @
1D
0C
b10000 E
b1100010 3
1'
#835200
0'
#838800
0D
07
b101101101111111 @
b10000 E
b1100011 3
1'
#842400
0'
#846000
17
b100110011001010 @
1D
b10000 E
b1100100 3
1'
#849600
0'
#853200
0D
1B
17
b100101100001 @
b10000 E
b1100101 3
1'
#856800
0'
#860400
07
b100100011100001 @
0B
1D
1C
b10 >
b10111 :
b10101100100101100111000 %
b10101100100101100111000 6
b10101100100101100111000 ;
b10000 E
b1100110 3
1'
#864000
0'
#867600
0D
1B
1A
17
b110011010100001 @
b10000 E
b1100111 3
1'
#871200
0'
#874800
07
b110010001111001 @
0B
1D
1?
b0 >
b11000 :
b101011001001011001110001 %
b101011001001011001110001 6
b101011001001011001110001 ;
b10000 E
b1101000 3
1'
#878400
0'
#882000
0D
1B
17
b10011000011000 @
b10000 E
b1101001 3
1'
#885600
0'
#889200
17
b1101011110001001 @
0B
1D
b1 >
b11001 :
b1010110010010110011100011 %
b1010110010010110011100011 6
b1010110010010110011100011 ;
b10000 E
b1101010 3
1'
#892800
0'
#896400
0D
07
b100110010111001 @
b10000 E
b1101011 3
1'
#900000
0'
#903600
07
b10100100001110 @
1D
0C
b10000 E
b1101100 3
1'
#907200
0'
#910800
0D
17
b111111010111111 @
b10000 E
b1101101 3
1'
#914400
0'
#918000
17
b1010111111000111 @
1D
1C
b10000 E
b1101110 3
1'
#921600
0'
#925200
0D
17
b10110001100000 @
b10000 E
b1101111 3
1'
#928800
0'
#932400
07
b1111011110110011 @
1D
b10000 E
b1110000 3
1'
#936000
0'
#939600
0D
1B
17
b111011101111010 @
b10000 E
b1110001 3
1'
#943200
0'
#946800
17
b1001000101011100 @
0B
1D
b10 >
b11010 :
b10101100100101100111000111 %
b10101100100101100111000111 6
b10101100100101100111000111 ;
b10000 E
b1110010 3
1'
#950400
0'
#954000
0D
07
b11011010011111 @
b10000 E
b1110011 3
1'
#957600
0'
#961200
07
b1001000110111111 @
1D
0C
b10000 E
b1110100 3
1'
#964800
0'
#968400
0D
17
b100011001011010 @
b10000 E
b1110101 3
1'
#972000
0'
#975600
07
b110011111000010 @
1D
1C
b10000 E
b1110110 3
1'
#979200
0'
#982800
0D
1B
17
b111101001000001 @
b10000 E
b1110111 3
1'
#986400
0'
#990000
07
b1010101001001011 @
0B
1D
b11 >
b11011 :
b101011001001011001110001111 %
b101011001001011001110001111 6
b101011001001011001110001111 ;
b10000 E
b1111000 3
1'
#993600
0'
#997200
0D
1B
07
b101101000110110 @
b10000 E
b1111001 3
1'
#1000800
0'
#1004400
07
b110001011000001 @
0B
1D
0C
b100 >
b11100 :
b1010110010010110011100011111 %
b1010110010010110011100011111 6
b1010110010010110011100011111 ;
b10000 E
b1111010 3
1'
#1008000
0'
#1011600
0D
17
b1001000010000000 @
b10000 E
b1111011 3
1'
#1015200
0'
#1018800
07
b10101010010010 @
1D
1C
b10000 E
b1111100 3
1'
#1022400
0'
#1026000
0D
1B
07
b1100101100000010 @
b10000 E
b1111101 3
1'
#1029600
0'
#1033200
07
b1000010110001001 @
0B
1D
0C
b101 >
b11101 :
b10101100100101100111000111111 %
b10101100100101100111000111111 6
b10101100100101100111000111111 ;
b10000 E
b1111110 3
1'
#1036800
0'
#1040400
0D
07
b1110110110011111 @
b10000 E
b1111111 3
1'
#1044000
0'
#1047600
17
b11000001000101 @
1D
b10000 E
b10000000 3
1'
#1051200
0'
#1054800
0D
1B
0A
07
b1001000000010100 @
b10000 E
b10000001 3
1'
#1058400
0'
#1062000
07
b1010101000110 @
0B
1D
0?
b0 >
b11110 :
b101011001001011001110001111110 %
b101011001001011001110001111110 6
b101011001001011001110001111110 ;
b10000 E
b10000010 3
1'
#1065600
0'
#1069200
0D
07
b1110011101000001 @
b10000 E
b10000011 3
1'
#1072800
0'
#1076400
17
b1101001101111101 @
1D
b10000 E
b10000100 3
1'
#1080000
0'
#1083600
0D
1B
17
b1011011000000 @
b10000 E
b10000101 3
1'
#1087200
0'
#1090800
07
b111101001100001 @
0B
1D
1C
b1 >
b11111 :
b1010110010010110011100011111100 %
b1010110010010110011100011111100 6
b1010110010010110011100011111100 ;
b10000 E
b10000110 3
1'
#1094400
0'
#1098000
0D
1B
1A
17
b111101101110000 @
b10000 E
b10000111 3
1'
#1101600
0'
#1105200
07
b110110010100101 @
0B
1D
1?
b0 >
b100000 :
b10101100100101100111000111111001 %
b10101100100101100111000111111001 6
b10101100100101100111000111111001 ;
b10000 E
b10001000 3
1'
#1108800
0'
#1112400
0D
1B
07
b1000000010000000 @
b10000 E
b10001001 3
1'
#1116000
0'
#1119600
17
b1001010000010111 @
0B
1D
0C
b1 >
b100001 :
b101011001001011001110001111110011 %
b101011001001011001110001111110011 6
b101011001001011001110001111110011 ;
b10000 E
b10001010 3
1'
#1123200
0'
#1126800
0D
1B
0A
07
b111011010111111 @
b10000 E
b10001011 3
1'
#1130400
0'
#1134000
17
b1001010000001111 @
0B
1D
0?
b0 >
b100010 :
b1010110010010110011100011111100110 %
b1010110010010110011100011111100110 6
b1010110010010110011100011111100110 ;
b10000 E
b10001100 3
1'
#1137600
0'
#1141200
0D
1B
17
b100010000110010 @
b10000 E
b10001101 3
1'
#1144800
0'
#1148400
07
b100010100110100 @
0B
1D
1C
b1 >
b100011 :
b10101100100101100111000111111001100 %
b10101100100101100111000111111001100 6
b10101100100101100111000111111001100 ;
b10000 E
b10001110 3
1'
#1152000
0'
#1155600
0D
1B
1A
07
b1110111001111000 @
b10000 E
b10001111 3
1'
#1159200
0'
#1162800
07
b111010110010010 @
0B
1D
0C
1?
b0 >
b100100 :
b101011001001011001110001111110011001 %
b101011001001011001110001111110011001 6
b101011001001011001110001111110011001 ;
b10000 E
b10010000 3
1'
#1166400
0'
#1170000
0D
07
b11001000010101 @
b10000 E
b10010001 3
1'
#1173600
0'
#1177200
07
b110000111111 @
1D
b10000 E
b10010010 3
1'
#1180800
0'
#1184400
0D
17
b1101110001101100 @
b10000 E
b10010011 3
1'
#1188000
0'
#1191600
07
b1111001110100011 @
1D
1C
b10000 E
b10010100 3
1'
#1195200
0'
#1198800
0D
1B
07
b10001111010110 @
b10000 E
b10010101 3
1'
#1202400
0'
#1206000
07
b1100000001101001 @
0B
1D
0C
b1 >
b100101 :
b1010110010010110011100011111100110011 %
b1010110010010110011100011111100110011 6
b1010110010010110011100011111100110011 ;
b10000 E
b10010110 3
1'
#1209600
0'
#1213200
0D
07
b101010101101001 @
b10000 E
b10010111 3
1'
#1216800
0'
#1220400
17
b1001010011011101 @
1D
b10000 E
b10011000 3
1'
#1224000
0'
#1227600
0D
1B
0A
17
b1111101011111101 @
b10000 E
b10011001 3
1'
#1231200
0'
#1234800
17
b111101010100011 @
0B
1D
1C
0?
b0 >
b100110 :
b10101100100101100111000111111001100110 %
b10101100100101100111000111111001100110 6
b10101100100101100111000111111001100110 ;
b10000 E
b10011010 3
1'
#1238400
0'
#1242000
0D
17
b1000111100110011 @
b10000 E
b10011011 3
1'
#1245600
0'
#1249200
07
b1001110110111100 @
1D
b10000 E
b10011100 3
1'
#1252800
0'
#1256400
0D
1B
1A
07
b1001100101101001 @
b10000 E
b10011101 3
1'
#1260000
0'
#1263600
07
b1100011010000001 @
0B
1D
0C
1?
b100111 :
b101011001001011001110001111110011001101 %
b101011001001011001110001111110011001101 6
b101011001001011001110001111110011001101 ;
b10000 E
b10011110 3
1'
#1267200
0'
#1270800
0D
07
b111011100110011 @
b10000 E
b10011111 3
1'
#1274400
0'
#1278000
17
b1010010100010101 @
1D
b10000 E
b10100000 3
1'
#1281600
0'
#1285200
0D
1B
0A
07
b101010111011101 @
b10000 E
b10100001 3
1'
#1288800
0'
#1292400
17
b1101101010000111 @
0B
1D
0?
b101000 :
b1010110010010110011100011111100110011010 %
b1010110010010110011100011111100110011010 6
b1010110010010110011100011111100110011010 ;
b10000 E
b10100010 3
1'
#1296000
0'
#1299600
0D
1B
17
b110100011110110 @
b10000 E
b10100011 3
1'
#1303200
0'
#1306800
07
b1011011000011010 @
0B
1D
1C
b1 >
b101001 :
b10101100100101100111000111111001100110100 %
b10101100100101100111000111111001100110100 6
b10101100100101100111000111111001100110100 ;
b10000 E
b10100100 3
1'
#1310400
0'
#1314000
0D
1B
1A
07
b1100101100110111 @
b10000 E
b10100101 3
1'
#1317600
0'
#1321200
17
b100000001011001 @
0B
1D
0C
1?
b0 >
b101010 :
b101011001001011001110001111110011001101001 %
b101011001001011001110001111110011001101001 6
b101011001001011001110001111110011001101001 ;
b10000 E
b10100110 3
1'
#1324800
0'
#1328400
0D
1B
0A
17
b1110100000101001 @
b10000 E
b10100111 3
1'
#1332000
0'
#1335600
17
b1000100001110000 @
0B
1D
1C
0?
b101011 :
b1010110010010110011100011111100110011010010 %
b1010110010010110011100011111100110011010010 6
b1010110010010110011100011111100110011010010 ;
b10000 E
b10101000 3
1'
#1339200
0'
#1342800
0D
07
b1100011111001000 @
b10000 E
b10101001 3
1'
#1346400
0'
#1350000
07
b111111111110010 @
1D
0C
b10000 E
b10101010 3
1'
#1353600
0'
#1357200
0D
17
b101101111001001 @
b10000 E
b10101011 3
1'
#1360800
0'
#1364400
17
b101101000110111 @
1D
1C
b10000 E
b10101100 3
1'
#1368000
0'
#1371600
0D
17
b1011011100000111 @
b10000 E
b10101101 3
1'
#1375200
0'
#1378800
17
b1001100011001001 @
1D
b10000 E
b10101110 3
1'
#1382400
0'
#1386000
0D
07
b100000101011010 @
b10000 E
b10101111 3
1'
#1389600
0'
#1393200
07
b10000111111001 @
1D
0C
b10000 E
b10110000 3
1'
#1396800
0'
#1400400
0D
17
b1110001011101010 @
b10000 E
b10110001 3
1'
#1404000
0'
#1407600
17
b10011100111000 @
1D
1C
b10000 E
b10110010 3
1'
#1411200
0'
#1414800
0D
07
b1101010001011111 @
b10000 E
b10110011 3
1'
#1418400
0'
#1422000
07
b1101011011111101 @
1D
0C
b10000 E
b10110100 3
1'
#1425600
0'
#1429200
0D
17
b111100110001 @
b10000 E
b10110101 3
1'
#1432800
0'
#1436400
07
b1001001110001101 @
1D
1C
b10000 E
b10110110 3
1'
#1440000
0'
#1443600
0D
1B
1A
07
b1100111111111010 @
b10000 E
b10110111 3
1'
#1447200
0'
#1450800
07
b101011000110000 @
0B
1D
0C
1?
b101100 :
b10101100100101100111000111111001100110100101 %
b10101100100101100111000111111001100110100101 6
b10101100100101100111000111111001100110100101 ;
b10000 E
b10111000 3
1'
#1454400
0'
#1458000
0D
07
b1111001110100110 @
b10000 E
b10111001 3
1'
#1461600
0'
#1465200
07
b1001110111011001 @
1D
b10000 E
b10111010 3
1'
#1468800
0'
#1472400
0D
17
b1010001011001111 @
b10000 E
b10111011 3
1'
#1476000
0'
#1479600
17
b101100111000111 @
1D
1C
b10000 E
b10111100 3
1'
#1483200
0'
#1486800
0D
07
b101010110001 @
b10000 E
b10111101 3
1'
#1490400
0'
#1494000
07
b1011011100011 @
1D
0C
b10000 E
b10111110 3
1'
#1497600
0'
#1501200
0D
07
b1110010101011 @
b10000 E
b10111111 3
1'
#1504800
0'
#1508400
07
b1001110100111000 @
1D
b10000 E
b11000000 3
1'
#1512000
0'
#1515600
0D
17
b1010111011110110 @
b10000 E
b11000001 3
1'
#1519200
0'
#1522800
17
b100000101110101 @
1D
1C
b10000 E
b11000010 3
1'
#1526400
0'
#1530000
0D
17
b1101011100110100 @
b10000 E
b11000011 3
1'
#1533600
0'
#1537200
17
b100100000100110 @
1D
b10000 E
b11000100 3
1'
#1540800
0'
#1544400
0D
17
b11110000100 @
b10000 E
b11000101 3
1'
#1548000
0'
#1551600
07
b110111101000100 @
1D
b10000 E
b11000110 3
1'
#1555200
0'
#1558800
0D
1B
07
b111100011011101 @
b10000 E
b11000111 3
1'
#1562400
0'
#1566000
17
b11101000001101 @
0B
1D
0C
b1 >
b101101 :
b101011001001011001110001111110011001101001011 %
b101011001001011001110001111110011001101001011 6
b101011001001011001110001111110011001101001011 ;
b10000 E
b11001000 3
1'
#1569600
0'
#1573200
0D
1B
0A
17
b101010100101010 @
b10000 E
b11001001 3
1'
#1576800
0'
#1580400
07
b110000001010 @
0B
1D
1C
0?
b0 >
b101110 :
b1010110010010110011100011111100110011010010110 %
b1010110010010110011100011111100110011010010110 6
b1010110010010110011100011111100110011010010110 ;
b10000 E
b11001010 3
1'
#1584000
0'
#1587600
0D
1B
1A
07
b101111011000100 @
b10000 E
b11001011 3
1'
#1591200
0'
#1594800
17
b1011110000100010 @
0B
1D
0C
1?
b101111 :
b10101100100101100111000111111001100110100101101 %
b10101100100101100111000111111001100110100101101 6
b10101100100101100111000111111001100110100101101 ;
b10000 E
b11001100 3
1'
#1598400
0'
#1602000
0D
1B
0A
17
b1011011010110010 @
b10000 E
b11001101 3
1'
#1605600
0'
#1609200
07
b1100110000100001 @
0B
1D
1C
0?
b110000 :
b101011001001011001110001111110011001101001011010 %
b101011001001011001110001111110011001101001011010 6
b101011001001011001110001111110011001101001011010 ;
b10000 E
b11001110 3
1'
#1612800
0'
#1616400
0D
1B
1A
07
b1111111000101100 @
b10000 E
b11001111 3
1'
#1620000
0'
#1623600
07
b1110011000010000 @
0B
1D
0C
1?
b110001 :
b1010110010010110011100011111100110011010010110101 %
b1010110010010110011100011111100110011010010110101 6
b1010110010010110011100011111100110011010010110101 ;
b10000 E
b11010000 3
1'
#1627200
0'
#1630800
0D
17
b1110001010100100 @
b10000 E
b11010001 3
1'
#1634400
0'
#1638000
07
b1000110011100101 @
1D
1C
b10000 E
b11010010 3
1'
#1641600
0'
#1645200
0D
1B
07
b11100011000001 @
b10000 E
b11010011 3
1'
#1648800
0'
#1652400
07
b1111100110100011 @
0B
1D
0C
b1 >
b110010 :
b10101100100101100111000111111001100110100101101011 %
b10101100100101100111000111111001100110100101101011 6
b10101100100101100111000111111001100110100101101011 ;
b10000 E
b11010100 3
1'
#1656000
0'
#1659600
0D
17
b1000100011011010 @
b10000 E
b11010101 3
1'
#1663200
0'
#1666800
07
b100111010111000 @
1D
1C
b10000 E
b11010110 3
1'
#1670400
0'
#1674000
0D
1B
17
b1100010011011011 @
b10000 E
b11010111 3
1'
#1677600
0'
#1681200
17
b11010101010001 @
0B
1D
b10 >
b110011 :
b101011001001011001110001111110011001101001011010111 %
b101011001001011001110001111110011001101001011010111 6
b101011001001011001110001111110011001101001011010111 ;
b10000 E
b11011000 3
1'
#1684800
0'
#1688400
0D
17
b1101110011010100 @
b10000 E
b11011001 3
1'
#1692000
0'
#1695600
07
b1100110001001110 @
1D
b10000 E
b11011010 3
1'
#1699200
0'
#1702800
0D
1B
07
b110111110110010 @
b10000 E
b11011011 3
1'
#1706400
0'
#1710000
07
b1011011001100111 @
0B
1D
0C
b11 >
b110100 :
b1010110010010110011100011111100110011010010110101111 %
b1010110010010110011100011111100110011010010110101111 6
b1010110010010110011100011111100110011010010110101111 ;
b10000 E
b11011100 3
1'
#1713600
0'
#1717200
0D
07
b1101110110110001 @
b10000 E
b11011101 3
1'
#1720800
0'
#1724400
07
b1001111101011100 @
1D
b10000 E
b11011110 3
1'
#1728000
0'
#1731600
0D
07
b1011101110111000 @
b10000 E
b11011111 3
1'
#1735200
0'
#1738800
07
b1011100100001 @
1D
b10000 E
b11100000 3
1'
#1742400
0'
#1746000
0D
17
b1000111000101010 @
b10000 E
b11100001 3
1'
#1749600
0'
#1753200
07
b1001011011110000 @
1D
1C
b10000 E
b11100010 3
1'
#1756800
0'
#1760400
0D
1B
07
b1000100110111111 @
b10000 E
b11100011 3
1'
#1764000
0'
#1767600
07
b1001010110110100 @
0B
1D
0C
b100 >
b110101 :
b10101100100101100111000111111001100110100101101011111 %
b10101100100101100111000111111001100110100101101011111 6
b10101100100101100111000111111001100110100101101011111 ;
b10000 E
b11100100 3
1'
#1771200
0'
#1774800
0D
07
b11011111101010 @
b10000 E
b11100101 3
1'
#1778400
0'
#1782000
07
b11001001110011 @
1D
b10000 E
b11100110 3
1'
#1785600
0'
#1789200
0D
17
b1111101111111111 @
b10000 E
b11100111 3
1'
#1792800
0'
#1796400
07
b1111001100111100 @
1D
1C
b10000 E
b11101000 3
1'
#1800000
0'
#1803600
0D
1B
17
b1100110000001101 @
b10000 E
b11101001 3
1'
#1807200
0'
#1810800
17
b1111101101100101 @
0B
1D
b101 >
b110110 :
b101011001001011001110001111110011001101001011010111111 %
b101011001001011001110001111110011001101001011010111111 6
b101011001001011001110001111110011001101001011010111111 ;
b10000 E
b11101010 3
1'
#1814400
0'
#1818000
0D
17
b101111010100011 @
b10000 E
b11101011 3
1'
#1821600
0'
#1825200
17
b1100010100101001 @
1D
b10000 E
b11101100 3
1'
#1828800
0'
#1832400
0D
17
b1100101101011001 @
b10000 E
b11101101 3
1'
#1836000
0'
#1839600
17
b1001000010100001 @
1D
b10000 E
b11101110 3
1'
#1843200
0'
#1846800
0D
07
b1101101011010 @
b10000 E
b11101111 3
1'
#1850400
0'
#1854000
07
b1111001101100101 @
1D
0C
b10000 E
b11110000 3
1'
#1857600
0'
#1861200
0D
17
b110010101110 @
b10000 E
b11110001 3
1'
#1864800
0'
#1868400
17
b1110010000100000 @
1D
1C
b10000 E
b11110010 3
1'
#1872000
0'
#1875600
0D
17
b1101110010000111 @
b10000 E
b11110011 3
1'
#1879200
0'
#1882800
17
b1101001100101011 @
1D
b10000 E
b11110100 3
1'
#1886400
0'
#1890000
0D
07
b1001110010110100 @
b10000 E
b11110101 3
1'
#1893600
0'
#1897200
17
b11000011100000 @
1D
0C
b10000 E
b11110110 3
1'
#1900800
0'
#1904400
0D
1B
0A
07
b1010011100100 @
b10000 E
b11110111 3
1'
#1908000
0'
#1911600
07
b11000001101010 @
0B
1D
0?
b0 >
b110111 :
b1010110010010110011100011111100110011010010110101111110 %
b1010110010010110011100011111100110011010010110101111110 6
b1010110010010110011100011111100110011010010110101111110 ;
b10000 E
b11111000 3
1'
#1915200
0'
#1918800
0D
17
b111010100111001 @
b10000 E
b11111001 3
1'
#1922400
0'
#1926000
07
b1000110101101001 @
1D
1C
b10000 E
b11111010 3
1'
#1929600
0'
#1933200
0D
1B
1A
07
b1000010001101111 @
b10000 E
b11111011 3
1'
#1936800
0'
#1940400
17
b1011110011011110 @
0B
1D
0C
1?
b111000 :
b10101100100101100111000111111001100110100101101011111101 %
b10101100100101100111000111111001100110100101101011111101 6
b10101100100101100111000111111001100110100101101011111101 ;
b10000 E
b11111100 3
1'
#1944000
0'
#1947600
0D
1B
0A
07
b1001101011010100 @
b10000 E
b11111101 3
1'
#1951200
0'
#1954800
17
b110011010001100 @
0B
1D
0?
b111001 :
b101011001001011001110001111110011001101001011010111111010 %
b101011001001011001110001111110011001101001011010111111010 6
b101011001001011001110001111110011001101001011010111111010 ;
b10000 E
b11111110 3
1'
#1958400
0'
#1962000
0D
1B
17
b110011010101101 @
b10000 E
b11111111 3
1'
#1965600
0'
#1969200
07
b1000110010101011 @
0B
1D
1C
b1 >
b111010 :
b1010110010010110011100011111100110011010010110101111110100 %
b1010110010010110011100011111100110011010010110101111110100 6
b1010110010010110011100011111100110011010010110101111110100 ;
b10000 E
b100000000 3
1'
#1972800
0'
#1976400
0D
1B
1A
17
b1010011111101101 @
b10000 E
b100000001 3
1'
#1980000
0'
#1983600
17
b1011000101110011 @
0B
1D
1?
b0 >
b111011 :
b10101100100101100111000111111001100110100101101011111101001 %
b10101100100101100111000111111001100110100101101011111101001 6
b10101100100101100111000111111001100110100101101011111101001 ;
b10000 E
b100000010 3
1'
#1987200
0'
#1990800
0D
17
b101001101001111 @
b10000 E
b100000011 3
1'
#1994400
0'
#1998000
17
b101000101010101 @
1D
b10000 E
b100000100 3
1'
#2001600
0'
#2005200
0D
17
b110000000000001 @
b10000 E
b100000101 3
1'
#2008800
0'
#2012400
17
b1101100100 @
1D
b10000 E
b100000110 3
1'
#2016000
0'
#2019600
0D
17
b1100011000001 @
b10000 E
b100000111 3
1'
#2023200
0'
#2026800
17
b11011001111100 @
1D
b10000 E
b100001000 3
1'
#2030400
0'
#2034000
0D
07
b1110000010001111 @
b10000 E
b100001001 3
1'
#2037600
0'
#2041200
07
b1101001011101110 @
1D
0C
b10000 E
b100001010 3
1'
#2044800
0'
#2048400
0D
07
b1000000111010111 @
b10000 E
b100001011 3
1'
#2052000
0'
#2055600
17
b1000101101 @
1D
b10000 E
b100001100 3
1'
#2059200
0'
#2062800
0D
1B
0A
07
b1011110001011011 @
b10000 E
b100001101 3
1'
#2066400
0'
#2070000
07
b1101111000001001 @
0B
1D
0?
b111100 :
b101011001001011001110001111110011001101001011010111111010010 %
b101011001001011001110001111110011001101001011010111111010010 6
b101011001001011001110001111110011001101001011010111111010010 ;
b10000 E
b100001110 3
1'
#2073600
0'
#2077200
0D
17
b1010011110100 @
b10000 E
b100001111 3
1'
#2080800
0'
#2084400
17
b1100011111000011 @
1D
1C
b10000 E
b100010000 3
1'
#2088000
0'
#2091600
0D
07
b100100011000110 @
b10000 E
b100010001 3
1'
#2095200
0'
#2098800
07
b1100011100010 @
1D
0C
b10000 E
b100010010 3
1'
#2102400
0'
#2106000
0D
17
b11001011010100 @
b10000 E
b100010011 3
1'
#2109600
0'
#2113200
07
b1110111111111011 @
1D
1C
b10000 E
b100010100 3
1'
#2116800
0'
#2120400
0D
1B
1A
07
b1011000011100000 @
b10000 E
b100010101 3
1'
#2124000
0'
#2127600
07
b1001100100110011 @
0B
1D
0C
1?
b111101 :
b1010110010010110011100011111100110011010010110101111110100101 %
b1010110010010110011100011111100110011010010110101111110100101 6
b1010110010010110011100011111100110011010010110101111110100101 ;
b10000 E
b100010110 3
1'
#2131200
0'
#2134800
0D
07
b100000000011010 @
b10000 E
b100010111 3
1'
#2138400
0'
#2142000
07
b110100100010100 @
1D
b10000 E
b100011000 3
1'
#2145600
0'
#2149200
0D
17
b100111110100 @
b10000 E
b100011001 3
1'
#2152800
0'
#2156400
17
b1011100000010000 @
1D
1C
b10000 E
b100011010 3
1'
#2160000
0'
#2163600
0D
17
b10000011101101 @
b10000 E
b100011011 3
1'
#2167200
0'
#2170800
07
b1110011110110001 @
1D
b10000 E
b100011100 3
1'
#2174400
0'
#2178000
0D
1B
17
b1101111100101011 @
b10000 E
b100011101 3
1'
#2181600
0'
#2185200
17
b11011110011010 @
0B
1D
b1 >
b111110 :
b10101100100101100111000111111001100110100101101011111101001011 %
b10101100100101100111000111111001100110100101101011111101001011 6
b10101100100101100111000111111001100110100101101011111101001011 ;
b10000 E
b100011110 3
1'
#2188800
0'
#2192400
0D
07
b1011011100010100 @
b10000 E
b100011111 3
1'
#2196000
0'
#2199600
17
b1011101100100101 @
1D
0C
b10000 E
b100100000 3
1'
#2203200
0'
#2206800
0D
1B
0A
17
b1001011011001011 @
b10000 E
b100100001 3
1'
#2210400
0'
#2214000
17
b11110000010101 @
0B
1D
1C
0?
b0 >
b111111 :
b101011001001011001110001111110011001101001011010111111010010110 %
b101011001001011001110001111110011001101001011010111111010010110 6
b101011001001011001110001111110011001101001011010111111010010110 ;
b10000 E
b100100010 3
1'
#2217600
0'
#2221200
0D
17
b1110101101111111 @
b10000 E
b100100011 3
1'
#2224800
0'
#2228400
07
b1010010111 @
1D
b10000 E
b100100100 3
1'
#2232000
0'
#2235600
0D
1B
1A
07
b101001001111111 @
b10000 E
b100100101 3
1'
#2239200
0'
#2242800
17
b11001101111100 @
0B
1D
0C
1?
b1000000 :
b1010110010010110011100011111100110011010010110101111110100101101 %
b1010110010010110011100011111100110011010010110101111110100101101 6
b1010110010010110011100011111100110011010010110101111110100101101 ;
b10000 E
b100100110 3
1'
#2246400
0'
#2250000
0D
1B
0A
07
b1011010010010110 @
b10000 E
b100100111 3
1'
#2253600
0'
#2257200
07
b100111001010110 @
0B
1D
0?
b1000001 :
b10101100100101100111000111111001100110100101101011111101001011010 %
b10101100100101100111000111111001100110100101101011111101001011010 6
b10101100100101100111000111111001100110100101101011111101001011010 ;
b10000 E
b100101000 3
1'
#2260800
0'
#2264400
0D
07
b1110101011101111 @
b10000 E
b100101001 3
1'
#2268000
0'
#2271600
07
b11111000011111 @
1D
b10000 E
b100101010 3
1'
#2275200
0'
#2278800
0D
07
b111000100010111 @
b10000 E
b100101011 3
1'
#2282400
0'
#2286000
17
b10001100011011 @
1D
b10000 E
b100101100 3
1'
#2289600
0'
#2293200
0D
1B
07
b1100101000100010 @
b10000 E
b100101101 3
1'
#2296800
0'
#2300400
17
b1111010110010001 @
0B
1D
b1 >
b1000010 :
b101011001001011001110001111110011001101001011010111111010010110100 %
b101011001001011001110001111110011001101001011010111111010010110100 6
b101011001001011001110001111110011001101001011010111111010010110100 ;
b10000 E
b100101110 3
1'
#2304000
0'
#2307600
0D
1B
17
b1101011111001110 @
b10000 E
b100101111 3
1'
#2311200
0'
#2314800
17
b1001011111101011 @
0B
1D
1C
b10 >
b1000011 :
b1010110010010110011100011111100110011010010110101111110100101101000 %
b1010110010010110011100011111100110011010010110101111110100101101000 6
b1010110010010110011100011111100110011010010110101111110100101101000 ;
b10000 E
b100110000 3
1'
#2318400
0'
#2322000
0D
17
b1100110001111111 @
b10000 E
b100110001 3
1'
#2325600
0'
#2329200
17
b1000000001000100 @
1D
b10000 E
b100110010 3
1'
#2332800
0'
#2336400
0D
07
b111000000111 @
b10000 E
b100110011 3
1'
#2340000
0'
#2343600
07
b1000100100010110 @
1D
0C
b10000 E
b100110100 3
1'
#2347200
0'
#2350800
0D
17
b1100000111111100 @
b10000 E
b100110101 3
1'
#2354400
0'
#2358000
07
b1111100000111 @
1D
1C
b10000 E
b100110110 3
1'
#2361600
0'
#2365200
0D
1B
1A
07
b10111010100110 @
b10000 E
b100110111 3
1'
#2368800
0'
#2372400
07
b10111011010001 @
0B
1D
0C
1?
b0 >
b1000100 :
b10101100100101100111000111111001100110100101101011111101001011010001 %
b10101100100101100111000111111001100110100101101011111101001011010001 6
b10101100100101100111000111111001100110100101101011111101001011010001 ;
b10000 E
b100111000 3
1'
#2376000
0'
#2379600
0D
17
b1010111111111101 @
b10000 E
b100111001 3
1'
#2383200
0'
#2386800
17
b1101001001100111 @
1D
1C
b10000 E
b100111010 3
1'
#2390400
0'
#2394000
0D
17
b10111101111110 @
b10000 E
b100111011 3
1'
#2397600
0'
#2401200
07
b1010001111011000 @
1D
b10000 E
b100111100 3
1'
#2404800
0'
#2408400
0D
1B
07
b111011010101011 @
b10000 E
b100111101 3
1'
#2412000
0'
#2415600
07
b1001001011011010 @
0B
1D
0C
b1 >
b1000101 :
b101011001001011001110001111110011001101001011010111111010010110100011 %
b101011001001011001110001111110011001101001011010111111010010110100011 6
b101011001001011001110001111110011001101001011010111111010010110100011 ;
b10000 E
b100111110 3
1'
#2419200
0'
#2422800
0D
07
b100011010001010 @
b10000 E
b100111111 3
1'
#2426400
0'
#2430000
17
b1111011001100010 @
1D
b10000 E
b101000000 3
1'
#2433600
0'
#2437200
0D
1B
0A
07
b1101100010010110 @
b10000 E
b101000001 3
1'
#2440800
0'
#2444400
07
b100010001000100 @
0B
1D
0?
b0 >
b1000110 :
b1010110010010110011100011111100110011010010110101111110100101101000110 %
b1010110010010110011100011111100110011010010110101111110100101101000110 6
b1010110010010110011100011111100110011010010110101111110100101101000110 ;
b10000 E
b101000010 3
1'
#2448000
0'
#2451600
0D
17
b1000000111111101 @
b10000 E
b101000011 3
1'
#2455200
0'
#2458800
17
b110011000010011 @
1D
1C
b10000 E
b101000100 3
1'
#2462400
0'
#2466000
0D
17
b1111000000100011 @
b10000 E
b101000101 3
1'
#2469600
0'
#2473200
07
b1000010101110011 @
1D
b10000 E
b101000110 3
1'
#2476800
0'
#2480400
0D
1B
1A
17
b1001110011010101 @
b10000 E
b101000111 3
1'
#2484000
0'
#2487600
17
b100011011110110 @
0B
1D
1?
b1000111 :
b10101100100101100111000111111001100110100101101011111101001011010001101 %
b10101100100101100111000111111001100110100101101011111101001011010001101 6
b10101100100101100111000111111001100110100101101011111101001011010001101 ;
b10000 E
b101001000 3
1'
#2491200
0'
#2494800
0D
17
b1110100001100010 @
b10000 E
b101001001 3
1'
#2498400
0'
#2502000
17
b10000010001000 @
1D
b10000 E
b101001010 3
1'
#2505600
0'
#2509200
0D
07
b1100101111110010 @
b10000 E
b101001011 3
1'
#2512800
0'
#2516400
17
b101000100100111 @
1D
0C
b10000 E
b101001100 3
1'
#2520000
0'
#2523600
0D
1B
0A
07
b1001011101011011 @
b10000 E
b101001101 3
1'
#2527200
0'
#2530800
17
b1001100111100000 @
0B
1D
0?
b1001000 :
b101011001001011001110001111110011001101001011010111111010010110100011010 %
b101011001001011001110001111110011001101001011010111111010010110100011010 6
b101011001001011001110001111110011001101001011010111111010010110100011010 ;
b10000 E
b101001110 3
1'
#2534400
0'
#2538000
0D
1B
17
b1100110001 @
b10000 E
b101001111 3
1'
#2541600
0'
#2545200
07
b111111011001010 @
0B
1D
1C
b1 >
b1001001 :
b1010110010010110011100011111100110011010010110101111110100101101000110100 %
b1010110010010110011100011111100110011010010110101111110100101101000110100 6
b1010110010010110011100011111100110011010010110101111110100101101000110100 ;
b10000 E
b101010000 3
1'
#2548800
0'
#2552400
0D
1B
1A
07
b1011111101100100 @
b10000 E
b101010001 3
1'
#2556000
0'
#2559600
17
b1101100000101111 @
0B
1D
0C
1?
b0 >
b1001010 :
b10101100100101100111000111111001100110100101101011111101001011010001101001 %
b10101100100101100111000111111001100110100101101011111101001011010001101001 6
b10101100100101100111000111111001100110100101101011111101001011010001101001 ;
b10000 E
b101010010 3
1'
#2563200
0'
#2566800
0D
1B
0A
17
b1101111000001011 @
b10000 E
b101010011 3
1'
#2570400
0'
#2574000
07
b10001011111100 @
0B
1D
1C
0?
b1001011 :
b101011001001011001110001111110011001101001011010111111010010110100011010010 %
b101011001001011001110001111110011001101001011010111111010010110100011010010 6
b101011001001011001110001111110011001101001011010111111010010110100011010010 ;
b10000 E
b101010100 3
1'
#2577600
0'
#2581200
0D
1B
1A
17
b1001011111000000 @
b10000 E
b101010101 3
1'
#2584800
0'
#2588400
07
b1000100100100110 @
0B
1D
1?
b1001100 :
b1010110010010110011100011111100110011010010110101111110100101101000110100101 %
b1010110010010110011100011111100110011010010110101111110100101101000110100101 6
b1010110010010110011100011111100110011010010110101111110100101101000110100101 ;
b10000 E
b101010110 3
1'
#2592000
0'
#2595600
0D
1B
17
b1010110101010 @
b10000 E
b101010111 3
1'
#2599200
0'
#2602800
07
b1010110010111 @
0B
1D
b1 >
b1001101 :
b10101100100101100111000111111001100110100101101011111101001011010001101001011 %
b10101100100101100111000111111001100110100101101011111101001011010001101001011 6
b10101100100101100111000111111001100110100101101011111101001011010001101001011 ;
b10000 E
b101011000 3
1'
#2606400
0'
#2610000
0D
1B
07
b1111010000000001 @
b10000 E
b101011001 3
1'
#2613600
0'
#2617200
07
b110101101101110 @
0B
1D
0C
b10 >
b1001110 :
b101011001001011001110001111110011001101001011010111111010010110100011010010111 %
b101011001001011001110001111110011001101001011010111111010010110100011010010111 6
b101011001001011001110001111110011001101001011010111111010010110100011010010111 ;
b10000 E
b101011010 3
1'
#2620800
0'
#2624400
0D
07
b100100101001010 @
b10000 E
b101011011 3
1'
#2628000
0'
#2631600
07
b1011101110111 @
1D
b10000 E
b101011100 3
1'
#2635200
0'
#2638800
0D
17
b110010110101101 @
b10000 E
b101011101 3
1'
#2642400
0'
#2646000
07
b1111000101011 @
1D
1C
b10000 E
b101011110 3
1'
#2649600
0'
#2653200
0D
1B
07
b110111100001010 @
b10000 E
b101011111 3
1'
#2656800
0'
#2660400
17
b11001001010101 @
0B
1D
0C
b11 >
b1001111 :
b1010110010010110011100011111100110011010010110101111110100101101000110100101111 %
b1010110010010110011100011111100110011010010110101111110100101101000110100101111 6
b1010110010010110011100011111100110011010010110101111110100101101000110100101111 ;
b10000 E
b101100000 3
1'
#2664000
0'
#2667600
0D
1B
0A
17
b11010110100001 @
b10000 E
b101100001 3
1'
#2671200
0'
#2674800
17
b1001111000101 @
0B
1D
1C
0?
b0 >
b1010000 :
b10101100100101100111000111111001100110100101101011111101001011010001101001011110 %
b10101100100101100111000111111001100110100101101011111101001011010001101001011110 6
b10101100100101100111000111111001100110100101101011111101001011010001101001011110 ;
b10000 E
b101100010 3
1'
#2678400
0'
#2682000
0D
07
b101100000110001 @
b10000 E
b101100011 3
1'
#2685600
0'
#2689200
07
b111110010100100 @
1D
0C
b10000 E
b101100100 3
1'
#2692800
0'
#2696400
0D
07
b11111010101 @
b10000 E
b101100101 3
1'
#2700000
0'
#2703600
07
b1000101110101111 @
1D
b10000 E
b101100110 3
1'
#2707200
0'
#2710800
0D
07
b1110101101101010 @
b10000 E
b101100111 3
1'
#2714400
0'
#2718000
07
b1100011110111010 @
1D
b10000 E
b101101000 3
1'
#2721600
0'
#2725200
0D
07
b1100110000110101 @
b10000 E
b101101001 3
1'
#2728800
0'
#2732400
07
b1011010111111 @
1D
b10000 E
b101101010 3
1'
#2736000
0'
#2739600
0D
17
b1010101101111 @
b10000 E
b101101011 3
1'
#2743200
0'
#2746800
07
b111000001111111 @
1D
1C
b10000 E
b101101100 3
1'
#2750400
0'
#2754000
0D
1B
1A
17
b111100110000111 @
b10000 E
b101101101 3
1'
#2757600
0'
#2761200
07
b10100100001 @
0B
1D
1?
b1010001 :
b101011001001011001110001111110011001101001011010111111010010110100011010010111101 %
b101011001001011001110001111110011001101001011010111111010010110100011010010111101 6
b101011001001011001110001111110011001101001011010111111010010110100011010010111101 ;
b10000 E
b101101110 3
1'
#2764800
0'
#2768400
0D
1B
07
b1010001000011111 @
b10000 E
b101101111 3
1'
#2772000
0'
#2775600
07
b1101110010101110 @
0B
1D
0C
b1 >
b1010010 :
b1010110010010110011100011111100110011010010110101111110100101101000110100101111011 %
b1010110010010110011100011111100110011010010110101111110100101101000110100101111011 6
b1010110010010110011100011111100110011010010110101111110100101101000110100101111011 ;
b10000 E
b101110000 3
1'
#2779200
0'
#2782800
0D
17
b1111110111111111 @
b10000 E
b101110001 3
1'
#2786400
0'
#2790000
07
b11110000110 @
1D
1C
b10000 E
b101110010 3
1'
#2793600
0'
#2797200
0D
1B
17
b1010111000001010 @
b10000 E
b101110011 3
1'
#2800800
0'
#2804400
17
b101001111011100 @
0B
1D
b10 >
b1010011 :
b10101100100101100111000111111001100110100101101011111101001011010001101001011110111 %
b10101100100101100111000111111001100110100101101011111101001011010001101001011110111 6
b10101100100101100111000111111001100110100101101011111101001011010001101001011110111 ;
b10000 E
b101110100 3
1'
#2808000
0'
#2811600
0D
17
b101101000100000 @
b10000 E
b101110101 3
1'
#2815200
0'
#2818800
07
b11011111001110 @
1D
b10000 E
b101110110 3
1'
#2822400
0'
#2826000
0D
1B
07
b1110101000010 @
b10000 E
b101110111 3
1'
#2829600
0'
#2833200
17
b1010100001110001 @
0B
1D
0C
b11 >
b1010100 :
b101011001001011001110001111110011001101001011010111111010010110100011010010111101111 %
b101011001001011001110001111110011001101001011010111111010010110100011010010111101111 6
b101011001001011001110001111110011001101001011010111111010010110100011010010111101111 ;
b10000 E
b101111000 3
1'
#2836800
0'
#2840400
0D
1B
0A
17
b1101110110110110 @
b10000 E
b101111001 3
1'
#2844000
0'
#2847600
07
b1010010110110100 @
0B
1D
1C
0?
b0 >
b1010101 :
b1010110010010110011100011111100110011010010110101111110100101101000110100101111011110 %
b1010110010010110011100011111100110011010010110101111110100101101000110100101111011110 6
b1010110010010110011100011111100110011010010110101111110100101101000110100101111011110 ;
b10000 E
b101111010 3
1'
#2851200
0'
#2854800
0D
1B
1A
07
b10111100010101 @
b10000 E
b101111011 3
1'
#2858400
0'
#2862000
17
b111011101 @
0B
1D
0C
1?
b1010110 :
b10101100100101100111000111111001100110100101101011111101001011010001101001011110111101 %
b10101100100101100111000111111001100110100101101011111101001011010001101001011110111101 6
b10101100100101100111000111111001100110100101101011111101001011010001101001011110111101 ;
b10000 E
b101111100 3
1'
#2865600
0'
#2869200
0D
1B
0A
07
b1111111010011101 @
b10000 E
b101111101 3
1'
#2872800
0'
#2876400
17
b1111000011001110 @
0B
1D
0?
b1010111 :
b101011001001011001110001111110011001101001011010111111010010110100011010010111101111010 %
b101011001001011001110001111110011001101001011010111111010010110100011010010111101111010 6
b101011001001011001110001111110011001101001011010111111010010110100011010010111101111010 ;
b10000 E
b101111110 3
1'
#2880000
0'
#2883600
0D
1B
07
b11100110101111 @
b10000 E
b101111111 3
1'
#2887200
0'
#2890800
17
b1100011101000010 @
0B
1D
b1 >
b1011000 :
b1010110010010110011100011111100110011010010110101111110100101101000110100101111011110100 %
b1010110010010110011100011111100110011010010110101111110100101101000110100101111011110100 6
b1010110010010110011100011111100110011010010110101111110100101101000110100101111011110100 ;
b10000 E
b110000000 3
1'
#2894400
0'
#2898000
0D
1B
17
b101010011000011 @
b10000 E
b110000001 3
1'
#2901600
0'
#2905200
07
b100011111100111 @
0B
1D
1C
b10 >
b1011001 :
b10101100100101100111000111111001100110100101101011111101001011010001101001011110111101000 %
b10101100100101100111000111111001100110100101101011111101001011010001101001011110111101000 6
b10101100100101100111000111111001100110100101101011111101001011010001101001011110111101000 ;
b10000 E
b110000010 3
1'
#2908800
0'
#2912400
0D
1B
1A
17
b1011100001000011 @
b10000 E
b110000011 3
1'
#2916000
0'
#2919600
07
b1001000010010011 @
0B
1D
1?
b0 >
b1011010 :
b101011001001011001110001111110011001101001011010111111010010110100011010010111101111010001 %
b101011001001011001110001111110011001101001011010111111010010110100011010010111101111010001 6
b101011001001011001110001111110011001101001011010111111010010110100011010010111101111010001 ;
b10000 E
b110000100 3
1'
#2923200
0'
#2926800
0D
1B
07
b1011010110110 @
b10000 E
b110000101 3
1'
#2930400
0'
#2934000
17
b1000111100001111 @
0B
1D
0C
b1 >
b1011011 :
b1010110010010110011100011111100110011010010110101111110100101101000110100101111011110100011 %
b1010110010010110011100011111100110011010010110101111110100101101000110100101111011110100011 6
b1010110010010110011100011111100110011010010110101111110100101101000110100101111011110100011 ;
b10000 E
b110000110 3
1'
#2937600
0'
#2941200
0D
1B
0A
07
b111001100100000 @
b10000 E
b110000111 3
1'
#2944800
0'
#2948400
07
b1000101000101111 @
0B
1D
0?
b0 >
b1011100 :
b10101100100101100111000111111001100110100101101011111101001011010001101001011110111101000110 %
b10101100100101100111000111111001100110100101101011111101001011010001101001011110111101000110 6
b10101100100101100111000111111001100110100101101011111101001011010001101001011110111101000110 ;
b10000 E
b110001000 3
1'
#2952000
0'
#2955600
0D
17
b1011001110001 @
b10000 E
b110001001 3
1'
#2959200
0'
#2962800
17
b1101001010 @
1D
1C
b10000 E
b110001010 3
1'
#2966400
0'
#2970000
0D
07
b111000001001111 @
b10000 E
b110001011 3
1'
#2973600
0'
#2977200
17
b1011100001110110 @
1D
0C
b10000 E
b110001100 3
1'
#2980800
0'
#2984400
0D
1B
07
b1110100101101110 @
b10000 E
b110001101 3
1'
#2988000
0'
#2991600
17
b11110101110111 @
0B
1D
b1 >
b1011101 :
b101011001001011001110001111110011001101001011010111111010010110100011010010111101111010001100 %
b101011001001011001110001111110011001101001011010111111010010110100011010010111101111010001100 6
b101011001001011001110001111110011001101001011010111111010010110100011010010111101111010001100 ;
b10000 E
b110001110 3
1'
#2995200
0'
#2998800
0D
1B
17
b1010110111101110 @
b10000 E
b110001111 3
1'
#3002400
0'
#3006000
17
b1101011011011 @
0B
1D
1C
b10 >
b1011110 :
b1010110010010110011100011111100110011010010110101111110100101101000110100101111011110100011000 %
b1010110010010110011100011111100110011010010110101111110100101101000110100101111011110100011000 6
b1010110010010110011100011111100110011010010110101111110100101101000110100101111011110100011000 ;
b10000 E
b110010000 3
1'
#3009600
0'
#3013200
0D
17
b1110001001100100 @
b10000 E
b110010001 3
1'
#3016800
0'
#3020400
17
b110001111100110 @
1D
b10000 E
b110010010 3
1'
#3024000
0'
#3027600
0D
07
b110111000000111 @
b10000 E
b110010011 3
1'
#3031200
0'
#3034800
07
b110100011111101 @
1D
0C
b10000 E
b110010100 3
1'
#3038400
0'
#3042000
0D
07
b110010111001100 @
b10000 E
b110010101 3
1'
#3045600
0'
#3049200
17
b101010011010001 @
1D
b10000 E
b110010110 3
1'
#3052800
0'
#3056400
0D
1B
07
b1111110100010011 @
b10000 E
b110010111 3
1'
#3060000
0'
#3063600
17
b101000100100010 @
0B
1D
b11 >
b1011111 :
b10101100100101100111000111111001100110100101101011111101001011010001101001011110111101000110000 %
b10101100100101100111000111111001100110100101101011111101001011010001101001011110111101000110000 6
b10101100100101100111000111111001100110100101101011111101001011010001101001011110111101000110000 ;
b10000 E
b110011000 3
1'
#3067200
0'
#3070800
0D
1B
17
b1101011000011 @
b10000 E
b110011001 3
1'
#3074400
0'
#3078000
07
b11010101010101 @
0B
1D
1C
b100 >
b1100000 :
b101011001001011001110001111110011001101001011010111111010010110100011010010111101111010001100000 %
b101011001001011001110001111110011001101001011010111111010010110100011010010111101111010001100000 6
b101011001001011001110001111110011001101001011010111111010010110100011010010111101111010001100000 ;
b10000 E
b110011010 3
1'
#3081600
0'
#3085200
0D
1B
1A
07
b11101011101110 @
b10000 E
b110011011 3
1'
#3088800
0'
#3092400
17
b11101110010000 @
0B
1D
0C
1?
b0 >
b1100001 :
b1010110010010110011100011111100110011010010110101111110100101101000110100101111011110100011000001 %
b1010110010010110011100011111100110011010010110101111110100101101000110100101111011110100011000001 6
b1010110010010110011100011111100110011010010110101111110100101101000110100101111011110100011000001 ;
b10000 E
b110011100 3
1'
#3096000
0'
#3099600
0D
1B
0A
07
b11010100110110 @
b10000 E
b110011101 3
1'
#3103200
0'
#3106800
17
b110100100111011 @
0B
1D
0?
b1100010 :
b10101100100101100111000111111001100110100101101011111101001011010001101001011110111101000110000010 %
b10101100100101100111000111111001100110100101101011111101001011010001101001011110111101000110000010 6
b10101100100101100111000111111001100110100101101011111101001011010001101001011110111101000110000010 ;
b10000 E
b110011110 3
1'
#3110400
0'
#3114000
0D
1B
17
b110001011110 @
b10000 E
b110011111 3
1'
#3117600
0'
#3121200
07
b1100010001111111 @
0B
1D
1C
b1 >
b1100011 :
b101011001001011001110001111110011001101001011010111111010010110100011010010111101111010001100000100 %
b101011001001011001110001111110011001101001011010111111010010110100011010010111101111010001100000100 6
b101011001001011001110001111110011001101001011010111111010010110100011010010111101111010001100000100 ;
b10000 E
b110100000 3
1'
#3124800
0'
#3128400
0D
1B
1A
07
b100000010101 @
b10000 E
b110100001 3
1'
#3132000
0'
#3135600
07
b1001110000000011 @
0B
1D
0C
1?
b0 >
b1100100 :
b1010110010010110011100011111100110011010010110101111110100101101000110100101111011110100011000001001 %
b1010110010010110011100011111100110011010010110101111110100101101000110100101111011110100011000001001 6
b1010110010010110011100011111100110011010010110101111110100101101000110100101111011110100011000001001 ;
b10000 E
b110100010 3
1'
#3139200
0'
#3142800
0D
17
b100010101100110 @
b10000 E
b110100011 3
1'
#3146400
0'
#3150000
17
b1111001010001101 @
1D
1C
b10000 E
b110100100 3
1'
#3153600
0'
#3157200
0D
17
b110101101001000 @
b10000 E
b110100101 3
1'
#3160800
0'
#3164400
17
b1101011001100 @
1D
b10000 E
b110100110 3
1'
#3168000
0'
#3171600
0D
17
b1000101111101010 @
b10000 E
b110100111 3
1'
#3175200
0'
#3178800
17
b1111111000011000 @
1D
b10000 E
b110101000 3
1'
#3182400
0'
#3186000
0D
07
b1001101000101011 @
b10000 E
b110101001 3
1'
#3189600
0'
#3193200
17
b1100101010110110 @
1D
0C
b10000 E
b110101010 3
1'
#3196800
0'
#3200400
0D
1B
0A
17
b101001101010100 @
b10000 E
b110101011 3
1'
#3204000
0'
#3207600
07
b1010111001011011 @
0B
1D
1C
0?
b1100101 :
b10101100100101100111000111111001100110100101101011111101001011010001101001011110111101000110000010010 %
b10101100100101100111000111111001100110100101101011111101001011010001101001011110111101000110000010010 6
b10101100100101100111000111111001100110100101101011111101001011010001101001011110111101000110000010010 ;
b10000 E
b110101100 3
1'
#3211200
0'
#3214800
0D
1B
1A
17
b1010000001011000 @
b10000 E
b110101101 3
1'
#3218400
0'
#3222000
07
b1010111111101110 @
0B
1D
1?
b1100110 :
b101011001001011001110001111110011001101001011010111111010010110100011010010111101111010001100000100101 %
b101011001001011001110001111110011001101001011010111111010010110100011010010111101111010001100000100101 6
b101011001001011001110001111110011001101001011010111111010010110100011010010111101111010001100000100101 ;
b10000 E
b110101110 3
1'
#3225600
0'
#3229200
0D
1B
17
b1110011000111111 @
b10000 E
b110101111 3
1'
#3232800
0'
#3236400
17
b1011110000011011 @
0B
1D
b1 >
b1100111 :
b1010110010010110011100011111100110011010010110101111110100101101000110100101111011110100011000001001011 %
b1010110010010110011100011111100110011010010110101111110100101101000110100101111011110100011000001001011 6
b1010110010010110011100011111100110011010010110101111110100101101000110100101111011110100011000001001011 ;
b10000 E
b110110000 3
1'
#3240000
0'
#3243600
0D
07
b11011110011000 @
b10000 E
b110110001 3
1'
#3247200
0'
#3250800
17
b1000111111000011 @
1D
0C
b10000 E
b110110010 3
1'
#3254400
0'
#3258000
0D
1B
0A
07
b110001011111000 @
b10000 E
b110110011 3
1'
#3261600
0'
#3265200
17
b10111011110111 @
0B
1D
0?
b0 >
b1101000 :
b10101100100101100111000111111001100110100101101011111101001011010001101001011110111101000110000010010110 %
b10101100100101100111000111111001100110100101101011111101001011010001101001011110111101000110000010010110 6
b10101100100101100111000111111001100110100101101011111101001011010001101001011110111101000110000010010110 ;
b10000 E
b110110100 3
1'
#3268800
0'
#3272400
0D
1B
07
b111010010100 @
b10000 E
b110110101 3
1'
#3276000
0'
#3279600
17
b1101110011001001 @
0B
1D
b1 >
b1101001 :
b101011001001011001110001111110011001101001011010111111010010110100011010010111101111010001100000100101100 %
b101011001001011001110001111110011001101001011010111111010010110100011010010111101111010001100000100101100 6
b101011001001011001110001111110011001101001011010111111010010110100011010010111101111010001100000100101100 ;
b10000 E
b110110110 3
1'
#3283200
0'
#3286800
0D
1B
17
b1010101110100011 @
b10000 E
b110110111 3
1'
#3290400
0'
#3294000
07
b10010011001111 @
0B
1D
1C
b10 >
b1101010 :
b1010110010010110011100011111100110011010010110101111110100101101000110100101111011110100011000001001011000 %
b1010110010010110011100011111100110011010010110101111110100101101000110100101111011110100011000001001011000 6
b1010110010010110011100011111100110011010010110101111110100101101000110100101111011110100011000001001011000 ;
b10000 E
b110111000 3
1'
#3297600
0'
#3301200
0D
1B
1A
17
b1100111011101101 @
b10000 E
b110111001 3
1'
#3304800
0'
#3308400
17
b1101110000111001 @
0B
1D
1?
b0 >
b1101011 :
b10101100100101100111000111111001100110100101101011111101001011010001101001011110111101000110000010010110001 %
b10101100100101100111000111111001100110100101101011111101001011010001101001011110111101000110000010010110001 6
b10101100100101100111000111111001100110100101101011111101001011010001101001011110111101000110000010010110001 ;
b10000 E
b110111010 3
1'
#3312000
0'
#3315600
0D
17
b1111101011100110 @
b10000 E
b110111011 3
1'
#3319200
0'
#3322800
07
b1100000010110001 @
1D
b10000 E
b110111100 3
1'
#3326400
0'
#3330000
0D
1B
07
b1101101001101 @
b10000 E
b110111101 3
1'
#3333600
0'
#3337200
07
b1010111000011001 @
0B
1D
0C
b1 >
b1101100 :
b101011001001011001110001111110011001101001011010111111010010110100011010010111101111010001100000100101100011 %
b101011001001011001110001111110011001101001011010111111010010110100011010010111101111010001100000100101100011 6
b101011001001011001110001111110011001101001011010111111010010110100011010010111101111010001100000100101100011 ;
b10000 E
b110111110 3
1'
#3340800
0'
#3344400
0D
07
b1010010000000001 @
b10000 E
b110111111 3
1'
#3348000
0'
#3351600
17
b1101011011010010 @
1D
b10000 E
b111000000 3
1'
#3355200
0'
#3358800
0D
1B
0A
07
b1011100110101110 @
b10000 E
b111000001 3
1'
#3362400
0'
#3366000
07
b1000010011001010 @
0B
1D
0?
b0 >
b1101101 :
b1010110010010110011100011111100110011010010110101111110100101101000110100101111011110100011000001001011000110 %
b1010110010010110011100011111100110011010010110101111110100101101000110100101111011110100011000001001011000110 6
b1010110010010110011100011111100110011010010110101111110100101101000110100101111011110100011000001001011000110 ;
b10000 E
b111000010 3
1'
#3369600
0'
#3373200
0D
17
b100101011101000 @
b10000 E
b111000011 3
1'
#3376800
0'
#3380400
17
b1110000101101011 @
1D
1C
b10000 E
b111000100 3
1'
#3384000
0'
#3387600
0D
07
b1111111000011111 @
b10000 E
b111000101 3
1'
#3391200
0'
#3394800
17
b111001110101010 @
1D
0C
b10000 E
b111000110 3
1'
#3398400
0'
#3402000
0D
1B
17
b101100110001100 @
b10000 E
b111000111 3
1'
#3405600
0'
#3409200
17
b110100010000001 @
0B
1D
1C
b1 >
b1101110 :
b10101100100101100111000111111001100110100101101011111101001011010001101001011110111101000110000010010110001100 %
b10101100100101100111000111111001100110100101101011111101001011010001101001011110111101000110000010010110001100 6
b10101100100101100111000111111001100110100101101011111101001011010001101001011110111101000110000010010110001100 ;
b10000 E
b111001000 3
1'
#3412800
0'
#3416400
0D
17
b1011110100010000 @
b10000 E
b111001001 3
1'
#3420000
0'
#3423600
17
b1110111101100 @
1D
b10000 E
b111001010 3
1'
#3427200
0'
#3430800
0D
17
b10011000111001 @
b10000 E
b111001011 3
1'
#3434400
0'
#3438000
07
b10011011100101 @
1D
b10000 E
b111001100 3
1'
#3441600
0'
#3445200
0D
1B
1A
07
b1100101111000100 @
b10000 E
b111001101 3
1'
#3448800
0'
#3452400
17
b1111000111100010 @
0B
1D
0C
1?
b0 >
b1101111 :
b101011001001011001110001111110011001101001011010111111010010110100011010010111101111010001100000100101100011001 %
b101011001001011001110001111110011001101001011010111111010010110100011010010111101111010001100000100101100011001 6
b101011001001011001110001111110011001101001011010111111010010110100011010010111101111010001100000100101100011001 ;
b10000 E
b111001110 3
1'
#3456000
0'
#3459600
0D
1B
0A
17
b1111000010111010 @
b10000 E
b111001111 3
1'
#3463200
0'
#3466800
17
b1010010100010000 @
0B
1D
1C
0?
b1110000 :
b1010110010010110011100011111100110011010010110101111110100101101000110100101111011110100011000001001011000110010 %
b1010110010010110011100011111100110011010010110101111110100101101000110100101111011110100011000001001011000110010 6
b1010110010010110011100011111100110011010010110101111110100101101000110100101111011110100011000001001011000110010 ;
b10000 E
b111010000 3
1'
#3470400
0'
#3474000
0D
07
b111110011000100 @
b10000 E
b111010001 3
1'
#3477600
0'
#3481200
17
b10110000001010 @
1D
0C
b10000 E
b111010010 3
1'
#3484800
0'
#3488400
0D
1B
07
b1011000000110100 @
b10000 E
b111010011 3
1'
#3492000
0'
#3495600
17
b1100100001000100 @
0B
1D
b1 >
b1110001 :
b10101100100101100111000111111001100110100101101011111101001011010001101001011110111101000110000010010110001100100 %
b10101100100101100111000111111001100110100101101011111101001011010001101001011110111101000110000010010110001100100 6
b10101100100101100111000111111001100110100101101011111101001011010001101001011110111101000110000010010110001100100 ;
b10000 E
b111010100 3
1'
#3499200
0'
#3502800
0D
1B
17
b110100110100100 @
b10000 E
b111010101 3
1'
#3506400
0'
#3510000
07
b1101111000010010 @
0B
1D
1C
b10 >
b1110010 :
b101011001001011001110001111110011001101001011010111111010010110100011010010111101111010001100000100101100011001000 %
b101011001001011001110001111110011001101001011010111111010010110100011010010111101111010001100000100101100011001000 6
b101011001001011001110001111110011001101001011010111111010010110100011010010111101111010001100000100101100011001000 ;
b10000 E
b111010110 3
1'
#3513600
0'
#3517200
0D
1B
1A
17
b10011100000001 @
b10000 E
b111010111 3
1'
#3520800
0'
#3524400
07
b111011101100011 @
0B
1D
1?
b0 >
b1110011 :
b1010110010010110011100011111100110011010010110101111110100101101000110100101111011110100011000001001011000110010001 %
b1010110010010110011100011111100110011010010110101111110100101101000110100101111011110100011000001001011000110010001 6
b1010110010010110011100011111100110011010010110101111110100101101000110100101111011110100011000001001011000110010001 ;
b10000 E
b111011000 3
1'
#3528000
0'
#3531600
0D
1B
17
b1001010001101010 @
b10000 E
b111011001 3
1'
#3535200
0'
#3538800
07
b1110001001001101 @
0B
1D
b1 >
b1110100 :
b10101100100101100111000111111001100110100101101011111101001011010001101001011110111101000110000010010110001100100011 %
b10101100100101100111000111111001100110100101101011111101001011010001101001011110111101000110000010010110001100100011 6
b10101100100101100111000111111001100110100101101011111101001011010001101001011110111101000110000010010110001100100011 ;
b10000 E
b111011010 3
1'
#3542400
0'
#3546000
0D
1B
07
b1111011110 @
b10000 E
b111011011 3
1'
#3549600
0'
#3553200
07
b1010101001000100 @
0B
1D
0C
b10 >
b1110101 :
b101011001001011001110001111110011001101001011010111111010010110100011010010111101111010001100000100101100011001000111 %
b101011001001011001110001111110011001101001011010111111010010110100011010010111101111010001100000100101100011001000111 6
b101011001001011001110001111110011001101001011010111111010010110100011010010111101111010001100000100101100011001000111 ;
b10000 E
b111011100 3
1'
#3556800
0'
#3560400
0D
17
b1011000101011 @
b10000 E
b111011101 3
1'
#3564000
0'
#3567600
17
b1011110101010111 @
1D
1C
b10000 E
b111011110 3
1'
#3571200
0'
#3574800
0D
17
b110011101111 @
b10000 E
b111011111 3
1'
#3578400
0'
#3582000
17
b1110110001001110 @
1D
b10000 E
b111100000 3
1'
#3585600
0'
#3589200
0D
17
b110011010101101 @
b10000 E
b111100001 3
1'
#3592800
0'
#3596400
07
b1001000101011110 @
1D
b10000 E
b111100010 3
1'
#3600000
0'
#3603600
0D
1B
07
b1010101101111010 @
b10000 E
b111100011 3
1'
#3607200
0'
#3610800
17
b10000110101101 @
0B
1D
0C
b11 >
b1110110 :
b1010110010010110011100011111100110011010010110101111110100101101000110100101111011110100011000001001011000110010001111 %
b1010110010010110011100011111100110011010010110101111110100101101000110100101111011110100011000001001011000110010001111 6
b1010110010010110011100011111100110011010010110101111110100101101000110100101111011110100011000001001011000110010001111 ;
b10000 E
b111100100 3
1'
#3614400
0'
#3618000
0D
1B
0A
07
b1101000011110010 @
b10000 E
b111100101 3
1'
#3621600
0'
#3625200
17
b100010110001011 @
0B
1D
0?
b0 >
b1110111 :
b10101100100101100111000111111001100110100101101011111101001011010001101001011110111101000110000010010110001100100011110 %
b10101100100101100111000111111001100110100101101011111101001011010001101001011110111101000110000010010110001100100011110 6
b10101100100101100111000111111001100110100101101011111101001011010001101001011110111101000110000010010110001100100011110 ;
b10000 E
b111100110 3
1'
#3628800
0'
#3632400
0D
1B
17
b101100101011101 @
b10000 E
b111100111 3
1'
#3636000
0'
#3639600
17
b11000111110110 @
0B
1D
1C
b1 >
b1111000 :
b101011001001011001110001111110011001101001011010111111010010110100011010010111101111010001100000100101100011001000111100 %
b101011001001011001110001111110011001101001011010111111010010110100011010010111101111010001100000100101100011001000111100 6
b101011001001011001110001111110011001101001011010111111010010110100011010010111101111010001100000100101100011001000111100 ;
b10000 E
b111101000 3
1'
#3643200
0'
#3646800
0D
17
b100001100000101 @
b10000 E
b111101001 3
1'
#3650400
0'
#3654000
17
b1010011100000000 @
1D
b10000 E
b111101010 3
1'
#3657600
0'
#3661200
0D
17
b111001101010 @
b10000 E
b111101011 3
1'
#3664800
0'
#3668400
17
b1001001010110100 @
1D
b10000 E
b111101100 3
1'
#3672000
0'
#3675600
0D
17
b11000111000101 @
b10000 E
b111101101 3
1'
#3679200
0'
#3682800
17
b111011110100100 @
1D
b10000 E
b111101110 3
1'
#3686400
0'
#3690000
0D
17
b1001011000100110 @
b10000 E
b111101111 3
1'
#3693600
0'
#3697200
07
b1101010000000110 @
1D
b10000 E
b111110000 3
1'
#3700800
0'
#3704400
0D
1B
1A
07
b100001100001011 @
b10000 E
b111110001 3
1'
#3708000
0'
#3711600
17
b111010100000011 @
0B
1D
0C
1?
b0 >
b1111001 :
b1010110010010110011100011111100110011010010110101111110100101101000110100101111011110100011000001001011000110010001111001 %
b1010110010010110011100011111100110011010010110101111110100101101000110100101111011110100011000001001011000110010001111001 6
b1010110010010110011100011111100110011010010110101111110100101101000110100101111011110100011000001001011000110010001111001 ;
b10000 E
b111110010 3
1'
#3715200
0'
#3718800
0D
1B
0A
07
b11101000110101 @
b10000 E
b111110011 3
1'
#3722400
0'
#3726000
17
b1001110100000011 @
0B
1D
0?
b1111010 :
b10101100100101100111000111111001100110100101101011111101001011010001101001011110111101000110000010010110001100100011110010 %
b10101100100101100111000111111001100110100101101011111101001011010001101001011110111101000110000010010110001100100011110010 6
b10101100100101100111000111111001100110100101101011111101001011010001101001011110111101000110000010010110001100100011110010 ;
b10000 E
b111110100 3
1'
#3729600
0'
#3733200
0D
1B
17
b1110100100101000 @
b10000 E
b111110101 3
1'
#3736800
0'
#3740400
17
b11101000100110 @
0B
1D
1C
b1 >
b1111011 :
b101011001001011001110001111110011001101001011010111111010010110100011010010111101111010001100000100101100011001000111100100 %
b101011001001011001110001111110011001101001011010111111010010110100011010010111101111010001100000100101100011001000111100100 6
b101011001001011001110001111110011001101001011010111111010010110100011010010111101111010001100000100101100011001000111100100 ;
b10000 E
b111110110 3
1'
#3744000
0'
#3747600
0D
07
b1010110110 @
b10000 E
b111110111 3
1'
#3751200
0'
#3754800
07
b111010110101011 @
1D
0C
b10000 E
b111111000 3
1'
#3758400
0'
#3762000
0D
07
b1101101110110100 @
b10000 E
b111111001 3
1'
#3765600
0'
#3769200
17
b1000001101001110 @
1D
b10000 E
b111111010 3
1'
#3772800
0'
#3776400
0D
1B
17
b1111000010011000 @
b10000 E
b111111011 3
1'
#3780000
0'
#3783600
17
b100111110100011 @
0B
1D
1C
b10 >
b1111100 :
b1010110010010110011100011111100110011010010110101111110100101101000110100101111011110100011000001001011000110010001111001000 %
b1010110010010110011100011111100110011010010110101111110100101101000110100101111011110100011000001001011000110010001111001000 6
b1010110010010110011100011111100110011010010110101111110100101101000110100101111011110100011000001001011000110010001111001000 ;
b10000 E
b111111100 3
1'
#3787200
0'
#3790800
0D
17
b11100111011111 @
b10000 E
b111111101 3
1'
#3794400
0'
#3798000
17
b1001001001110001 @
1D
b10000 E
b111111110 3
1'
#3801600
0'
#3805200
0D
07
b1001001001 @
b10000 E
b111111111 3
1'
#3808800
0'
#3812400
07
b111110100001010 @
1D
0C
b10000 E
b1000000000 3
1'
#3816000
0'
#3819600
0D
17
b10111011011010 @
b10000 E
b1000000001 3
1'
#3823200
0'
#3826800
17
b1100101100001100 @
1D
1C
b10000 E
b1000000010 3
1'
#3830400
0'
#3834000
0D
07
b101011110000000 @
b10000 E
b1000000011 3
1'
#3837600
0'
#3841200
07
b100101011110010 @
1D
0C
b10000 E
b1000000100 3
1'
#3844800
0'
#3848400
0D
17
b1000100100111001 @
b10000 E
b1000000101 3
1'
#3852000
0'
#3855600
07
b1011011101111000 @
1D
1C
b10000 E
b1000000110 3
1'
#3859200
0'
#3862800
0D
1B
1A
17
b10110011011110 @
b10000 E
b1000000111 3
1'
#3866400
0'
#3870000
17
b101010010001011 @
0B
1D
1?
b0 >
b1111101 :
b10101100100101100111000111111001100110100101101011111101001011010001101001011110111101000110000010010110001100100011110010001 %
b10101100100101100111000111111001100110100101101011111101001011010001101001011110111101000110000010010110001100100011110010001 6
b10101100100101100111000111111001100110100101101011111101001011010001101001011110111101000110000010010110001100100011110010001 ;
b10000 E
b1000001000 3
1'
#3873600
0'
#3877200
0D
07
b101111100010001 @
b10000 E
b1000001001 3
1'
#3880800
0'
#3884400
17
b1011110100001 @
1D
0C
b10000 E
b1000001010 3
1'
#3888000
0'
#3891600
0D
1B
0A
07
b1010010100100010 @
b10000 E
b1000001011 3
1'
#3895200
0'
#3898800
17
b10001110000111 @
0B
1D
0?
b1111110 :
b101011001001011001110001111110011001101001011010111111010010110100011010010111101111010001100000100101100011001000111100100010 %
b101011001001011001110001111110011001101001011010111111010010110100011010010111101111010001100000100101100011001000111100100010 6
b101011001001011001110001111110011001101001011010111111010010110100011010010111101111010001100000100101100011001000111100100010 ;
b10000 E
b1000001100 3
1'
#3902400
0'
#3906000
0D
1B
17
b1111000001000011 @
b10000 E
b1000001101 3
1'
#3909600
0'
#3913200
07
b1010111110110001 @
0B
1D
1C
b1 >
b1111111 :
b1010110010010110011100011111100110011010010110101111110100101101000110100101111011110100011000001001011000110010001111001000100 %
b1010110010010110011100011111100110011010010110101111110100101101000110100101111011110100011000001001011000110010001111001000100 6
b1010110010010110011100011111100110011010010110101111110100101101000110100101111011110100011000001001011000110010001111001000100 ;
b10000 E
b1000001110 3
1'
#3916800
0'
#3920400
0D
1B
1A
17
b1101101001010110 @
b10000 E
b1000001111 3
1'
#3924000
0'
#3927600
07
b1001001000001011 @
0B
1D
1?
b0 >
b10000000 :
b10101100100101100111000111111001100110100101101011111101001011010001101001011110111101000110000010010110001100100011110010001001 %
b10101100100101100111000111111001100110100101101011111101001011010001101001011110111101000110000010010110001100100011110010001001 6
b10101100100101100111000111111001100110100101101011111101001011010001101001011110111101000110000010010110001100100011110010001001 ;
b10000 E
b1000010000 3
1'
#3931200
0'
#3934800
0D
1B
17
b111111100011101 @
b10000 E
b1000010001 3
1'
#3938400
0'
#3942000
17
b1111101111101000 @
0B
1D
b1 >
b10000001 :
b101011001001011001110001111110011001101001011010111111010010110100011010010111101111010001100000100101100011001000111100100010011 %
b101011001001011001110001111110011001101001011010111111010010110100011010010111101111010001100000100101100011001000111100100010011 6
b101011001001011001110001111110011001101001011010111111010010110100011010010111101111010001100000100101100011001000111100100010011 ;
b10000 E
b1000010010 3
1'
#3945600
0'
#3949200
0D
07
b1010000111010 @
b10000 E
b1000010011 3
1'
#3952800
0'
#3956400
07
b111110011001101 @
1D
0C
b10000 E
b1000010100 3
1'
#3960000
0'
#3963600
0D
07
b1011111110011101 @
b10000 E
b1000010101 3
1'
#3967200
0'
#3970800
17
b110010000010100 @
1D
b10000 E
b1000010110 3
1'
#3974400
0'
#3978000
0D
1B
0A
17
b100100111000101 @
b10000 E
b1000010111 3
1'
#3981600
0'
#3985200
07
b111000010011000 @
0B
1D
1C
0?
b0 >
b10000010 :
b1010110010010110011100011111100110011010010110101111110100101101000110100101111011110100011000001001011000110010001111001000100110 %
b1010110010010110011100011111100110011010010110101111110100101101000110100101111011110100011000001001011000110010001111001000100110 6
b1010110010010110011100011111100110011010010110101111110100101101000110100101111011110100011000001001011000110010001111001000100110 ;
b10000 E
b1000011000 3
1'
#3988800
0'
#3992400
0D
1B
1A
17
b1010000010100111 @
b10000 E
b1000011001 3
1'
#3996000
0'
#3999600
07
b1001111100101101 @
0B
1D
1?
b10000011 :
b10101100100101100111000111111001100110100101101011111101001011010001101001011110111101000110000010010110001100100011110010001001101 %
b10101100100101100111000111111001100110100101101011111101001011010001101001011110111101000110000010010110001100100011110010001001101 6
b10101100100101100111000111111001100110100101101011111101001011010001101001011110111101000110000010010110001100100011110010001001101 ;
b10000 E
b1000011010 3
1'
#4003200
0'
#4006800
0D
1B
07
b1011100100011100 @
b10000 E
b1000011011 3
1'
#4010400
0'
#4014000
07
b1100100111110101 @
0B
1D
0C
b1 >
b10000100 :
b101011001001011001110001111110011001101001011010111111010010110100011010010111101111010001100000100101100011001000111100100010011011 %
b101011001001011001110001111110011001101001011010111111010010110100011010010111101111010001100000100101100011001000111100100010011011 6
b101011001001011001110001111110011001101001011010111111010010110100011010010111101111010001100000100101100011001000111100100010011011 ;
b10000 E
b1000011100 3
1'
#4017600
0'
#4021200
0D
17
b1111001001011001 @
b10000 E
b1000011101 3
1'
#4024800
0'
#4028400
17
b101100011111010 @
1D
1C
b10000 E
b1000011110 3
1'
#4032000
0'
#4035600
0D
07
b1101011011001 @
b10000 E
b1000011111 3
1'
#4039200
0'
#4042800
17
b1111001000010100 @
1D
0C
b10000 E
b1000100000 3
1'
#4046400
0'
#4050000
0D
1B
0A
17
b100111110101001 @
b10000 E
b1000100001 3
1'
#4053600
0'
#4057200
17
b111001101101111 @
0B
1D
1C
0?
b0 >
b10000101 :
b1010110010010110011100011111100110011010010110101111110100101101000110100101111011110100011000001001011000110010001111001000100110110 %
b1010110010010110011100011111100110011010010110101111110100101101000110100101111011110100011000001001011000110010001111001000100110110 6
b1010110010010110011100011111100110011010010110101111110100101101000110100101111011110100011000001001011000110010001111001000100110110 ;
b10000 E
b1000100010 3
1'
#4060800
0'
#4064400
0D
07
b1111011011101110 @
b10000 E
b1000100011 3
1'
#4068000
0'
#4071600
07
b110011100111110 @
1D
0C
b10000 E
b1000100100 3
1'
#4075200
0'
#4078800
0D
07
b1011000101010 @
b10000 E
b1000100101 3
1'
#4082400
0'
#4086000
07
b10110100011101 @
1D
b10000 E
b1000100110 3
1'
#4089600
0'
#4093200
0D
17
b111011001111000 @
b10000 E
b1000100111 3
1'
#4096800
0'
#4100400
17
b1000010101001 @
1D
1C
b10000 E
b1000101000 3
1'
#4104000
0'
#4107600
0D
07
b110000001110001 @
b10000 E
b1000101001 3
1'
#4111200
0'
#4114800
07
b101111110011010 @
1D
0C
b10000 E
b1000101010 3
1'
#4118400
0'
#4122000
0D
17
b110100100110010 @
b10000 E
b1000101011 3
1'
#4125600
0'
#4129200
07
b110011111101001 @
1D
1C
b10000 E
b1000101100 3
1'
#4132800
0'
#4136400
0D
1B
1A
17
b1000111001111001 @
b10000 E
b1000101101 3
1'
#4140000
0'
#4143600
07
b1100101110010100 @
0B
1D
1?
b10000110 :
b10101100100101100111000111111001100110100101101011111101001011010001101001011110111101000110000010010110001100100011110010001001101101 %
b10101100100101100111000111111001100110100101101011111101001011010001101001011110111101000110000010010110001100100011110010001001101101 6
b10101100100101100111000111111001100110100101101011111101001011010001101001011110111101000110000010010110001100100011110010001001101101 ;
b10000 E
b1000101110 3
1'
#4147200
0'
#4150800
0D
1B
17
b1111011110001101 @
b10000 E
b1000101111 3
1'
#4154400
0'
#4158000
07
b100011001110011 @
0B
1D
b1 >
b10000111 :
b101011001001011001110001111110011001101001011010111111010010110100011010010111101111010001100000100101100011001000111100100010011011011 %
b101011001001011001110001111110011001101001011010111111010010110100011010010111101111010001100000100101100011001000111100100010011011011 6
b101011001001011001110001111110011001101001011010111111010010110100011010010111101111010001100000100101100011001000111100100010011011011 ;
b10000 E
b1000110000 3
1'
#4161600
0'
#4165200
0D
1B
07
b1000010110000 @
b10000 E
b1000110001 3
1'
#4168800
0'
#4172400
17
b100100001101000 @
0B
1D
0C
b10 >
b10001000 :
b1010110010010110011100011111100110011010010110101111110100101101000110100101111011110100011000001001011000110010001111001000100110110111 %
b1010110010010110011100011111100110011010010110101111110100101101000110100101111011110100011000001001011000110010001111001000100110110111 6
b1010110010010110011100011111100110011010010110101111110100101101000110100101111011110100011000001001011000110010001111001000100110110111 ;
b10000 E
b1000110010 3
1'
#4176000
0'
#4179600
0D
1B
0A
17
b1000011010110111 @
b10000 E
b1000110011 3
1'
#4183200
0'
#4186800
17
b111110000100100 @
0B
1D
1C
0?
b0 >
b10001001 :
b10101100100101100111000111111001100110100101101011111101001011010001101001011110111101000110000010010110001100100011110010001001101101110 %
b10101100100101100111000111111001100110100101101011111101001011010001101001011110111101000110000010010110001100100011110010001001101101110 6
b10101100100101100111000111111001100110100101101011111101001011010001101001011110111101000110000010010110001100100011110010001001101101110 ;
b10000 E
b1000110100 3
1'
#4190400
0'
#4194000
0D
17
b11000111001100 @
b10000 E
b1000110101 3
1'
#4197600
0'
#4201200
07
b1111000110111001 @
1D
b10000 E
b1000110110 3
1'
#4204800
0'
#4208400
0D
1B
1A
07
b111000010011000 @
b10000 E
b1000110111 3
1'
#4212000
0'
#4215600
17
b1101100111101000 @
0B
1D
0C
1?
b10001010 :
b101011001001011001110001111110011001101001011010111111010010110100011010010111101111010001100000100101100011001000111100100010011011011101 %
b101011001001011001110001111110011001101001011010111111010010110100011010010111101111010001100000100101100011001000111100100010011011011101 6
b101011001001011001110001111110011001101001011010111111010010110100011010010111101111010001100000100101100011001000111100100010011011011101 ;
b10000 E
b1000111000 3
1'
#4219200
0'
#4222800
0D
1B
0A
07
b1111010000010011 @
b10000 E
b1000111001 3
1'
#4226400
0'
#4230000
17
b1000010111010001 @
0B
1D
0?
b10001011 :
b1010110010010110011100011111100110011010010110101111110100101101000110100101111011110100011000001001011000110010001111001000100110110111010 %
b1010110010010110011100011111100110011010010110101111110100101101000110100101111011110100011000001001011000110010001111001000100110110111010 6
b1010110010010110011100011111100110011010010110101111110100101101000110100101111011110100011000001001011000110010001111001000100110110111010 ;
b10000 E
b1000111010 3
1'
#4233600
0'
#4237200
0D
1B
07
b1001001010011000 @
b10000 E
b1000111011 3
1'
#4240800
0'
#4244400
07
b1110001110010010 @
0B
1D
b1 >
b10001100 :
b10101100100101100111000111111001100110100101101011111101001011010001101001011110111101000110000010010110001100100011110010001001101101110100 %
b10101100100101100111000111111001100110100101101011111101001011010001101001011110111101000110000010010110001100100011110010001001101101110100 6
b10101100100101100111000111111001100110100101101011111101001011010001101001011110111101000110000010010110001100100011110010001001101101110100 ;
b10000 E
b1000111100 3
1'
#4248000
0'
#4251600
0D
07
b100000001100010 @
b10000 E
b1000111101 3
1'
#4255200
0'
#4258800
17
b1011111100110 @
1D
b10000 E
b1000111110 3
1'
#4262400
0'
#4266000
0D
1B
07
b1101000111000110 @
b10000 E
b1000111111 3
1'
#4269600
0'
#4273200
17
b1110110101110000 @
0B
1D
b10 >
b10001101 :
b101011001001011001110001111110011001101001011010111111010010110100011010010111101111010001100000100101100011001000111100100010011011011101000 %
b101011001001011001110001111110011001101001011010111111010010110100011010010111101111010001100000100101100011001000111100100010011011011101000 6
b101011001001011001110001111110011001101001011010111111010010110100011010010111101111010001100000100101100011001000111100100010011011011101000 ;
b10000 E
b1001000000 3
1'
#4276800
0'
#4280400
0D
1B
17
b1010011010000011 @
b10000 E
b1001000001 3
1'
#4284000
0'
#4287600
17
b1001110100100111 @
0B
1D
1C
b11 >
b10001110 :
b1010110010010110011100011111100110011010010110101111110100101101000110100101111011110100011000001001011000110010001111001000100110110111010000 %
b1010110010010110011100011111100110011010010110101111110100101101000110100101111011110100011000001001011000110010001111001000100110110111010000 6
b1010110010010110011100011111100110011010010110101111110100101101000110100101111011110100011000001001011000110010001111001000100110110111010000 ;
b10000 E
b1001000010 3
1'
#4291200
0'
#4294800
0D
07
b11000100100110 @
b10000 E
b1001000011 3
1'
#4298400
0'
#4302000
07
b1111011011001001 @
1D
0C
b10000 E
b1001000100 3
1'
#4305600
0'
#4309200
0D
07
b1010100011110001 @
b10000 E
b1001000101 3
1'
#4312800
0'
#4316400
07
b100010111000001 @
1D
b10000 E
b1001000110 3
1'
#4320000
0'
#4323600
0D
17
b1000101010010011 @
b10000 E
b1001000111 3
1'
#4327200
0'
#4330800
07
b1100001011111000 @
1D
1C
b10000 E
b1001001000 3
1'
#4334400
0'
#4338000
0D
1B
1A
07
b1010100101101010 @
b10000 E
b1001001001 3
1'
#4341600
0'
#4345200
07
b10111110101 @
0B
1D
0C
1?
b0 >
b10001111 :
b10101100100101100111000111111001100110100101101011111101001011010001101001011110111101000110000010010110001100100011110010001001101101110100001 %
b10101100100101100111000111111001100110100101101011111101001011010001101001011110111101000110000010010110001100100011110010001001101101110100001 6
b10101100100101100111000111111001100110100101101011111101001011010001101001011110111101000110000010010110001100100011110010001001101101110100001 ;
b10000 E
b1001001010 3
1'
#4348800
0'
#4352400
0D
07
b1100011100011010 @
b10000 E
b1001001011 3
1'
#4356000
0'
#4359600
17
b1101001001001010 @
1D
b10000 E
b1001001100 3
1'
#4363200
0'
#4366800
0D
1B
0A
07
b1100101001001101 @
b10000 E
b1001001101 3
1'
#4370400
0'
#4374000
07
b11010011001000 @
0B
1D
0?
b10010000 :
b101011001001011001110001111110011001101001011010111111010010110100011010010111101111010001100000100101100011001000111100100010011011011101000010 %
b101011001001011001110001111110011001101001011010111111010010110100011010010111101111010001100000100101100011001000111100100010011011011101000010 6
b101011001001011001110001111110011001101001011010111111010010110100011010010111101111010001100000100101100011001000111100100010011011011101000010 ;
b10000 E
b1001001110 3
1'
#4377600
0'
#4381200
0D
07
b1111010010001010 @
b10000 E
b1001001111 3
1'
#4384800
0'
#4388400
17
b10110100010110 @
1D
b10000 E
b1001010000 3
1'
#4392000
0'
#4395600
0D
1B
17
b1011001001101 @
b10000 E
b1001010001 3
1'
#4399200
0'
#4402800
07
b11010101000111 @
0B
1D
1C
b1 >
b10010001 :
b1010110010010110011100011111100110011010010110101111110100101101000110100101111011110100011000001001011000110010001111001000100110110111010000100 %
b1010110010010110011100011111100110011010010110101111110100101101000110100101111011110100011000001001011000110010001111001000100110110111010000100 6
b1010110010010110011100011111100110011010010110101111110100101101000110100101111011110100011000001001011000110010001111001000100110110111010000100 ;
b10000 E
b1001010010 3
1'
#4406400
0'
#4410000
0D
1B
1A
17
b110000111111100 @
b10000 E
b1001010011 3
1'
#4413600
0'
#4417200
17
b1011101100100101 @
0B
1D
1?
b0 >
b10010010 :
b10101100100101100111000111111001100110100101101011111101001011010001101001011110111101000110000010010110001100100011110010001001101101110100001001 %
b10101100100101100111000111111001100110100101101011111101001011010001101001011110111101000110000010010110001100100011110010001001101101110100001001 6
b10101100100101100111000111111001100110100101101011111101001011010001101001011110111101000110000010010110001100100011110010001001101101110100001001 ;
b10000 E
b1001010100 3
1'
#4420800
0'
#4424400
0D
17
b1101100110011111 @
b10000 E
b1001010101 3
1'
#4428000
0'
#4431600
07
b10010110111111 @
1D
b10000 E
b1001010110 3
1'
#4435200
0'
#4438800
0D
1B
17
b100001011000111 @
b10000 E
b1001010111 3
1'
#4442400
0'
#4446000
07
b1101110011001110 @
0B
1D
b1 >
b10010011 :
b101011001001011001110001111110011001101001011010111111010010110100011010010111101111010001100000100101100011001000111100100010011011011101000010011 %
b101011001001011001110001111110011001101001011010111111010010110100011010010111101111010001100000100101100011001000111100100010011011011101000010011 6
b101011001001011001110001111110011001101001011010111111010010110100011010010111101111010001100000100101100011001000111100100010011011011101000010011 ;
b10000 E
b1001011000 3
1'
#4449600
0'
#4453200
0D
1B
17
b100100010011101 @
b10000 E
b1001011001 3
1'
#4456800
0'
#4460400
17
b1110101011000 @
0B
1D
b10 >
b10010100 :
b1010110010010110011100011111100110011010010110101111110100101101000110100101111011110100011000001001011000110010001111001000100110110111010000100111 %
b1010110010010110011100011111100110011010010110101111110100101101000110100101111011110100011000001001011000110010001111001000100110110111010000100111 6
b1010110010010110011100011111100110011010010110101111110100101101000110100101111011110100011000001001011000110010001111001000100110110111010000100111 ;
b10000 E
b1001011010 3
1'
#4464000
0'
#4467600
0D
17
b111000001010011 @
b10000 E
b1001011011 3
1'
#4471200
0'
#4474800
07
b11111010000110 @
1D
b10000 E
b1001011100 3
1'
#4478400
0'
#4482000
0D
1B
17
b1000101101101000 @
b10000 E
b1001011101 3
1'
#4485600
0'
#4489200
17
b110010011101000 @
0B
1D
b11 >
b10010101 :
b10101100100101100111000111111001100110100101101011111101001011010001101001011110111101000110000010010110001100100011110010001001101101110100001001111 %
b10101100100101100111000111111001100110100101101011111101001011010001101001011110111101000110000010010110001100100011110010001001101101110100001001111 6
b10101100100101100111000111111001100110100101101011111101001011010001101001011110111101000110000010010110001100100011110010001001101101110100001001111 ;
b10000 E
b1001011110 3
1'
#4492800
0'
#4496400
0D
07
b1011111111111000 @
b10000 E
b1001011111 3
1'
#4500000
0'
#4503600
07
b1101100110001010 @
1D
0C
b10000 E
b1001100000 3
1'
#4507200
0'
#4510800
0D
07
b101011000100111 @
b10000 E
b1001100001 3
1'
#4514400
0'
#4518000
07
b1110011110110010 @
1D
b10000 E
b1001100010 3
1'
#4521600
0'
#4525200
0D
07
b110111010111100 @
b10000 E
b1001100011 3
1'
#4528800
0'
#4532400
07
b1001110101 @
1D
b10000 E
b1001100100 3
1'
#4536000
0'
#4539600
0D
17
b1000111111001010 @
b10000 E
b1001100101 3
1'
#4543200
0'
#4546800
17
b1111100010111011 @
1D
1C
b10000 E
b1001100110 3
1'
#4550400
0'
#4554000
0D
17
b111101110011110 @
b10000 E
b1001100111 3
1'
#4557600
0'
#4561200
07
b100100110000110 @
1D
b10000 E
b1001101000 3
1'
#4564800
0'
#4568400
0D
1B
17
b1111010111010000 @
b10000 E
b1001101001 3
1'
#4572000
0'
#4575600
17
b111001101000100 @
0B
1D
b100 >
b10010110 :
b101011001001011001110001111110011001101001011010111111010010110100011010010111101111010001100000100101100011001000111100100010011011011101000010011111 %
b101011001001011001110001111110011001101001011010111111010010110100011010010111101111010001100000100101100011001000111100100010011011011101000010011111 6
b101011001001011001110001111110011001101001011010111111010010110100011010010111101111010001100000100101100011001000111100100010011011011101000010011111 ;
b10000 E
b1001101010 3
1'
#4579200
0'
#4582800
0D
07
b100000001000110 @
b10000 E
b1001101011 3
1'
#4586400
0'
#4590000
17
b1000111000011001 @
1D
0C
b10000 E
b1001101100 3
1'
#4593600
0'
#4597200
0D
1B
0A
17
b1000011010101001 @
b10000 E
b1001101101 3
1'
#4600800
0'
#4604400
17
b1101001011110100 @
0B
1D
1C
0?
b0 >
b10010111 :
b1010110010010110011100011111100110011010010110101111110100101101000110100101111011110100011000001001011000110010001111001000100110110111010000100111110 %
b1010110010010110011100011111100110011010010110101111110100101101000110100101111011110100011000001001011000110010001111001000100110110111010000100111110 6
b1010110010010110011100011111100110011010010110101111110100101101000110100101111011110100011000001001011000110010001111001000100110110111010000100111110 ;
b10000 E
b1001101110 3
1'
#4608000
0'
#4611600
0D
07
b101010000100101 @
b10000 E
b1001101111 3
1'
#4615200
0'
#4618800
17
b1011110101000101 @
1D
0C
b10000 E
b1001110000 3
1'
#4622400
0'
#4626000
0D
1B
07
b1101001010111 @
b10000 E
b1001110001 3
1'
#4629600
0'
#4633200
07
b1001001011011001 @
0B
1D
b1 >
b10011000 :
b10101100100101100111000111111001100110100101101011111101001011010001101001011110111101000110000010010110001100100011110010001001101101110100001001111100 %
b10101100100101100111000111111001100110100101101011111101001011010001101001011110111101000110000010010110001100100011110010001001101101110100001001111100 6
b10101100100101100111000111111001100110100101101011111101001011010001101001011110111101000110000010010110001100100011110010001001101101110100001001111100 ;
b10000 E
b1001110010 3
1'
#4636800
0'
#4640400
0D
17
b110111110010100 @
b10000 E
b1001110011 3
1'
#4644000
0'
#4647600
17
b110011000011010 @
1D
1C
b10000 E
b1001110100 3
1'
#4651200
0'
#4654800
0D
07
b111101000011001 @
b10000 E
b1001110101 3
1'
#4658400
0'
#4662000
17
b1100110011100011 @
1D
0C
b10000 E
b1001110110 3
1'
#4665600
0'
#4669200
0D
1B
07
b1001011000100100 @
b10000 E
b1001110111 3
1'
#4672800
0'
#4676400
17
b1001010101101101 @
0B
1D
b10 >
b10011001 :
b101011001001011001110001111110011001101001011010111111010010110100011010010111101111010001100000100101100011001000111100100010011011011101000010011111000 %
b101011001001011001110001111110011001101001011010111111010010110100011010010111101111010001100000100101100011001000111100100010011011011101000010011111000 6
b101011001001011001110001111110011001101001011010111111010010110100011010010111101111010001100000100101100011001000111100100010011011011101000010011111000 ;
b10000 E
b1001111000 3
1'
#4680000
0'
#4683600
0D
1B
07
b1011000000011100 @
b10000 E
b1001111001 3
1'
#4687200
0'
#4690800
17
b1111001101001001 @
0B
1D
b11 >
b10011010 :
b1010110010010110011100011111100110011010010110101111110100101101000110100101111011110100011000001001011000110010001111001000100110110111010000100111110000 %
b1010110010010110011100011111100110011010010110101111110100101101000110100101111011110100011000001001011000110010001111001000100110110111010000100111110000 6
b1010110010010110011100011111100110011010010110101111110100101101000110100101111011110100011000001001011000110010001111001000100110110111010000100111110000 ;
b10000 E
b1001111010 3
1'
#4694400
0'
#4698000
0D
1B
07
b1111100001101000 @
b10000 E
b1001111011 3
1'
#4701600
0'
#4705200
07
b1111001101111011 @
0B
1D
b100 >
b10011011 :
b10101100100101100111000111111001100110100101101011111101001011010001101001011110111101000110000010010110001100100011110010001001101101110100001001111100000 %
b10101100100101100111000111111001100110100101101011111101001011010001101001011110111101000110000010010110001100100011110010001001101101110100001001111100000 6
b10101100100101100111000111111001100110100101101011111101001011010001101001011110111101000110000010010110001100100011110010001001101101110100001001111100000 ;
b10000 E
b1001111100 3
1'
#4708800
0'
#4712400
0D
17
b1110101010100011 @
b10000 E
b1001111101 3
1'
#4716000
0'
#4719600
07
b1111010000101010 @
1D
1C
b10000 E
b1001111110 3
1'
#4723200
0'
#4726800
0D
1B
1A
07
b1111101001000100 @
b10000 E
b1001111111 3
1'
#4730400
0'
#4734000
07
b1110111111100011 @
0B
1D
0C
1?
b0 >
b10011100 :
b101011001001011001110001111110011001101001011010111111010010110100011010010111101111010001100000100101100011001000111100100010011011011101000010011111000001 %
b101011001001011001110001111110011001101001011010111111010010110100011010010111101111010001100000100101100011001000111100100010011011011101000010011111000001 6
b101011001001011001110001111110011001101001011010111111010010110100011010010111101111010001100000100101100011001000111100100010011011011101000010011111000001 ;
b10000 E
b1010000000 3
1'
#4737600
0'
#4741200
0D
17
b1010110111010001 @
b10000 E
b1010000001 3
1'
#4744800
0'
#4748400
17
b111001111000011 @
1D
1C
b10000 E
b1010000010 3
1'
#4752000
0'
#4755600
0D
07
b1000111010011100 @
b10000 E
b1010000011 3
1'
#4759200
0'
#4762800
17
b11100011011110 @
1D
0C
b10000 E
b1010000100 3
1'
#4766400
0'
#4770000
0D
1B
0A
07
b11011010101010 @
b10000 E
b1010000101 3
1'
#4773600
0'
#4777200
07
b111110100101 @
0B
1D
0?
b10011101 :
b1010110010010110011100011111100110011010010110101111110100101101000110100101111011110100011000001001011000110010001111001000100110110111010000100111110000010 %
b1010110010010110011100011111100110011010010110101111110100101101000110100101111011110100011000001001011000110010001111001000100110110111010000100111110000010 6
b1010110010010110011100011111100110011010010110101111110100101101000110100101111011110100011000001001011000110010001111001000100110110111010000100111110000010 ;
b10000 E
b1010000110 3
1'
#4780800
0'
#4784400
0D
17
b1100000001100010 @
b10000 E
b1010000111 3
1'
#4788000
0'
#4791600
07
b1111011011100111 @
1D
1C
b10000 E
b1010001000 3
1'
#4795200
0'
#4798800
0D
1B
1A
17
b1101110011011110 @
b10000 E
b1010001001 3
1'
#4802400
0'
#4806000
07
b1100101000101000 @
0B
1D
1?
b10011110 :
b10101100100101100111000111111001100110100101101011111101001011010001101001011110111101000110000010010110001100100011110010001001101101110100001001111100000101 %
b10101100100101100111000111111001100110100101101011111101001011010001101001011110111101000110000010010110001100100011110010001001101101110100001001111100000101 6
b10101100100101100111000111111001100110100101101011111101001011010001101001011110111101000110000010010110001100100011110010001001101101110100001001111100000101 ;
b10000 E
b1010001010 3
1'
#4809600
0'
#4813200
0D
1B
17
b111011100010101 @
b10000 E
b1010001011 3
1'
#4816800
0'
#4820400
07
b1100101110110000 @
0B
1D
b1 >
b10011111 :
b101011001001011001110001111110011001101001011010111111010010110100011010010111101111010001100000100101100011001000111100100010011011011101000010011111000001011 %
b101011001001011001110001111110011001101001011010111111010010110100011010010111101111010001100000100101100011001000111100100010011011011101000010011111000001011 6
b101011001001011001110001111110011001101001011010111111010010110100011010010111101111010001100000100101100011001000111100100010011011011101000010011111000001011 ;
b10000 E
b1010001100 3
1'
#4824000
0'
#4827600
0D
1B
07
b1101000011000010 @
b10000 E
b1010001101 3
1'
#4831200
0'
#4834800
17
b1010011111100111 @
0B
1D
0C
b10 >
b10100000 :
b1010110010010110011100011111100110011010010110101111110100101101000110100101111011110100011000001001011000110010001111001000100110110111010000100111110000010111 %
b1010110010010110011100011111100110011010010110101111110100101101000110100101111011110100011000001001011000110010001111001000100110110111010000100111110000010111 6
b1010110010010110011100011111100110011010010110101111110100101101000110100101111011110100011000001001011000110010001111001000100110110111010000100111110000010111 ;
b10000 E
b1010001110 3
1'
#4838400
0'
#4842000
0D
1B
0A
17
b1011101101011 @
b10000 E
b1010001111 3
1'
#4845600
0'
#4849200
07
b101010111001010 @
0B
1D
1C
0?
b0 >
b10100001 :
b10101100100101100111000111111001100110100101101011111101001011010001101001011110111101000110000010010110001100100011110010001001101101110100001001111100000101110 %
b10101100100101100111000111111001100110100101101011111101001011010001101001011110111101000110000010010110001100100011110010001001101101110100001001111100000101110 6
b10101100100101100111000111111001100110100101101011111101001011010001101001011110111101000110000010010110001100100011110010001001101101110100001001111100000101110 ;
b10000 E
b1010010000 3
1'
#4852800
0'
#4856400
0D
1B
1A
17
b111111011101001 @
b10000 E
b1010010001 3
1'
#4860000
0'
#4863600
17
b101101110011010 @
0B
1D
1?
b10100010 :
b101011001001011001110001111110011001101001011010111111010010110100011010010111101111010001100000100101100011001000111100100010011011011101000010011111000001011101 %
b101011001001011001110001111110011001101001011010111111010010110100011010010111101111010001100000100101100011001000111100100010011011011101000010011111000001011101 6
b101011001001011001110001111110011001101001011010111111010010110100011010010111101111010001100000100101100011001000111100100010011011011101000010011111000001011101 ;
b10000 E
b1010010010 3
1'
#4867200
0'
#4870800
0D
07
b1111110111011111 @
b10000 E
b1010010011 3
1'
#4874400
0'
#4878000
17
b1100011000101001 @
1D
0C
b10000 E
b1010010100 3
1'
#4881600
0'
#4885200
0D
1B
0A
17
b110110001111010 @
b10000 E
b1010010101 3
1'
#4888800
0'
#4892400
07
b10010100100101 @
0B
1D
1C
0?
b10100011 :
b1010110010010110011100011111100110011010010110101111110100101101000110100101111011110100011000001001011000110010001111001000100110110111010000100111110000010111010 %
b1010110010010110011100011111100110011010010110101111110100101101000110100101111011110100011000001001011000110010001111001000100110110111010000100111110000010111010 6
b1010110010010110011100011111100110011010010110101111110100101101000110100101111011110100011000001001011000110010001111001000100110110111010000100111110000010111010 ;
b10000 E
b1010010110 3
1'
#4896000
0'
#4899600
0D
1B
1A
07
b1110000110001000 @
b10000 E
b1010010111 3
1'
#4903200
0'
#4906800
17
b1111101001010001 @
0B
1D
0C
1?
b10100100 :
b10101100100101100111000111111001100110100101101011111101001011010001101001011110111101000110000010010110001100100011110010001001101101110100001001111100000101110101 %
b10101100100101100111000111111001100110100101101011111101001011010001101001011110111101000110000010010110001100100011110010001001101101110100001001111100000101110101 6
b10101100100101100111000111111001100110100101101011111101001011010001101001011110111101000110000010010110001100100011110010001001101101110100001001111100000101110101 ;
b10000 E
b1010011000 3
1'
#4910400
0'
#4914000
0D
1B
0A
07
b1001001110110100 @
b10000 E
b1010011001 3
1'
#4917600
0'
#4921200
07
b111010111111 @
0B
1D
0?
b10100101 :
b101011001001011001110001111110011001101001011010111111010010110100011010010111101111010001100000100101100011001000111100100010011011011101000010011111000001011101010 %
b101011001001011001110001111110011001101001011010111111010010110100011010010111101111010001100000100101100011001000111100100010011011011101000010011111000001011101010 6
b101011001001011001110001111110011001101001011010111111010010110100011010010111101111010001100000100101100011001000111100100010011011011101000010011111000001011101010 ;
b10000 E
b1010011010 3
1'
#4924800
0'
#4928400
0D
17
b1100100011001111 @
b10000 E
b1010011011 3
1'
#4932000
0'
#4935600
07
b1010100100100100 @
1D
1C
b10000 E
b1010011100 3
1'
#4939200
0'
#4942800
0D
1B
1A
17
b11010011010001 @
b10000 E
b1010011101 3
1'
#4946400
0'
#4950000
07
b1100111010001010 @
0B
1D
1?
b10100110 :
b1010110010010110011100011111100110011010010110101111110100101101000110100101111011110100011000001001011000110010001111001000100110110111010000100111110000010111010101 %
b1010110010010110011100011111100110011010010110101111110100101101000110100101111011110100011000001001011000110010001111001000100110110111010000100111110000010111010101 6
b1010110010010110011100011111100110011010010110101111110100101101000110100101111011110100011000001001011000110010001111001000100110110111010000100111110000010111010101 ;
b10000 E
b1010011110 3
1'
#4953600
0'
#4957200
0D
1B
07
b100111110101 @
b10000 E
b1010011111 3
1'
#4960800
0'
#4964400
07
b100010110010100 @
0B
1D
0C
b1 >
b10100111 :
b10101100100101100111000111111001100110100101101011111101001011010001101001011110111101000110000010010110001100100011110010001001101101110100001001111100000101110101011 %
b10101100100101100111000111111001100110100101101011111101001011010001101001011110111101000110000010010110001100100011110010001001101101110100001001111100000101110101011 6
b10101100100101100111000111111001100110100101101011111101001011010001101001011110111101000110000010010110001100100011110010001001101101110100001001111100000101110101011 ;
b10000 E
b1010100000 3
1'
#4968000
0'
#4971600
0D
17
b1011110001110001 @
b10000 E
b1010100001 3
1'
#4975200
0'
#4978800
17
b1100000110010011 @
1D
1C
b10000 E
b1010100010 3
1'
#4982400
0'
#4986000
0D
17
b1111101001010010 @
b10000 E
b1010100011 3
1'
#4989600
0'
#4993200
07
b10110111010111 @
1D
b10000 E
b1010100100 3
1'
#4996800
0'
#5000400
0D
1B
07
b110011110011000 @
b10000 E
b1010100101 3
1'
#5004000
0'
#5007600
17
b110101011010011 @
0B
1D
0C
b10 >
b10101000 :
b101011001001011001110001111110011001101001011010111111010010110100011010010111101111010001100000100101100011001000111100100010011011011101000010011111000001011101010111 %
b101011001001011001110001111110011001101001011010111111010010110100011010010111101111010001100000100101100011001000111100100010011011011101000010011111000001011101010111 6
b101011001001011001110001111110011001101001011010111111010010110100011010010111101111010001100000100101100011001000111100100010011011011101000010011111000001011101010111 ;
b10000 E
b1010100110 3
1'
#5011200
0'
#5014800
0D
1B
0A
17
b1001000000000001 @
b10000 E
b1010100111 3
1'
#5018400
0'
#5022000
07
b1111101000011101 @
0B
1D
1C
0?
b0 >
b10101001 :
b1010110010010110011100011111100110011010010110101111110100101101000110100101111011110100011000001001011000110010001111001000100110110111010000100111110000010111010101110 %
b1010110010010110011100011111100110011010010110101111110100101101000110100101111011110100011000001001011000110010001111001000100110110111010000100111110000010111010101110 6
b1010110010010110011100011111100110011010010110101111110100101101000110100101111011110100011000001001011000110010001111001000100110110111010000100111110000010111010101110 ;
b10000 E
b1010101000 3
1'
#5025600
0'
#5029200
0D
1B
1A
17
b111011110110000 @
b10000 E
b1010101001 3
1'
#5032800
0'
#5036400
07
b111101001101 @
0B
1D
1?
b10101010 :
b10101100100101100111000111111001100110100101101011111101001011010001101001011110111101000110000010010110001100100011110010001001101101110100001001111100000101110101011101 %
b10101100100101100111000111111001100110100101101011111101001011010001101001011110111101000110000010010110001100100011110010001001101101110100001001111100000101110101011101 6
b10101100100101100111000111111001100110100101101011111101001011010001101001011110111101000110000010010110001100100011110010001001101101110100001001111100000101110101011101 ;
b10000 E
b1010101010 3
1'
#5040000
0'
#5043600
0D
1B
17
b1011110001110010 @
b10000 E
b1010101011 3
1'
#5047200
0'
#5050800
17
b11001011010010 @
0B
1D
b1 >
b10101011 :
b101011001001011001110001111110011001101001011010111111010010110100011010010111101111010001100000100101100011001000111100100010011011011101000010011111000001011101010111011 %
b101011001001011001110001111110011001101001011010111111010010110100011010010111101111010001100000100101100011001000111100100010011011011101000010011111000001011101010111011 6
b101011001001011001110001111110011001101001011010111111010010110100011010010111101111010001100000100101100011001000111100100010011011011101000010011111000001011101010111011 ;
b10000 E
b1010101100 3
1'
#5054400
0'
#5058000
0D
17
b1000001110010110 @
b10000 E
b1010101101 3
1'
#5061600
0'
#5065200
17
b1011010100010100 @
1D
b10000 E
b1010101110 3
1'
#5068800
0'
#5072400
0D
17
b1111100000110000 @
b10000 E
b1010101111 3
1'
#5076000
0'
#5079600
17
b1111001111011100 @
1D
b10000 E
b1010110000 3
1'
#5083200
0'
#5086800
0D
07
b101110011010111 @
b10000 E
b1010110001 3
1'
#5090400
0'
#5094000
17
b1011111100111100 @
1D
0C
b10000 E
b1010110010 3
1'
#5097600
0'
#5101200
0D
1B
0A
17
b1110101111010101 @
b10000 E
b1010110011 3
1'
#5104800
0'
#5108400
07
b1100100110001110 @
0B
1D
1C
0?
b0 >
b10101100 :
b1010110010010110011100011111100110011010010110101111110100101101000110100101111011110100011000001001011000110010001111001000100110110111010000100111110000010111010101110110 %
b1010110010010110011100011111100110011010010110101111110100101101000110100101111011110100011000001001011000110010001111001000100110110111010000100111110000010111010101110110 6
b1010110010010110011100011111100110011010010110101111110100101101000110100101111011110100011000001001011000110010001111001000100110110111010000100111110000010111010101110110 ;
b10000 E
b1010110100 3
1'
#5112000
0'
#5115600
0D
1B
1A
07
b11111110100011 @
b10000 E
b1010110101 3
1'
#5119200
0'
#5122800
17
b110101111010001 @
0B
1D
0C
1?
b10101101 :
b10101100100101100111000111111001100110100101101011111101001011010001101001011110111101000110000010010110001100100011110010001001101101110100001001111100000101110101011101101 %
b10101100100101100111000111111001100110100101101011111101001011010001101001011110111101000110000010010110001100100011110010001001101101110100001001111100000101110101011101101 6
b10101100100101100111000111111001100110100101101011111101001011010001101001011110111101000110000010010110001100100011110010001001101101110100001001111100000101110101011101101 ;
b10000 E
b1010110110 3
1'
#5126400
0'
#5130000
0D
1B
0A
17
b101011001010001 @
b10000 E
b1010110111 3
1'
#5133600
0'
#5137200
17
b1010111011101101 @
0B
1D
1C
0?
b10101110 :
b101011001001011001110001111110011001101001011010111111010010110100011010010111101111010001100000100101100011001000111100100010011011011101000010011111000001011101010111011010 %
b101011001001011001110001111110011001101001011010111111010010110100011010010111101111010001100000100101100011001000111100100010011011011101000010011111000001011101010111011010 6
b101011001001011001110001111110011001101001011010111111010010110100011010010111101111010001100000100101100011001000111100100010011011011101000010011111000001011101010111011010 ;
b10000 E
b1010111000 3
1'
#5140800
0'
#5144400
0D
17
b1011010010101110 @
b10000 E
b1010111001 3
1'
#5148000
0'
#5151600
07
b1100010001010111 @
1D
b10000 E
b1010111010 3
1'
#5155200
0'
#5158800
0D
1B
1A
07
b10010100000010 @
b10000 E
b1010111011 3
1'
#5162400
0'
#5166000
07
b1001111100011000 @
0B
1D
0C
1?
b10101111 :
b1010110010010110011100011111100110011010010110101111110100101101000110100101111011110100011000001001011000110010001111001000100110110111010000100111110000010111010101110110101 %
b1010110010010110011100011111100110011010010110101111110100101101000110100101111011110100011000001001011000110010001111001000100110110111010000100111110000010111010101110110101 6
b1010110010010110011100011111100110011010010110101111110100101101000110100101111011110100011000001001011000110010001111001000100110110111010000100111110000010111010101110110101 ;
b10000 E
b1010111100 3
1'
#5169600
0'
#5173200
0D
17
b1101000100010110 @
b10000 E
b1010111101 3
1'
#5176800
0'
#5180400
17
b1110001101111110 @
1D
1C
b10000 E
b1010111110 3
1'
#5184000
0'
#5187600
0D
07
b110111001110000 @
b10000 E
b1010111111 3
1'
#5191200
0'
#5194800
07
b1101110100111111 @
1D
0C
b10000 E
b1011000000 3
1'
#5198400
0'
#5202000
0D
17
b111010000011111 @
b10000 E
b1011000001 3
1'
#5205600
0'
#5209200
17
b111110100101001 @
1D
1C
b10000 E
b1011000010 3
1'
#5212800
0'
#5216400
0D
17
b1100100101001100 @
b10000 E
b1011000011 3
1'
#5220000
0'
#5223600
07
b1111101001001110 @
1D
b10000 E
b1011000100 3
1'
#5227200
0'
#5230800
0D
1B
07
b100101111100100 @
b10000 E
b1011000101 3
1'
#5234400
0'
#5238000
17
b101011000010 @
0B
1D
0C
b1 >
b10110000 :
b10101100100101100111000111111001100110100101101011111101001011010001101001011110111101000110000010010110001100100011110010001001101101110100001001111100000101110101011101101011 %
b10101100100101100111000111111001100110100101101011111101001011010001101001011110111101000110000010010110001100100011110010001001101101110100001001111100000101110101011101101011 6
b10101100100101100111000111111001100110100101101011111101001011010001101001011110111101000110000010010110001100100011110010001001101101110100001001111100000101110101011101101011 ;
b10000 E
b1011000110 3
1'
#5241600
0'
#5245200
0D
1B
0A
17
b1100000111000110 @
b10000 E
b1011000111 3
1'
#5248800
0'
#5252400
17
b1111010001000100 @
0B
1D
1C
0?
b0 >
b10110001 :
b101011001001011001110001111110011001101001011010111111010010110100011010010111101111010001100000100101100011001000111100100010011011011101000010011111000001011101010111011010110 %
b101011001001011001110001111110011001101001011010111111010010110100011010010111101111010001100000100101100011001000111100100010011011011101000010011111000001011101010111011010110 6
b101011001001011001110001111110011001101001011010111111010010110100011010010111101111010001100000100101100011001000111100100010011011011101000010011111000001011101010111011010110 ;
b10000 E
b1011001000 3
1'
#5256000
0'
#5259600
0D
17
b110011011010000 @
b10000 E
b1011001001 3
1'
#5263200
0'
#5266800
17
b111101110011110 @
1D
b10000 E
b1011001010 3
1'
#5270400
0'
#5274000
0D
07
b1101000101011001 @
b10000 E
b1011001011 3
1'
#5277600
0'
#5281200
17
b101010111010110 @
1D
0C
b10000 E
b1011001100 3
1'
#5284800
0'
#5288400
0D
1B
07
b110011111001110 @
b10000 E
b1011001101 3
1'
#5292000
0'
#5295600
07
b10001000111100 @
0B
1D
b1 >
b10110010 :
b1010110010010110011100011111100110011010010110101111110100101101000110100101111011110100011000001001011000110010001111001000100110110111010000100111110000010111010101110110101100 %
b1010110010010110011100011111100110011010010110101111110100101101000110100101111011110100011000001001011000110010001111001000100110110111010000100111110000010111010101110110101100 6
b1010110010010110011100011111100110011010010110101111110100101101000110100101111011110100011000001001011000110010001111001000100110110111010000100111110000010111010101110110101100 ;
b10000 E
b1011001110 3
1'
#5299200
0'
#5302800
0D
17
b10100001000110 @
b10000 E
b1011001111 3
1'
#5306400
0'
#5310000
07
b1101011101010110 @
1D
1C
b10000 E
b1011010000 3
1'
#5313600
0'
#5317200
0D
1B
1A
17
b1100001101110011 @
b10000 E
b1011010001 3
1'
#5320800
0'
#5324400
17
b1101100110111110 @
0B
1D
1?
b0 >
b10110011 :
b10101100100101100111000111111001100110100101101011111101001011010001101001011110111101000110000010010110001100100011110010001001101101110100001001111100000101110101011101101011001 %
b10101100100101100111000111111001100110100101101011111101001011010001101001011110111101000110000010010110001100100011110010001001101101110100001001111100000101110101011101101011001 6
b10101100100101100111000111111001100110100101101011111101001011010001101001011110111101000110000010010110001100100011110010001001101101110100001001111100000101110101011101101011001 ;
b10000 E
b1011010010 3
1'
#5328000
0'
#5331600
0D
17
b11100001101111 @
b10000 E
b1011010011 3
1'
#5335200
0'
#5338800
17
b1110001101111 @
1D
b10000 E
b1011010100 3
1'
#5342400
0'
#5346000
0D
07
b100001000110011 @
b10000 E
b1011010101 3
1'
#5349600
0'
#5353200
17
b11001101111010 @
1D
0C
b10000 E
b1011010110 3
1'
#5356800
0'
#5360400
0D
1B
0A
07
b1000110001000011 @
b10000 E
b1011010111 3
1'
#5364000
0'
#5367600
07
b101011101100111 @
0B
1D
0?
b10110100 :
b101011001001011001110001111110011001101001011010111111010010110100011010010111101111010001100000100101100011001000111100100010011011011101000010011111000001011101010111011010110010 %
b101011001001011001110001111110011001101001011010111111010010110100011010010111101111010001100000100101100011001000111100100010011011011101000010011111000001011101010111011010110010 6
b101011001001011001110001111110011001101001011010111111010010110100011010010111101111010001100000100101100011001000111100100010011011011101000010011111000001011101010111011010110010 ;
b10000 E
b1011011000 3
1'
#5371200
0'
#5374800
0D
07
b11111010111010 @
b10000 E
b1011011001 3
1'
#5378400
0'
#5382000
17
b1001110010100001 @
1D
b10000 E
b1011011010 3
1'
#5385600
0'
#5389200
0D
1B
07
b1011000101100011 @
b10000 E
b1011011011 3
1'
#5392800
0'
#5396400
17
b1000101100000111 @
0B
1D
b1 >
b10110101 :
b1010110010010110011100011111100110011010010110101111110100101101000110100101111011110100011000001001011000110010001111001000100110110111010000100111110000010111010101110110101100100 %
b1010110010010110011100011111100110011010010110101111110100101101000110100101111011110100011000001001011000110010001111001000100110110111010000100111110000010111010101110110101100100 6
b1010110010010110011100011111100110011010010110101111110100101101000110100101111011110100011000001001011000110010001111001000100110110111010000100111110000010111010101110110101100100 ;
b10000 E
b1011011100 3
1'
#5400000
0'
#5403600
0D
1B
17
b1101000111111011 @
b10000 E
b1011011101 3
1'
#5407200
0'
#5410800
07
b10011001001100 @
0B
1D
1C
b10 >
b10110110 :
b10101100100101100111000111111001100110100101101011111101001011010001101001011110111101000110000010010110001100100011110010001001101101110100001001111100000101110101011101101011001000 %
b10101100100101100111000111111001100110100101101011111101001011010001101001011110111101000110000010010110001100100011110010001001101101110100001001111100000101110101011101101011001000 6
b10101100100101100111000111111001100110100101101011111101001011010001101001011110111101000110000010010110001100100011110010001001101101110100001001111100000101110101011101101011001000 ;
b10000 E
b1011011110 3
1'
#5414400
0'
#5418000
0D
1B
1A
07
b11001100111111 @
b10000 E
b1011011111 3
1'
#5421600
0'
#5425200
17
b1000110001011010 @
0B
1D
0C
1?
b0 >
b10110111 :
b101011001001011001110001111110011001101001011010111111010010110100011010010111101111010001100000100101100011001000111100100010011011011101000010011111000001011101010111011010110010001 %
b101011001001011001110001111110011001101001011010111111010010110100011010010111101111010001100000100101100011001000111100100010011011011101000010011111000001011101010111011010110010001 6
b101011001001011001110001111110011001101001011010111111010010110100011010010111101111010001100000100101100011001000111100100010011011011101000010011111000001011101010111011010110010001 ;
b10000 E
b1011100000 3
1'
#5428800
0'
#5432400
0D
1B
0A
17
b111001100101110 @
b10000 E
b1011100001 3
1'
#5436000
0'
#5439600
07
b111000100001111 @
0B
1D
1C
0?
b10111000 :
b1010110010010110011100011111100110011010010110101111110100101101000110100101111011110100011000001001011000110010001111001000100110110111010000100111110000010111010101110110101100100010 %
b1010110010010110011100011111100110011010010110101111110100101101000110100101111011110100011000001001011000110010001111001000100110110111010000100111110000010111010101110110101100100010 6
b1010110010010110011100011111100110011010010110101111110100101101000110100101111011110100011000001001011000110010001111001000100110110111010000100111110000010111010101110110101100100010 ;
b10000 E
b1011100010 3
1'
#5443200
0'
#5446800
0D
1B
1A
07
b1111110011011000 @
b10000 E
b1011100011 3
1'
#5450400
0'
#5454000
17
b1000010110000010 @
0B
1D
0C
1?
b10111001 :
b10101100100101100111000111111001100110100101101011111101001011010001101001011110111101000110000010010110001100100011110010001001101101110100001001111100000101110101011101101011001000101 %
b10101100100101100111000111111001100110100101101011111101001011010001101001011110111101000110000010010110001100100011110010001001101101110100001001111100000101110101011101101011001000101 6
b10101100100101100111000111111001100110100101101011111101001011010001101001011110111101000110000010010110001100100011110010001001101101110100001001111100000101110101011101101011001000101 ;
b10000 E
b1011100100 3
1'
#5457600
0'
#5461200
0D
1B
0A
07
b101111101100000 @
b10000 E
b1011100101 3
1'
#5464800
0'
#5468400
07
b1100000000001100 @
0B
1D
0?
b10111010 :
b101011001001011001110001111110011001101001011010111111010010110100011010010111101111010001100000100101100011001000111100100010011011011101000010011111000001011101010111011010110010001010 %
b101011001001011001110001111110011001101001011010111111010010110100011010010111101111010001100000100101100011001000111100100010011011011101000010011111000001011101010111011010110010001010 6
b101011001001011001110001111110011001101001011010111111010010110100011010010111101111010001100000100101100011001000111100100010011011011101000010011111000001011101010111011010110010001010 ;
b10000 E
b1011100110 3
1'
#5472000
0'
#5475600
0D
07
b111111010101010 @
b10000 E
b1011100111 3
1'
#5479200
0'
#5482800
17
b11101101010 @
1D
b10000 E
b1011101000 3
1'
#5486400
0'
#5490000
0D
1B
17
b1000100101010101 @
b10000 E
b1011101001 3
1'
#5493600
0'
#5497200
07
b1011110000001 @
0B
1D
1C
b1 >
b10111011 :
b1010110010010110011100011111100110011010010110101111110100101101000110100101111011110100011000001001011000110010001111001000100110110111010000100111110000010111010101110110101100100010100 %
b1010110010010110011100011111100110011010010110101111110100101101000110100101111011110100011000001001011000110010001111001000100110110111010000100111110000010111010101110110101100100010100 6
b1010110010010110011100011111100110011010010110101111110100101101000110100101111011110100011000001001011000110010001111001000100110110111010000100111110000010111010101110110101100100010100 ;
b10000 E
b1011101010 3
1'
#5500800
0'
#5504400
0D
1B
1A
07
b1000010100010101 @
b10000 E
b1011101011 3
1'
#5508000
0'
#5511600
17
b1011010000011010 @
0B
1D
0C
1?
b0 >
b10111100 :
b10101100100101100111000111111001100110100101101011111101001011010001101001011110111101000110000010010110001100100011110010001001101101110100001001111100000101110101011101101011001000101001 %
b10101100100101100111000111111001100110100101101011111101001011010001101001011110111101000110000010010110001100100011110010001001101101110100001001111100000101110101011101101011001000101001 6
b10101100100101100111000111111001100110100101101011111101001011010001101001011110111101000110000010010110001100100011110010001001101101110100001001111100000101110101011101101011001000101001 ;
b10000 E
b1011101100 3
1'
#5515200
0'
#5518800
0D
1B
0A
07
b10010111001011 @
b10000 E
b1011101101 3
1'
#5522400
0'
#5526000
07
b1101101010001010 @
0B
1D
0?
b10111101 :
b101011001001011001110001111110011001101001011010111111010010110100011010010111101111010001100000100101100011001000111100100010011011011101000010011111000001011101010111011010110010001010010 %
b101011001001011001110001111110011001101001011010111111010010110100011010010111101111010001100000100101100011001000111100100010011011011101000010011111000001011101010111011010110010001010010 6
b101011001001011001110001111110011001101001011010111111010010110100011010010111101111010001100000100101100011001000111100100010011011011101000010011111000001011101010111011010110010001010010 ;
b10000 E
b1011101110 3
1'
#5529600
0'
#5533200
0D
17
b1010100110000 @
b10000 E
b1011101111 3
1'
#5536800
0'
#5540400
07
b1111100010111010 @
1D
1C
b10000 E
b1011110000 3
1'
#5544000
0'
#5547600
0D
1B
1A
07
b1001111111110110 @
b10000 E
b1011110001 3
1'
#5551200
0'
#5554800
07
b10010110000110 @
0B
1D
0C
1?
b10111110 :
b1010110010010110011100011111100110011010010110101111110100101101000110100101111011110100011000001001011000110010001111001000100110110111010000100111110000010111010101110110101100100010100101 %
b1010110010010110011100011111100110011010010110101111110100101101000110100101111011110100011000001001011000110010001111001000100110110111010000100111110000010111010101110110101100100010100101 6
b1010110010010110011100011111100110011010010110101111110100101101000110100101111011110100011000001001011000110010001111001000100110110111010000100111110000010111010101110110101100100010100101 ;
b10000 E
b1011110010 3
1'
#5558400
0'
#5562000
0D
07
b1001010100000 @
b10000 E
b1011110011 3
1'
#5565600
0'
#5569200
17
b1000010000110111 @
1D
b10000 E
b1011110100 3
1'
#5572800
0'
#5576400
0D
1B
0A
07
b110100001011110 @
b10000 E
b1011110101 3
1'
#5580000
0'
#5583600
17
b1100100001110111 @
0B
1D
0?
b10111111 :
b10101100100101100111000111111001100110100101101011111101001011010001101001011110111101000110000010010110001100100011110010001001101101110100001001111100000101110101011101101011001000101001010 %
b10101100100101100111000111111001100110100101101011111101001011010001101001011110111101000110000010010110001100100011110010001001101101110100001001111100000101110101011101101011001000101001010 6
b10101100100101100111000111111001100110100101101011111101001011010001101001011110111101000110000010010110001100100011110010001001101101110100001001111100000101110101011101101011001000101001010 ;
b10000 E
b1011110110 3
1'
#5587200
0'
#5590800
0D
1B
17
b111011111011001 @
b10000 E
b1011110111 3
1'
#5594400
0'
#5598000
17
b110000001000110 @
0B
1D
1C
b1 >
b11000000 :
b101011001001011001110001111110011001101001011010111111010010110100011010010111101111010001100000100101100011001000111100100010011011011101000010011111000001011101010111011010110010001010010100 %
b101011001001011001110001111110011001101001011010111111010010110100011010010111101111010001100000100101100011001000111100100010011011011101000010011111000001011101010111011010110010001010010100 6
b101011001001011001110001111110011001101001011010111111010010110100011010010111101111010001100000100101100011001000111100100010011011011101000010011111000001011101010111011010110010001010010100 ;
b10000 E
b1011111000 3
1'
#5601600
0'
#5605200
0D
17
b1000000011010001 @
b10000 E
b1011111001 3
1'
#5608800
0'
#5612400
07
b100001011101110 @
1D
b10000 E
b1011111010 3
1'
#5616000
0'
#5619600
0D
1B
1A
17
b1111011000100011 @
b10000 E
b1011111011 3
1'
#5623200
0'
#5626800
07
b1010001111111001 @
0B
1D
1?
b0 >
b11000001 :
b1010110010010110011100011111100110011010010110101111110100101101000110100101111011110100011000001001011000110010001111001000100110110111010000100111110000010111010101110110101100100010100101001 %
b1010110010010110011100011111100110011010010110101111110100101101000110100101111011110100011000001001011000110010001111001000100110110111010000100111110000010111010101110110101100100010100101001 6
b1010110010010110011100011111100110011010010110101111110100101101000110100101111011110100011000001001011000110010001111001000100110110111010000100111110000010111010101110110101100100010100101001 ;
b10000 E
b1011111100 3
1'
#5630400
0'
#5634000
0D
1B
07
b110010001100100 @
b10000 E
b1011111101 3
1'
#5637600
0'
#5641200
17
b1011101111010110 @
0B
1D
0C
b1 >
b11000010 :
b10101100100101100111000111111001100110100101101011111101001011010001101001011110111101000110000010010110001100100011110010001001101101110100001001111100000101110101011101101011001000101001010011 %
b10101100100101100111000111111001100110100101101011111101001011010001101001011110111101000110000010010110001100100011110010001001101101110100001001111100000101110101011101101011001000101001010011 6
b10101100100101100111000111111001100110100101101011111101001011010001101001011110111101000110000010010110001100100011110010001001101101110100001001111100000101110101011101101011001000101001010011 ;
b10000 E
b1011111110 3
1'
#5644800
0'
#5648400
0D
1B
0A
07
b1010001101110010 @
b10000 E
b1011111111 3
1'
#5652000
0'
#5655600
07
b1100100001011011 @
0B
1D
0?
b0 >
b11000011 :
b101011001001011001110001111110011001101001011010111111010010110100011010010111101111010001100000100101100011001000111100100010011011011101000010011111000001011101010111011010110010001010010100110 %
b101011001001011001110001111110011001101001011010111111010010110100011010010111101111010001100000100101100011001000111100100010011011011101000010011111000001011101010111011010110010001010010100110 6
b101011001001011001110001111110011001101001011010111111010010110100011010010111101111010001100000100101100011001000111100100010011011011101000010011111000001011101010111011010110010001010010100110 ;
b10000 E
b1100000000 3
1'
#5659200
0'
#5662800
0D
17
b101001000001001 @
b10000 E
b1100000001 3
1'
#5666400
0'
#5670000
07
b1001000010111 @
1D
1C
b10000 E
b1100000010 3
1'
#5673600
0'
#5677200
0D
1B
1A
07
b1011100000111100 @
b10000 E
b1100000011 3
1'
#5680800
0'
#5684400
07
b110001110001101 @
0B
1D
0C
1?
b11000100 :
b1010110010010110011100011111100110011010010110101111110100101101000110100101111011110100011000001001011000110010001111001000100110110111010000100111110000010111010101110110101100100010100101001101 %
b1010110010010110011100011111100110011010010110101111110100101101000110100101111011110100011000001001011000110010001111001000100110110111010000100111110000010111010101110110101100100010100101001101 6
b1010110010010110011100011111100110011010010110101111110100101101000110100101111011110100011000001001011000110010001111001000100110110111010000100111110000010111010101110110101100100010100101001101 ;
b10000 E
b1100000100 3
1'
#5688000
0'
#5691600
0D
07
b1001110101100111 @
b10000 E
b1100000101 3
1'
#5695200
0'
#5698800
17
b1000110000001010 @
1D
b10000 E
b1100000110 3
1'
#5702400
0'
#5706000
0D
1B
0A
07
b1001010110011001 @
b10000 E
b1100000111 3
1'
#5709600
0'
#5713200
07
b11000010110100 @
0B
1D
0?
b11000101 :
b10101100100101100111000111111001100110100101101011111101001011010001101001011110111101000110000010010110001100100011110010001001101101110100001001111100000101110101011101101011001000101001010011010 %
b10101100100101100111000111111001100110100101101011111101001011010001101001011110111101000110000010010110001100100011110010001001101101110100001001111100000101110101011101101011001000101001010011010 6
b10101100100101100111000111111001100110100101101011111101001011010001101001011110111101000110000010010110001100100011110010001001101101110100001001111100000101110101011101101011001000101001010011010 ;
b10000 E
b1100001000 3
1'
#5716800
0'
#5720400
0D
07
b100001001110010 @
b10000 E
b1100001001 3
1'
#5724000
0'
#5727600
17
b1011010000000111 @
1D
b10000 E
b1100001010 3
1'
#5731200
0'
#5734800
0D
1B
17
b101000100 @
b10000 E
b1100001011 3
1'
#5738400
0'
#5742000
07
b1100010000101111 @
0B
1D
1C
b1 >
b11000110 :
b101011001001011001110001111110011001101001011010111111010010110100011010010111101111010001100000100101100011001000111100100010011011011101000010011111000001011101010111011010110010001010010100110100 %
b101011001001011001110001111110011001101001011010111111010010110100011010010111101111010001100000100101100011001000111100100010011011011101000010011111000001011101010111011010110010001010010100110100 6
b101011001001011001110001111110011001101001011010111111010010110100011010010111101111010001100000100101100011001000111100100010011011011101000010011111000001011101010111011010110010001010010100110100 ;
b10000 E
b1100001100 3
1'
#5745600
0'
#5749200
0D
1B
1A
07
b1110111010000111 @
b10000 E
b1100001101 3
1'
#5752800
0'
#5756400
07
b1001110101111111 @
0B
1D
0C
1?
b0 >
b11000111 :
b1010110010010110011100011111100110011010010110101111110100101101000110100101111011110100011000001001011000110010001111001000100110110111010000100111110000010111010101110110101100100010100101001101001 %
b1010110010010110011100011111100110011010010110101111110100101101000110100101111011110100011000001001011000110010001111001000100110110111010000100111110000010111010101110110101100100010100101001101001 6
b1010110010010110011100011111100110011010010110101111110100101101000110100101111011110100011000001001011000110010001111001000100110110111010000100111110000010111010101110110101100100010100101001101001 ;
b10000 E
b1100001110 3
1'
#5760000
0'
#5763600
0D
17
b1000100010100010 @
b10000 E
b1100001111 3
1'
#5767200
0'
#5770800
07
b1111110111010011 @
1D
1C
b10000 E
b1100010000 3
1'
#5774400
0'
#5778000
0D
1B
17
b1000011000000101 @
b10000 E
b1100010001 3
1'
#5781600
0'
#5785200
07
b1000000101000100 @
0B
1D
b1 >
b11001000 :
b10101100100101100111000111111001100110100101101011111101001011010001101001011110111101000110000010010110001100100011110010001001101101110100001001111100000101110101011101101011001000101001010011010011 %
b10101100100101100111000111111001100110100101101011111101001011010001101001011110111101000110000010010110001100100011110010001001101101110100001001111100000101110101011101101011001000101001010011010011 6
b10101100100101100111000111111001100110100101101011111101001011010001101001011110111101000110000010010110001100100011110010001001101101110100001001111100000101110101011101101011001000101001010011010011 ;
b10000 E
b1100010010 3
1'
#5788800
0'
#5792400
0D
1B
07
b1011111111001 @
b10000 E
b1100010011 3
1'
#5796000
0'
#5799600
17
b110000100000 @
0B
1D
0C
b10 >
b11001001 :
b101011001001011001110001111110011001101001011010111111010010110100011010010111101111010001100000100101100011001000111100100010011011011101000010011111000001011101010111011010110010001010010100110100111 %
b101011001001011001110001111110011001101001011010111111010010110100011010010111101111010001100000100101100011001000111100100010011011011101000010011111000001011101010111011010110010001010010100110100111 6
b101011001001011001110001111110011001101001011010111111010010110100011010010111101111010001100000100101100011001000111100100010011011011101000010011111000001011101010111011010110010001010010100110100111 ;
b10000 E
b1100010100 3
1'
#5803200
0'
#5806800
0D
1B
0A
17
b1011000110101101 @
b10000 E
b1100010101 3
1'
#5810400
0'
#5814000
17
b1111110100100100 @
0B
1D
1C
0?
b0 >
b11001010 :
b1010110010010110011100011111100110011010010110101111110100101101000110100101111011110100011000001001011000110010001111001000100110110111010000100111110000010111010101110110101100100010100101001101001110 %
b1010110010010110011100011111100110011010010110101111110100101101000110100101111011110100011000001001011000110010001111001000100110110111010000100111110000010111010101110110101100100010100101001101001110 6
b1010110010010110011100011111100110011010010110101111110100101101000110100101111011110100011000001001011000110010001111001000100110110111010000100111110000010111010101110110101100100010100101001101001110 ;
b10000 E
b1100010110 3
1'
#5817600
0'
#5821200
0D
07
b1110001010001011 @
b10000 E
b1100010111 3
1'
#5824800
0'
#5828400
17
b1111001111010000 @
1D
0C
b10000 E
b1100011000 3
1'
#5832000
0'
#5835600
0D
1B
17
b1000110011010001 @
b10000 E
b1100011001 3
1'
#5839200
0'
#5842800
07
b11101001001101 @
0B
1D
1C
b1 >
b11001011 :
b10101100100101100111000111111001100110100101101011111101001011010001101001011110111101000110000010010110001100100011110010001001101101110100001001111100000101110101011101101011001000101001010011010011100 %
b10101100100101100111000111111001100110100101101011111101001011010001101001011110111101000110000010010110001100100011110010001001101101110100001001111100000101110101011101101011001000101001010011010011100 6
b10101100100101100111000111111001100110100101101011111101001011010001101001011110111101000110000010010110001100100011110010001001101101110100001001111100000101110101011101101011001000101001010011010011100 ;
b10000 E
b1100011010 3
1'
#5846400
0'
#5850000
0D
1B
1A
07
b100100111001 @
b10000 E
b1100011011 3
1'
#5853600
0'
#5857200
17
b100100100110000 @
0B
1D
0C
1?
b0 >
b11001100 :
b101011001001011001110001111110011001101001011010111111010010110100011010010111101111010001100000100101100011001000111100100010011011011101000010011111000001011101010111011010110010001010010100110100111001 %
b101011001001011001110001111110011001101001011010111111010010110100011010010111101111010001100000100101100011001000111100100010011011011101000010011111000001011101010111011010110010001010010100110100111001 6
b101011001001011001110001111110011001101001011010111111010010110100011010010111101111010001100000100101100011001000111100100010011011011101000010011111000001011101010111011010110010001010010100110100111001 ;
b10000 E
b1100011100 3
1'
#5860800
0'
#5864400
0D
1B
0A
07
b1000010001001110 @
b10000 E
b1100011101 3
1'
#5868000
0'
#5871600
17
b1000010110010011 @
0B
1D
0?
b11001101 :
b1010110010010110011100011111100110011010010110101111110100101101000110100101111011110100011000001001011000110010001111001000100110110111010000100111110000010111010101110110101100100010100101001101001110010 %
b1010110010010110011100011111100110011010010110101111110100101101000110100101111011110100011000001001011000110010001111001000100110110111010000100111110000010111010101110110101100100010100101001101001110010 6
b1010110010010110011100011111100110011010010110101111110100101101000110100101111011110100011000001001011000110010001111001000100110110111010000100111110000010111010101110110101100100010100101001101001110010 ;
b10000 E
b1100011110 3
1'
#5875200
0'
#5878800
0D
1B
07
b1010010010110 @
b10000 E
b1100011111 3
1'
#5882400
0'
#5886000
17
b1011011010111 @
0B
1D
b1 >
b11001110 :
b10101100100101100111000111111001100110100101101011111101001011010001101001011110111101000110000010010110001100100011110010001001101101110100001001111100000101110101011101101011001000101001010011010011100100 %
b10101100100101100111000111111001100110100101101011111101001011010001101001011110111101000110000010010110001100100011110010001001101101110100001001111100000101110101011101101011001000101001010011010011100100 6
b10101100100101100111000111111001100110100101101011111101001011010001101001011110111101000110000010010110001100100011110010001001101101110100001001111100000101110101011101101011001000101001010011010011100100 ;
b10000 E
b1100100000 3
1'
#5889600
0'
#5893200
0D
1B
17
b100110011101000 @
b10000 E
b1100100001 3
1'
#5896800
0'
#5900400
07
b1101010000110110 @
0B
1D
1C
b10 >
b11001111 :
b101011001001011001110001111110011001101001011010111111010010110100011010010111101111010001100000100101100011001000111100100010011011011101000010011111000001011101010111011010110010001010010100110100111001000 %
b101011001001011001110001111110011001101001011010111111010010110100011010010111101111010001100000100101100011001000111100100010011011011101000010011111000001011101010111011010110010001010010100110100111001000 6
b101011001001011001110001111110011001101001011010111111010010110100011010010111101111010001100000100101100011001000111100100010011011011101000010011111000001011101010111011010110010001010010100110100111001000 ;
b10000 E
b1100100010 3
1'
#5904000
0'
#5907600
0D
1B
1A
17
b100100000010110 @
b10000 E
b1100100011 3
1'
#5911200
0'
#5914800
07
b1100111010111010 @
0B
1D
1?
b0 >
b11010000 :
b1010110010010110011100011111100110011010010110101111110100101101000110100101111011110100011000001001011000110010001111001000100110110111010000100111110000010111010101110110101100100010100101001101001110010001 %
b1010110010010110011100011111100110011010010110101111110100101101000110100101111011110100011000001001011000110010001111001000100110110111010000100111110000010111010101110110101100100010100101001101001110010001 6
b1010110010010110011100011111100110011010010110101111110100101101000110100101111011110100011000001001011000110010001111001000100110110111010000100111110000010111010101110110101100100010100101001101001110010001 ;
b10000 E
b1100100100 3
1'
#5918400
0'
#5922000
0D
1B
17
b11101011111011 @
b10000 E
b1100100101 3
1'
#5925600
0'
#5929200
17
b1100010011010001 @
0B
1D
b1 >
b11010001 :
b10101100100101100111000111111001100110100101101011111101001011010001101001011110111101000110000010010110001100100011110010001001101101110100001001111100000101110101011101101011001000101001010011010011100100011 %
b10101100100101100111000111111001100110100101101011111101001011010001101001011110111101000110000010010110001100100011110010001001101101110100001001111100000101110101011101101011001000101001010011010011100100011 6
b10101100100101100111000111111001100110100101101011111101001011010001101001011110111101000110000010010110001100100011110010001001101101110100001001111100000101110101011101101011001000101001010011010011100100011 ;
b10000 E
b1100100110 3
1'
#5932800
0'
#5936400
0D
17
b1000010011010 @
b10000 E
b1100100111 3
1'
#5940000
0'
#5943600
07
b1011011001010010 @
1D
b10000 E
b1100101000 3
1'
#5947200
0'
#5950800
0D
1B
17
b10111110100 @
b10000 E
b1100101001 3
1'
#5954400
0'
#5958000
07
b1000101100001001 @
0B
1D
b10 >
b11010010 :
b101011001001011001110001111110011001101001011010111111010010110100011010010111101111010001100000100101100011001000111100100010011011011101000010011111000001011101010111011010110010001010010100110100111001000111 %
b101011001001011001110001111110011001101001011010111111010010110100011010010111101111010001100000100101100011001000111100100010011011011101000010011111000001011101010111011010110010001010010100110100111001000111 6
b101011001001011001110001111110011001101001011010111111010010110100011010010111101111010001100000100101100011001000111100100010011011011101000010011111000001011101010111011010110010001010010100110100111001000111 ;
b10000 E
b1100101010 3
1'
#5961600
0'
#5965200
0D
1B
17
b100000000010100 @
b10000 E
b1100101011 3
1'
#5968800
0'
#5972400
17
b1111010111011010 @
0B
1D
b11 >
b11010011 :
b1010110010010110011100011111100110011010010110101111110100101101000110100101111011110100011000001001011000110010001111001000100110110111010000100111110000010111010101110110101100100010100101001101001110010001111 %
b1010110010010110011100011111100110011010010110101111110100101101000110100101111011110100011000001001011000110010001111001000100110110111010000100111110000010111010101110110101100100010100101001101001110010001111 6
b1010110010010110011100011111100110011010010110101111110100101101000110100101111011110100011000001001011000110010001111001000100110110111010000100111110000010111010101110110101100100010100101001101001110010001111 ;
b10000 E
b1100101100 3
1'
#5976000
0'
#5979600
0D
17
b110110011100 @
b10000 E
b1100101101 3
1'
#5983200
0'
#5986800
17
b1010110101000010 @
1D
b10000 E
b1100101110 3
1'
#5990400
0'
#5994000
0D
17
b11110010000101 @
b10000 E
b1100101111 3
1'
#5997600
0'
#6001200
07
b1011011001010100 @
1D
b10000 E
b1100110000 3
1'
#6004800
0'
#6008400
0D
1B
17
b1011110111101010 @
b10000 E
b1100110001 3
1'
#6012000
0'
#6015600
17
b110010000011101 @
0B
1D
b100 >
b11010100 :
b10101100100101100111000111111001100110100101101011111101001011010001101001011110111101000110000010010110001100100011110010001001101101110100001001111100000101110101011101101011001000101001010011010011100100011111 %
b10101100100101100111000111111001100110100101101011111101001011010001101001011110111101000110000010010110001100100011110010001001101101110100001001111100000101110101011101101011001000101001010011010011100100011111 6
b10101100100101100111000111111001100110100101101011111101001011010001101001011110111101000110000010010110001100100011110010001001101101110100001001111100000101110101011101101011001000101001010011010011100100011111 ;
b10000 E
b1100110010 3
1'
#6019200
0'
#6022800
0D
17
b1011111100010111 @
b10000 E
b1100110011 3
1'
#6026400
0'
#6030000
07
b10001011100010 @
1D
b10000 E
b1100110100 3
1'
#6033600
0'
#6037200
0D
1B
17
b110000101010101 @
b10000 E
b1100110101 3
1'
#6040800
0'
#6044400
17
b11010101111010 @
0B
1D
b101 >
b11010101 :
b101011001001011001110001111110011001101001011010111111010010110100011010010111101111010001100000100101100011001000111100100010011011011101000010011111000001011101010111011010110010001010010100110100111001000111111 %
b101011001001011001110001111110011001101001011010111111010010110100011010010111101111010001100000100101100011001000111100100010011011011101000010011111000001011101010111011010110010001010010100110100111001000111111 6
b101011001001011001110001111110011001101001011010111111010010110100011010010111101111010001100000100101100011001000111100100010011011011101000010011111000001011101010111011010110010001010010100110100111001000111111 ;
b10000 E
b1100110110 3
1'
#6048000
0'
#6051600
0D
17
b110110000101111 @
b10000 E
b1100110111 3
1'
#6055200
0'
#6058800
07
b100110001100010 @
1D
b10000 E
b1100111000 3
1'
#6062400
0'
#6066000
0D
1B
07
b1011010101110011 @
b10000 E
b1100111001 3
1'
#6069600
0'
#6073200
07
b1000111111010 @
0B
1D
0C
b110 >
b11010110 :
b1010110010010110011100011111100110011010010110101111110100101101000110100101111011110100011000001001011000110010001111001000100110110111010000100111110000010111010101110110101100100010100101001101001110010001111111 %
b1010110010010110011100011111100110011010010110101111110100101101000110100101111011110100011000001001011000110010001111001000100110110111010000100111110000010111010101110110101100100010100101001101001110010001111111 6
b1010110010010110011100011111100110011010010110101111110100101101000110100101111011110100011000001001011000110010001111001000100110110111010000100111110000010111010101110110101100100010100101001101001110010001111111 ;
b10000 E
b1100111010 3
1'
#6076800
0'
#6080400
0D
17
b110111010111110 @
b10000 E
b1100111011 3
1'
#6084000
0'
#6087600
17
b1011101000100100 @
1D
1C
b10000 E
b1100111100 3
1'
#6091200
0'
#6094800
0D
17
b1011110100111110 @
b10000 E
b1100111101 3
1'
#6098400
0'
#6102000
07
b111001001101010 @
1D
b10000 E
b1100111110 3
1'
#6105600
0'
#6109200
0D
1B
07
b10100010100000 @
b10000 E
b1100111111 3
1'
#6112800
0'
#6116400
17
b1010010101010100 @
0B
1D
0C
b111 >
b11010111 :
b10101100100101100111000111111001100110100101101011111101001011010001101001011110111101000110000010010110001100100011110010001001101101110100001001111100000101110101011101101011001000101001010011010011100100011111111 %
b10101100100101100111000111111001100110100101101011111101001011010001101001011110111101000110000010010110001100100011110010001001101101110100001001111100000101110101011101101011001000101001010011010011100100011111111 6
b10101100100101100111000111111001100110100101101011111101001011010001101001011110111101000110000010010110001100100011110010001001101101110100001001111100000101110101011101101011001000101001010011010011100100011111111 ;
b10000 E
b1101000000 3
1'
#6120000
0'
#6123600
0D
1B
0A
07
b111110011111101 @
b10000 E
b1101000001 3
1'
#6127200
0'
#6130800
07
b10000101011111 @
0B
1D
0?
b0 >
b11011000 :
b101011001001011001110001111110011001101001011010111111010010110100011010010111101111010001100000100101100011001000111100100010011011011101000010011111000001011101010111011010110010001010010100110100111001000111111110 %
b101011001001011001110001111110011001101001011010111111010010110100011010010111101111010001100000100101100011001000111100100010011011011101000010011111000001011101010111011010110010001010010100110100111001000111111110 6
b101011001001011001110001111110011001101001011010111111010010110100011010010111101111010001100000100101100011001000111100100010011011011101000010011111000001011101010111011010110010001010010100110100111001000111111110 ;
b10000 E
b1101000010 3
1'
#6134400
0'
#6138000
0D
17
b1000001100000101 @
b10000 E
b1101000011 3
1'
#6141600
0'
#6145200
07
b100000000010000 @
1D
1C
b10000 E
b1101000100 3
1'
#6148800
0'
#6152400
0D
1B
1A
07
b1110110000000100 @
b10000 E
b1101000101 3
1'
#6156000
0'
#6159600
17
b11111101110000 @
0B
1D
0C
1?
b11011001 :
b1010110010010110011100011111100110011010010110101111110100101101000110100101111011110100011000001001011000110010001111001000100110110111010000100111110000010111010101110110101100100010100101001101001110010001111111101 %
b1010110010010110011100011111100110011010010110101111110100101101000110100101111011110100011000001001011000110010001111001000100110110111010000100111110000010111010101110110101100100010100101001101001110010001111111101 6
b1010110010010110011100011111100110011010010110101111110100101101000110100101111011110100011000001001011000110010001111001000100110110111010000100111110000010111010101110110101100100010100101001101001110010001111111101 ;
b10000 E
b1101000110 3
1'
#6163200
0'
#6166800
0D
1B
0A
17
b1011011100100 @
b10000 E
b1101000111 3
1'
#6170400
0'
#6174000
17
b101110001100111 @
0B
1D
1C
0?
b11011010 :
b10101100100101100111000111111001100110100101101011111101001011010001101001011110111101000110000010010110001100100011110010001001101101110100001001111100000101110101011101101011001000101001010011010011100100011111111010 %
b10101100100101100111000111111001100110100101101011111101001011010001101001011110111101000110000010010110001100100011110010001001101101110100001001111100000101110101011101101011001000101001010011010011100100011111111010 6
b10101100100101100111000111111001100110100101101011111101001011010001101001011110111101000110000010010110001100100011110010001001101101110100001001111100000101110101011101101011001000101001010011010011100100011111111010 ;
b10000 E
b1101001000 3
1'
#6177600
0'
#6181200
0D
07
b1011110101111000 @
b10000 E
b1101001001 3
1'
#6184800
0'
#6188400
07
b1101001001000100 @
1D
0C
b10000 E
b1101001010 3
1'
#6192000
0'
#6195600
0D
07
b1001011001001110 @
b10000 E
b1101001011 3
1'
#6199200
0'
#6202800
17
b10111101000001 @
1D
b10000 E
b1101001100 3
1'
#6206400
0'
#6210000
0D
1B
17
b1111000100000011 @
b10000 E
b1101001101 3
1'
#6213600
0'
#6217200
07
b1010110011111100 @
0B
1D
1C
b1 >
b11011011 :
b101011001001011001110001111110011001101001011010111111010010110100011010010111101111010001100000100101100011001000111100100010011011011101000010011111000001011101010111011010110010001010010100110100111001000111111110100 %
b101011001001011001110001111110011001101001011010111111010010110100011010010111101111010001100000100101100011001000111100100010011011011101000010011111000001011101010111011010110010001010010100110100111001000111111110100 6
b101011001001011001110001111110011001101001011010111111010010110100011010010111101111010001100000100101100011001000111100100010011011011101000010011111000001011101010111011010110010001010010100110100111001000111111110100 ;
b10000 E
b1101001110 3
1'
#6220800
0'
#6224400
0D
1B
1A
07
b110101001101010 @
b10000 E
b1101001111 3
1'
#6228000
0'
#6231600
07
b11000110001001 @
0B
1D
0C
1?
b0 >
b11011100 :
b1010110010010110011100011111100110011010010110101111110100101101000110100101111011110100011000001001011000110010001111001000100110110111010000100111110000010111010101110110101100100010100101001101001110010001111111101001 %
b1010110010010110011100011111100110011010010110101111110100101101000110100101111011110100011000001001011000110010001111001000100110110111010000100111110000010111010101110110101100100010100101001101001110010001111111101001 6
b1010110010010110011100011111100110011010010110101111110100101101000110100101111011110100011000001001011000110010001111001000100110110111010000100111110000010111010101110110101100100010100101001101001110010001111111101001 ;
b10000 E
b1101010000 3
1'
#6235200
0'
#6238800
0D
07
b100110011010000 @
b10000 E
b1101010001 3
1'
#6242400
0'
#6246000
17
b1111000011110001 @
1D
b10000 E
b1101010010 3
1'
#6249600
0'
#6253200
0D
1B
0A
17
b1010011100000011 @
b10000 E
b1101010011 3
1'
#6256800
0'
#6260400
17
b11100101100111 @
0B
1D
1C
0?
b11011101 :
b10101100100101100111000111111001100110100101101011111101001011010001101001011110111101000110000010010110001100100011110010001001101101110100001001111100000101110101011101101011001000101001010011010011100100011111111010010 %
b10101100100101100111000111111001100110100101101011111101001011010001101001011110111101000110000010010110001100100011110010001001101101110100001001111100000101110101011101101011001000101001010011010011100100011111111010010 6
b10101100100101100111000111111001100110100101101011111101001011010001101001011110111101000110000010010110001100100011110010001001101101110100001001111100000101110101011101101011001000101001010011010011100100011111111010010 ;
b10000 E
b1101010100 3
1'
#6264000
0'
#6267600
0D
07
b1000010100011001 @
b10000 E
b1101010101 3
1'
#6271200
0'
#6274800
17
b1111000111011000 @
1D
0C
b10000 E
b1101010110 3
1'
#6278400
0'
#6282000
0D
1B
17
b1000100000111000 @
b10000 E
b1101010111 3
1'
#6285600
0'
#6289200
07
b1110110100100100 @
0B
1D
1C
b1 >
b11011110 :
b101011001001011001110001111110011001101001011010111111010010110100011010010111101111010001100000100101100011001000111100100010011011011101000010011111000001011101010111011010110010001010010100110100111001000111111110100100 %
b101011001001011001110001111110011001101001011010111111010010110100011010010111101111010001100000100101100011001000111100100010011011011101000010011111000001011101010111011010110010001010010100110100111001000111111110100100 6
b101011001001011001110001111110011001101001011010111111010010110100011010010111101111010001100000100101100011001000111100100010011011011101000010011111000001011101010111011010110010001010010100110100111001000111111110100100 ;
b10000 E
b1101011000 3
1'
#6292800
0'
#6296400
0D
1B
1A
07
b1001011000001001 @
b10000 E
b1101011001 3
1'
#6300000
0'
#6303600
07
b1000000111110000 @
0B
1D
0C
1?
b0 >
b11011111 :
b1010110010010110011100011111100110011010010110101111110100101101000110100101111011110100011000001001011000110010001111001000100110110111010000100111110000010111010101110110101100100010100101001101001110010001111111101001001 %
b1010110010010110011100011111100110011010010110101111110100101101000110100101111011110100011000001001011000110010001111001000100110110111010000100111110000010111010101110110101100100010100101001101001110010001111111101001001 6
b1010110010010110011100011111100110011010010110101111110100101101000110100101111011110100011000001001011000110010001111001000100110110111010000100111110000010111010101110110101100100010100101001101001110010001111111101001001 ;
b10000 E
b1101011010 3
1'
#6307200
0'
#6310800
0D
17
b10010010001010 @
b10000 E
b1101011011 3
1'
#6314400
0'
#6318000
07
b101010000111110 @
1D
1C
b10000 E
b1101011100 3
1'
#6321600
0'
#6325200
0D
1B
07
b1110101110111101 @
b10000 E
b1101011101 3
1'
#6328800
0'
#6332400
07
b101011010011001 @
0B
1D
0C
b1 >
b11100000 :
b10101100100101100111000111111001100110100101101011111101001011010001101001011110111101000110000010010110001100100011110010001001101101110100001001111100000101110101011101101011001000101001010011010011100100011111111010010011 %
b10101100100101100111000111111001100110100101101011111101001011010001101001011110111101000110000010010110001100100011110010001001101101110100001001111100000101110101011101101011001000101001010011010011100100011111111010010011 6
b10101100100101100111000111111001100110100101101011111101001011010001101001011110111101000110000010010110001100100011110010001001101101110100001001111100000101110101011101101011001000101001010011010011100100011111111010010011 ;
b10000 E
b1101011110 3
1'
#6336000
0'
#6339600
0D
07
b10110110100011 @
b10000 E
b1101011111 3
1'
#6343200
0'
#6346800
17
b1001111101001001 @
1D
b10000 E
b1101100000 3
1'
#6350400
0'
#6354000
0D
1B
0A
07
b1011000100 @
b10000 E
b1101100001 3
1'
#6357600
0'
#6361200
07
b10000110111000 @
0B
1D
0?
b0 >
b11100001 :
b101011001001011001110001111110011001101001011010111111010010110100011010010111101111010001100000100101100011001000111100100010011011011101000010011111000001011101010111011010110010001010010100110100111001000111111110100100110 %
b101011001001011001110001111110011001101001011010111111010010110100011010010111101111010001100000100101100011001000111100100010011011011101000010011111000001011101010111011010110010001010010100110100111001000111111110100100110 6
b101011001001011001110001111110011001101001011010111111010010110100011010010111101111010001100000100101100011001000111100100010011011011101000010011111000001011101010111011010110010001010010100110100111001000111111110100100110 ;
b10000 E
b1101100010 3
1'
#6364800
0'
#6368400
0D
07
b1111000001110010 @
b10000 E
b1101100011 3
1'
#6372000
0'
#6375600
17
b11100010010110 @
1D
b10000 E
b1101100100 3
1'
#6379200
0'
#6382800
0D
1B
07
b1100000000010100 @
b10000 E
b1101100101 3
1'
#6386400
0'
#6390000
17
b1001010011111100 @
0B
1D
b1 >
b11100010 :
b1010110010010110011100011111100110011010010110101111110100101101000110100101111011110100011000001001011000110010001111001000100110110111010000100111110000010111010101110110101100100010100101001101001110010001111111101001001100 %
b1010110010010110011100011111100110011010010110101111110100101101000110100101111011110100011000001001011000110010001111001000100110110111010000100111110000010111010101110110101100100010100101001101001110010001111111101001001100 6
b1010110010010110011100011111100110011010010110101111110100101101000110100101111011110100011000001001011000110010001111001000100110110111010000100111110000010111010101110110101100100010100101001101001110010001111111101001001100 ;
b10000 E
b1101100110 3
1'
#6393600
0'
#6397200
0D
1B
07
b1111100111000000 @
b10000 E
b1101100111 3
1'
#6400800
0'
#6404400
07
b100111011000101 @
0B
1D
b10 >
b11100011 :
b10101100100101100111000111111001100110100101101011111101001011010001101001011110111101000110000010010110001100100011110010001001101101110100001001111100000101110101011101101011001000101001010011010011100100011111111010010011000 %
b10101100100101100111000111111001100110100101101011111101001011010001101001011110111101000110000010010110001100100011110010001001101101110100001001111100000101110101011101101011001000101001010011010011100100011111111010010011000 6
b10101100100101100111000111111001100110100101101011111101001011010001101001011110111101000110000010010110001100100011110010001001101101110100001001111100000101110101011101101011001000101001010011010011100100011111111010010011000 ;
b10000 E
b1101101000 3
1'
#6408000
0'
#6411600
0D
07
b1111010100101 @
b10000 E
b1101101001 3
1'
#6415200
0'
#6418800
07
b10100101010111 @
1D
b10000 E
b1101101010 3
1'
#6422400
0'
#6426000
0D
07
b10000110111101 @
b10000 E
b1101101011 3
1'
#6429600
0'
#6433200
17
b1011111000100101 @
1D
b10000 E
b1101101100 3
1'
#6436800
0'
#6440400
0D
1B
17
b110110101001101 @
b10000 E
b1101101101 3
1'
#6444000
0'
#6447600
07
b111011100101110 @
0B
1D
1C
b11 >
b11100100 :
b101011001001011001110001111110011001101001011010111111010010110100011010010111101111010001100000100101100011001000111100100010011011011101000010011111000001011101010111011010110010001010010100110100111001000111111110100100110000 %
b101011001001011001110001111110011001101001011010111111010010110100011010010111101111010001100000100101100011001000111100100010011011011101000010011111000001011101010111011010110010001010010100110100111001000111111110100100110000 6
b101011001001011001110001111110011001101001011010111111010010110100011010010111101111010001100000100101100011001000111100100010011011011101000010011111000001011101010111011010110010001010010100110100111001000111111110100100110000 ;
b10000 E
b1101101110 3
1'
#6451200
0'
#6454800
0D
1B
1A
07
b1001011000010100 @
b10000 E
b1101101111 3
1'
#6458400
0'
#6462000
17
b1011110111010011 @
0B
1D
0C
1?
b0 >
b11100101 :
b1010110010010110011100011111100110011010010110101111110100101101000110100101111011110100011000001001011000110010001111001000100110110111010000100111110000010111010101110110101100100010100101001101001110010001111111101001001100001 %
b1010110010010110011100011111100110011010010110101111110100101101000110100101111011110100011000001001011000110010001111001000100110110111010000100111110000010111010101110110101100100010100101001101001110010001111111101001001100001 6
b1010110010010110011100011111100110011010010110101111110100101101000110100101111011110100011000001001011000110010001111001000100110110111010000100111110000010111010101110110101100100010100101001101001110010001111111101001001100001 ;
b10000 E
b1101110000 3
1'
#6465600
0'
#6469200
0D
1B
0A
17
b111100111101110 @
b10000 E
b1101110001 3
1'
#6472800
0'
#6476400
17
b111111001011101 @
0B
1D
1C
0?
b11100110 :
b10101100100101100111000111111001100110100101101011111101001011010001101001011110111101000110000010010110001100100011110010001001101101110100001001111100000101110101011101101011001000101001010011010011100100011111111010010011000010 %
b10101100100101100111000111111001100110100101101011111101001011010001101001011110111101000110000010010110001100100011110010001001101101110100001001111100000101110101011101101011001000101001010011010011100100011111111010010011000010 6
b10101100100101100111000111111001100110100101101011111101001011010001101001011110111101000110000010010110001100100011110010001001101101110100001001111100000101110101011101101011001000101001010011010011100100011111111010010011000010 ;
b10000 E
b1101110010 3
1'
#6480000
0'
#6483600
0D
07
b1111101000001100 @
b10000 E
b1101110011 3
1'
#6487200
0'
#6490800
07
b111101011110001 @
1D
0C
b10000 E
b1101110100 3
1'
#6494400
0'
#6498000
0D
17
b1111101111100111 @
b10000 E
b1101110101 3
1'
#6501600
0'
#6505200
17
b1100010001100000 @
1D
1C
b10000 E
b1101110110 3
1'
#6508800
0'
#6512400
0D
07
b1100110111001110 @
b10000 E
b1101110111 3
1'
#6516000
0'
#6519600
17
b1001100011011 @
1D
0C
b10000 E
b1101111000 3
1'
#6523200
0'
#6526800
0D
1B
17
b1000011000011101 @
b10000 E
b1101111001 3
1'
#6530400
0'
#6534000
17
b1011011011111010 @
0B
1D
1C
b1 >
b11100111 :
b101011001001011001110001111110011001101001011010111111010010110100011010010111101111010001100000100101100011001000111100100010011011011101000010011111000001011101010111011010110010001010010100110100111001000111111110100100110000100 %
b101011001001011001110001111110011001101001011010111111010010110100011010010111101111010001100000100101100011001000111100100010011011011101000010011111000001011101010111011010110010001010010100110100111001000111111110100100110000100 6
b101011001001011001110001111110011001101001011010111111010010110100011010010111101111010001100000100101100011001000111100100010011011011101000010011111000001011101010111011010110010001010010100110100111001000111111110100100110000100 ;
b10000 E
b1101111010 3
1'
#6537600
0'
#6541200
0D
07
b1000000110110111 @
b10000 E
b1101111011 3
1'
#6544800
0'
#6548400
17
b1101000011110011 @
1D
0C
b10000 E
b1101111100 3
1'
#6552000
0'
#6555600
0D
1B
07
b1010010100001100 @
b10000 E
b1101111101 3
1'
#6559200
0'
#6562800
17
b1101111000010101 @
0B
1D
b10 >
b11101000 :
b1010110010010110011100011111100110011010010110101111110100101101000110100101111011110100011000001001011000110010001111001000100110110111010000100111110000010111010101110110101100100010100101001101001110010001111111101001001100001000 %
b1010110010010110011100011111100110011010010110101111110100101101000110100101111011110100011000001001011000110010001111001000100110110111010000100111110000010111010101110110101100100010100101001101001110010001111111101001001100001000 6
b1010110010010110011100011111100110011010010110101111110100101101000110100101111011110100011000001001011000110010001111001000100110110111010000100111110000010111010101110110101100100010100101001101001110010001111111101001001100001000 ;
b10000 E
b1101111110 3
1'
#6566400
0'
#6570000
0D
1B
07
b11001100111010 @
b10000 E
b1101111111 3
1'
#6573600
0'
#6577200
17
b1000011011011 @
0B
1D
b11 >
b11101001 :
b10101100100101100111000111111001100110100101101011111101001011010001101001011110111101000110000010010110001100100011110010001001101101110100001001111100000101110101011101101011001000101001010011010011100100011111111010010011000010000 %
b10101100100101100111000111111001100110100101101011111101001011010001101001011110111101000110000010010110001100100011110010001001101101110100001001111100000101110101011101101011001000101001010011010011100100011111111010010011000010000 6
b10101100100101100111000111111001100110100101101011111101001011010001101001011110111101000110000010010110001100100011110010001001101101110100001001111100000101110101011101101011001000101001010011010011100100011111111010010011000010000 ;
b10000 E
b1110000000 3
1'
#6580800
0'
#6584400
0D
1B
17
b10000100000010 @
b10000 E
b1110000001 3
1'
#6588000
0'
#6591600
17
b11110001100010 @
0B
1D
1C
b100 >
b11101010 :
b101011001001011001110001111110011001101001011010111111010010110100011010010111101111010001100000100101100011001000111100100010011011011101000010011111000001011101010111011010110010001010010100110100111001000111111110100100110000100000 %
b101011001001011001110001111110011001101001011010111111010010110100011010010111101111010001100000100101100011001000111100100010011011011101000010011111000001011101010111011010110010001010010100110100111001000111111110100100110000100000 6
b101011001001011001110001111110011001101001011010111111010010110100011010010111101111010001100000100101100011001000111100100010011011011101000010011111000001011101010111011010110010001010010100110100111001000111111110100100110000100000 ;
b10000 E
b1110000010 3
1'
#6595200
0'
#6598800
0D
07
b1101100000010111 @
b10000 E
b1110000011 3
1'
#6602400
0'
#6606000
17
b111110001101010 @
1D
0C
b10000 E
b1110000100 3
1'
#6609600
0'
#6613200
0D
1B
07
b111001110111010 @
b10000 E
b1110000101 3
1'
#6616800
0'
#6620400
07
b1110011101000010 @
0B
1D
b101 >
b11101011 :
b1010110010010110011100011111100110011010010110101111110100101101000110100101111011110100011000001001011000110010001111001000100110110111010000100111110000010111010101110110101100100010100101001101001110010001111111101001001100001000000 %
b1010110010010110011100011111100110011010010110101111110100101101000110100101111011110100011000001001011000110010001111001000100110110111010000100111110000010111010101110110101100100010100101001101001110010001111111101001001100001000000 6
b1010110010010110011100011111100110011010010110101111110100101101000110100101111011110100011000001001011000110010001111001000100110110111010000100111110000010111010101110110101100100010100101001101001110010001111111101001001100001000000 ;
b10000 E
b1110000110 3
1'
#6624000
0'
#6627600
0D
07
b100010100011001 @
b10000 E
b1110000111 3
1'
#6631200
0'
#6634800
07
b1000000111 @
1D
b10000 E
b1110001000 3
1'
#6638400
0'
#6642000
0D
17
b100100010001010 @
b10000 E
b1110001001 3
1'
#6645600
0'
#6649200
07
b111000100011101 @
1D
1C
b10000 E
b1110001010 3
1'
#6652800
0'
#6656400
0D
1B
1A
07
b110101001010000 @
b10000 E
b1110001011 3
1'
#6660000
0'
#6663600
17
b1001010011000011 @
0B
1D
0C
1?
b0 >
b11101100 :
b10101100100101100111000111111001100110100101101011111101001011010001101001011110111101000110000010010110001100100011110010001001101101110100001001111100000101110101011101101011001000101001010011010011100100011111111010010011000010000001 %
b10101100100101100111000111111001100110100101101011111101001011010001101001011110111101000110000010010110001100100011110010001001101101110100001001111100000101110101011101101011001000101001010011010011100100011111111010010011000010000001 6
b10101100100101100111000111111001100110100101101011111101001011010001101001011110111101000110000010010110001100100011110010001001101101110100001001111100000101110101011101101011001000101001010011010011100100011111111010010011000010000001 ;
b10000 E
b1110001100 3
1'
#6667200
0'
#6670800
0D
1B
0A
17
b110110001001010 @
b10000 E
b1110001101 3
1'
#6674400
0'
#6678000
17
b1001000011000001 @
0B
1D
1C
0?
b11101101 :
b101011001001011001110001111110011001101001011010111111010010110100011010010111101111010001100000100101100011001000111100100010011011011101000010011111000001011101010111011010110010001010010100110100111001000111111110100100110000100000010 %
b101011001001011001110001111110011001101001011010111111010010110100011010010111101111010001100000100101100011001000111100100010011011011101000010011111000001011101010111011010110010001010010100110100111001000111111110100100110000100000010 6
b101011001001011001110001111110011001101001011010111111010010110100011010010111101111010001100000100101100011001000111100100010011011011101000010011111000001011101010111011010110010001010010100110100111001000111111110100100110000100000010 ;
b10000 E
b1110001110 3
1'
#6681600
0'
#6685200
0D
17
b110000110101010 @
b10000 E
b1110001111 3
1'
#6688800
0'
#6692400
17
b10111111001001 @
1D
b10000 E
b1110010000 3
1'
#6696000
0'
#6699600
0D
17
b1101000110111010 @
b10000 E
b1110010001 3
1'
#6703200
0'
#6706800
17
b1000101100100 @
1D
b10000 E
b1110010010 3
1'
#6710400
0'
#6714000
0D
07
b1101000011001 @
b10000 E
b1110010011 3
1'
#6717600
0'
#6721200
07
b110001000001110 @
1D
0C
b10000 E
b1110010100 3
1'
#6724800
0'
#6728400
0D
17
b100111100001111 @
b10000 E
b1110010101 3
1'
#6732000
0'
#6735600
17
b1111111011001010 @
1D
1C
b10000 E
b1110010110 3
1'
#6739200
0'
#6742800
0D
07
b100000100000011 @
b10000 E
b1110010111 3
1'
#6746400
0'
#6750000
17
b111001011000111 @
1D
0C
b10000 E
b1110011000 3
1'
#6753600
0'
#6757200
0D
1B
07
b100000011000111 @
b10000 E
b1110011001 3
1'
#6760800
0'
#6764400
17
b1100001101000101 @
0B
1D
b1 >
b11101110 :
b1010110010010110011100011111100110011010010110101111110100101101000110100101111011110100011000001001011000110010001111001000100110110111010000100111110000010111010101110110101100100010100101001101001110010001111111101001001100001000000100 %
b1010110010010110011100011111100110011010010110101111110100101101000110100101111011110100011000001001011000110010001111001000100110110111010000100111110000010111010101110110101100100010100101001101001110010001111111101001001100001000000100 6
b1010110010010110011100011111100110011010010110101111110100101101000110100101111011110100011000001001011000110010001111001000100110110111010000100111110000010111010101110110101100100010100101001101001110010001111111101001001100001000000100 ;
b10000 E
b1110011010 3
1'
#6768000
0'
#6771600
0D
1B
17
b1010010001010101 @
b10000 E
b1110011011 3
1'
#6775200
0'
#6778800
17
b100010000111011 @
0B
1D
1C
b10 >
b11101111 :
b10101100100101100111000111111001100110100101101011111101001011010001101001011110111101000110000010010110001100100011110010001001101101110100001001111100000101110101011101101011001000101001010011010011100100011111111010010011000010000001000 %
b10101100100101100111000111111001100110100101101011111101001011010001101001011110111101000110000010010110001100100011110010001001101101110100001001111100000101110101011101101011001000101001010011010011100100011111111010010011000010000001000 6
b10101100100101100111000111111001100110100101101011111101001011010001101001011110111101000110000010010110001100100011110010001001101101110100001001111100000101110101011101101011001000101001010011010011100100011111111010010011000010000001000 ;
b10000 E
b1110011100 3
1'
#6782400
0'
#6786000
0D
17
b10000011000011 @
b10000 E
b1110011101 3
1'
#6789600
0'
#6793200
07
b111100100001 @
1D
b10000 E
b1110011110 3
1'
#6796800
0'
#6800400
0D
1B
1A
17
b1001110100100001 @
b10000 E
b1110011111 3
1'
#6804000
0'
#6807600
17
b1000100110111101 @
0B
1D
1?
b0 >
b11110000 :
b101011001001011001110001111110011001101001011010111111010010110100011010010111101111010001100000100101100011001000111100100010011011011101000010011111000001011101010111011010110010001010010100110100111001000111111110100100110000100000010001 %
b101011001001011001110001111110011001101001011010111111010010110100011010010111101111010001100000100101100011001000111100100010011011011101000010011111000001011101010111011010110010001010010100110100111001000111111110100100110000100000010001 6
b101011001001011001110001111110011001101001011010111111010010110100011010010111101111010001100000100101100011001000111100100010011011011101000010011111000001011101010111011010110010001010010100110100111001000111111110100100110000100000010001 ;
b10000 E
b1110100000 3
1'
#6811200
0'
#6814800
0D
07
b1101011000110100 @
b10000 E
b1110100001 3
1'
#6818400
0'
#6822000
17
b1010111000110000 @
1D
0C
b10000 E
b1110100010 3
1'
#6825600
0'
#6829200
0D
1B
0A
17
b1101010101111 @
b10000 E
b1110100011 3
1'
#6832800
0'
#6836400
17
b1011010011101001 @
0B
1D
1C
0?
b11110001 :
b1010110010010110011100011111100110011010010110101111110100101101000110100101111011110100011000001001011000110010001111001000100110110111010000100111110000010111010101110110101100100010100101001101001110010001111111101001001100001000000100010 %
b1010110010010110011100011111100110011010010110101111110100101101000110100101111011110100011000001001011000110010001111001000100110110111010000100111110000010111010101110110101100100010100101001101001110010001111111101001001100001000000100010 6
b1010110010010110011100011111100110011010010110101111110100101101000110100101111011110100011000001001011000110010001111001000100110110111010000100111110000010111010101110110101100100010100101001101001110010001111111101001001100001000000100010 ;
b10000 E
b1110100100 3
1'
#6840000
0'
#6843600
0D
17
b1111110100000 @
b10000 E
b1110100101 3
1'
#6847200
0'
#6850800
07
b101101100100 @
1D
b10000 E
b1110100110 3
1'
#6854400
0'
#6858000
0D
1B
1A
07
b111001001110111 @
b10000 E
b1110100111 3
1'
#6861600
0'
#6865200
07
b1001110111001101 @
0B
1D
0C
1?
b11110010 :
b10101100100101100111000111111001100110100101101011111101001011010001101001011110111101000110000010010110001100100011110010001001101101110100001001111100000101110101011101101011001000101001010011010011100100011111111010010011000010000001000101 %
b10101100100101100111000111111001100110100101101011111101001011010001101001011110111101000110000010010110001100100011110010001001101101110100001001111100000101110101011101101011001000101001010011010011100100011111111010010011000010000001000101 6
b10101100100101100111000111111001100110100101101011111101001011010001101001011110111101000110000010010110001100100011110010001001101101110100001001111100000101110101011101101011001000101001010011010011100100011111111010010011000010000001000101 ;
b10000 E
b1110101000 3
1'
#6868800
0'
#6872400
0D
17
b1011011100011001 @
b10000 E
b1110101001 3
1'
#6876000
0'
#6879600
07
b1001000100000111 @
1D
1C
b10000 E
b1110101010 3
1'
#6883200
0'
#6886800
0D
1B
07
b1001000111111101 @
b10000 E
b1110101011 3
1'
#6890400
0'
#6894000
17
b1011100010111001 @
0B
1D
0C
b1 >
b11110011 :
b101011001001011001110001111110011001101001011010111111010010110100011010010111101111010001100000100101100011001000111100100010011011011101000010011111000001011101010111011010110010001010010100110100111001000111111110100100110000100000010001011 %
b101011001001011001110001111110011001101001011010111111010010110100011010010111101111010001100000100101100011001000111100100010011011011101000010011111000001011101010111011010110010001010010100110100111001000111111110100100110000100000010001011 6
b101011001001011001110001111110011001101001011010111111010010110100011010010111101111010001100000100101100011001000111100100010011011011101000010011111000001011101010111011010110010001010010100110100111001000111111110100100110000100000010001011 ;
b10000 E
b1110101100 3
1'
#6897600
0'
#6901200
0D
1B
0A
17
b1100011100010111 @
b10000 E
b1110101101 3
1'
#6904800
0'
#6908400
07
b1101001011011 @
0B
1D
1C
0?
b0 >
b11110100 :
b1010110010010110011100011111100110011010010110101111110100101101000110100101111011110100011000001001011000110010001111001000100110110111010000100111110000010111010101110110101100100010100101001101001110010001111111101001001100001000000100010110 %
b1010110010010110011100011111100110011010010110101111110100101101000110100101111011110100011000001001011000110010001111001000100110110111010000100111110000010111010101110110101100100010100101001101001110010001111111101001001100001000000100010110 6
b1010110010010110011100011111100110011010010110101111110100101101000110100101111011110100011000001001011000110010001111001000100110110111010000100111110000010111010101110110101100100010100101001101001110010001111111101001001100001000000100010110 ;
b10000 E
b1110101110 3
1'
#6912000
0'
#6915600
0D
1B
1A
07
b1101000000111000 @
b10000 E
b1110101111 3
1'
#6919200
0'
#6922800
07
b110011110111001 @
0B
1D
0C
1?
b11110101 :
b10101100100101100111000111111001100110100101101011111101001011010001101001011110111101000110000010010110001100100011110010001001101101110100001001111100000101110101011101101011001000101001010011010011100100011111111010010011000010000001000101101 %
b10101100100101100111000111111001100110100101101011111101001011010001101001011110111101000110000010010110001100100011110010001001101101110100001001111100000101110101011101101011001000101001010011010011100100011111111010010011000010000001000101101 6
b10101100100101100111000111111001100110100101101011111101001011010001101001011110111101000110000010010110001100100011110010001001101101110100001001111100000101110101011101101011001000101001010011010011100100011111111010010011000010000001000101101 ;
b10000 E
b1110110000 3
1'
#6926400
0'
#6930000
0D
17
b1001111011100100 @
b10000 E
b1110110001 3
1'
#6933600
0'
#6937200
17
b11100011000011 @
1D
1C
b10000 E
b1110110010 3
1'
#6940800
0'
#6944400
0D
07
b100010101100001 @
b10000 E
b1110110011 3
1'
#6948000
0'
#6951600
17
b1001110010100010 @
1D
0C
b10000 E
b1110110100 3
1'
#6955200
0'
#6958800
0D
1B
0A
07
b100111000001111 @
b10000 E
b1110110101 3
1'
#6962400
0'
#6966000
07
b10101110001000 @
0B
1D
0?
b11110110 :
b101011001001011001110001111110011001101001011010111111010010110100011010010111101111010001100000100101100011001000111100100010011011011101000010011111000001011101010111011010110010001010010100110100111001000111111110100100110000100000010001011010 %
b101011001001011001110001111110011001101001011010111111010010110100011010010111101111010001100000100101100011001000111100100010011011011101000010011111000001011101010111011010110010001010010100110100111001000111111110100100110000100000010001011010 6
b101011001001011001110001111110011001101001011010111111010010110100011010010111101111010001100000100101100011001000111100100010011011011101000010011111000001011101010111011010110010001010010100110100111001000111111110100100110000100000010001011010 ;
b10000 E
b1110110110 3
1'
#6969600
0'
#6973200
0D
17
b100100001011 @
b10000 E
b1110110111 3
1'
#6976800
0'
#6980400
07
b101011100010101 @
1D
1C
b10000 E
b1110111000 3
1'
#6984000
0'
#6987600
0D
1B
1A
07
b1000111100001011 @
b10000 E
b1110111001 3
1'
#6991200
0'
#6994800
17
b1101010010001100 @
0B
1D
0C
1?
b11110111 :
b1010110010010110011100011111100110011010010110101111110100101101000110100101111011110100011000001001011000110010001111001000100110110111010000100111110000010111010101110110101100100010100101001101001110010001111111101001001100001000000100010110101 %
b1010110010010110011100011111100110011010010110101111110100101101000110100101111011110100011000001001011000110010001111001000100110110111010000100111110000010111010101110110101100100010100101001101001110010001111111101001001100001000000100010110101 6
b1010110010010110011100011111100110011010010110101111110100101101000110100101111011110100011000001001011000110010001111001000100110110111010000100111110000010111010101110110101100100010100101001101001110010001111111101001001100001000000100010110101 ;
b10000 E
b1110111010 3
1'
#6998400
0'
#7002000
0D
1B
0A
17
b11100011100001 @
b10000 E
b1110111011 3
1'
#7005600
0'
#7009200
07
b1111101100000100 @
0B
1D
1C
0?
b11111000 :
b10101100100101100111000111111001100110100101101011111101001011010001101001011110111101000110000010010110001100100011110010001001101101110100001001111100000101110101011101101011001000101001010011010011100100011111111010010011000010000001000101101010 %
b10101100100101100111000111111001100110100101101011111101001011010001101001011110111101000110000010010110001100100011110010001001101101110100001001111100000101110101011101101011001000101001010011010011100100011111111010010011000010000001000101101010 6
b10101100100101100111000111111001100110100101101011111101001011010001101001011110111101000110000010010110001100100011110010001001101101110100001001111100000101110101011101101011001000101001010011010011100100011111111010010011000010000001000101101010 ;
b10000 E
b1110111100 3
1'
#7012800
0'
#7016400
0D
1B
1A
07
b1100110011111111 @
b10000 E
b1110111101 3
1'
#7020000
0'
#7023600
17
b1101110000010001 @
0B
1D
0C
1?
b11111001 :
b101011001001011001110001111110011001101001011010111111010010110100011010010111101111010001100000100101100011001000111100100010011011011101000010011111000001011101010111011010110010001010010100110100111001000111111110100100110000100000010001011010101 %
b101011001001011001110001111110011001101001011010111111010010110100011010010111101111010001100000100101100011001000111100100010011011011101000010011111000001011101010111011010110010001010010100110100111001000111111110100100110000100000010001011010101 6
b101011001001011001110001111110011001101001011010111111010010110100011010010111101111010001100000100101100011001000111100100010011011011101000010011111000001011101010111011010110010001010010100110100111001000111111110100100110000100000010001011010101 ;
b10000 E
b1110111110 3
1'
#7027200
0'
#7030800
0D
1B
0A
07
b111100010010011 @
b10000 E
b1110111111 3
1'
#7034400
0'
#7038000
07
b1001000110011000 @
0B
1D
0?
b11111010 :
b1010110010010110011100011111100110011010010110101111110100101101000110100101111011110100011000001001011000110010001111001000100110110111010000100111110000010111010101110110101100100010100101001101001110010001111111101001001100001000000100010110101010 %
b1010110010010110011100011111100110011010010110101111110100101101000110100101111011110100011000001001011000110010001111001000100110110111010000100111110000010111010101110110101100100010100101001101001110010001111111101001001100001000000100010110101010 6
b1010110010010110011100011111100110011010010110101111110100101101000110100101111011110100011000001001011000110010001111001000100110110111010000100111110000010111010101110110101100100010100101001101001110010001111111101001001100001000000100010110101010 ;
b10000 E
b1111000000 3
1'
#7041600
0'
#7045200
0D
07
b110101100100110 @
b10000 E
b1111000001 3
1'
#7048800
0'
#7052400
17
b111111110011001 @
1D
b10000 E
b1111000010 3
1'
#7056000
0'
#7059600
0D
1B
17
b1101010111111111 @
b10000 E
b1111000011 3
1'
#7063200
0'
#7066800
07
b110101101101 @
0B
1D
1C
b1 >
b11111011 :
b10101100100101100111000111111001100110100101101011111101001011010001101001011110111101000110000010010110001100100011110010001001101101110100001001111100000101110101011101101011001000101001010011010011100100011111111010010011000010000001000101101010100 %
b10101100100101100111000111111001100110100101101011111101001011010001101001011110111101000110000010010110001100100011110010001001101101110100001001111100000101110101011101101011001000101001010011010011100100011111111010010011000010000001000101101010100 6
b10101100100101100111000111111001100110100101101011111101001011010001101001011110111101000110000010010110001100100011110010001001101101110100001001111100000101110101011101101011001000101001010011010011100100011111111010010011000010000001000101101010100 ;
b10000 E
b1111000100 3
1'
#7070400
0'
#7074000
0D
1B
1A
07
b11101000001100 @
b10000 E
b1111000101 3
1'
#7077600
0'
#7081200
07
b1010101110010001 @
0B
1D
0C
1?
b0 >
b11111100 :
b101011001001011001110001111110011001101001011010111111010010110100011010010111101111010001100000100101100011001000111100100010011011011101000010011111000001011101010111011010110010001010010100110100111001000111111110100100110000100000010001011010101001 %
b101011001001011001110001111110011001101001011010111111010010110100011010010111101111010001100000100101100011001000111100100010011011011101000010011111000001011101010111011010110010001010010100110100111001000111111110100100110000100000010001011010101001 6
b101011001001011001110001111110011001101001011010111111010010110100011010010111101111010001100000100101100011001000111100100010011011011101000010011111000001011101010111011010110010001010010100110100111001000111111110100100110000100000010001011010101001 ;
b10000 E
b1111000110 3
1'
#7084800
0'
#7088400
0D
17
b111100010100100 @
b10000 E
b1111000111 3
1'
#7092000
0'
#7095600
17
b1010110000111011 @
1D
1C
b10000 E
b1111001000 3
1'
#7099200
0'
#7102800
0D
17
b111100100 @
b10000 E
b1111001001 3
1'
#7106400
0'
#7110000
17
b1100111110110 @
1D
b10000 E
b1111001010 3
1'
#7113600
0'
#7117200
0D
17
b1100100100010000 @
b10000 E
b1111001011 3
1'
#7120800
0'
#7124400
17
b1000001101101010 @
1D
b10000 E
b1111001100 3
1'
#7128000
0'
#7131600
0D
07
b1011100110100100 @
b10000 E
b1111001101 3
1'
#7135200
0'
#7138800
07
b1011000010101110 @
1D
0C
b10000 E
b1111001110 3
1'
#7142400
0'
#7146000
0D
07
b1000111101000011 @
b10000 E
b1111001111 3
1'
#7149600
0'
#7153200
17
b1100100111001110 @
1D
b10000 E
b1111010000 3
1'
#7156800
0'
#7160400
0D
1B
0A
17
b111101001111011 @
b10000 E
b1111010001 3
1'
#7164000
0'
#7167600
17
b111111011010011 @
0B
1D
1C
0?
b11111101 :
b1010110010010110011100011111100110011010010110101111110100101101000110100101111011110100011000001001011000110010001111001000100110110111010000100111110000010111010101110110101100100010100101001101001110010001111111101001001100001000000100010110101010010 %
b1010110010010110011100011111100110011010010110101111110100101101000110100101111011110100011000001001011000110010001111001000100110110111010000100111110000010111010101110110101100100010100101001101001110010001111111101001001100001000000100010110101010010 6
b1010110010010110011100011111100110011010010110101111110100101101000110100101111011110100011000001001011000110010001111001000100110110111010000100111110000010111010101110110101100100010100101001101001110010001111111101001001100001000000100010110101010010 ;
b10000 E
b1111010010 3
1'
#7171200
0'
#7174800
0D
17
b1101100110110100 @
b10000 E
b1111010011 3
1'
#7178400
0'
#7182000
07
b101001001011 @
1D
b10000 E
b1111010100 3
1'
#7185600
0'
#7189200
0D
1B
1A
17
b1000010111000000 @
b10000 E
b1111010101 3
1'
#7192800
0'
#7196400
17
b1110110111011111 @
0B
1D
1?
b11111110 :
b10101100100101100111000111111001100110100101101011111101001011010001101001011110111101000110000010010110001100100011110010001001101101110100001001111100000101110101011101101011001000101001010011010011100100011111111010010011000010000001000101101010100101 %
b10101100100101100111000111111001100110100101101011111101001011010001101001011110111101000110000010010110001100100011110010001001101101110100001001111100000101110101011101101011001000101001010011010011100100011111111010010011000010000001000101101010100101 6
b10101100100101100111000111111001100110100101101011111101001011010001101001011110111101000110000010010110001100100011110010001001101101110100001001111100000101110101011101101011001000101001010011010011100100011111111010010011000010000001000101101010100101 ;
b10000 E
b1111010110 3
1'
#7200000
0'
#7203600
0D
07
b100001010010000 @
b10000 E
b1111010111 3
1'
#7207200
0'
#7210800
07
b11100001011110 @
1D
0C
b10000 E
b1111011000 3
1'
#7214400
0'
#7218000
0D
07
b1110101100101011 @
b10000 E
b1111011001 3
1'
#7221600
0'
#7225200
17
b1110110111010011 @
1D
b10000 E
b1111011010 3
1'
#7228800
0'
#7232400
0D
1B
0A
17
b1001001000110110 @
b10000 E
b1111011011 3
1'
#7236000
0'
#7239600
17
b110001001100101 @
0B
1D
1C
0?
b11111111 :
b101011001001011001110001111110011001101001011010111111010010110100011010010111101111010001100000100101100011001000111100100010011011011101000010011111000001011101010111011010110010001010010100110100111001000111111110100100110000100000010001011010101001010 %
b101011001001011001110001111110011001101001011010111111010010110100011010010111101111010001100000100101100011001000111100100010011011011101000010011111000001011101010111011010110010001010010100110100111001000111111110100100110000100000010001011010101001010 6
b101011001001011001110001111110011001101001011010111111010010110100011010010111101111010001100000100101100011001000111100100010011011011101000010011111000001011101010111011010110010001010010100110100111001000111111110100100110000100000010001011010101001010 ;
b10000 E
b1111011100 3
1'
#7243200
0'
#7246800
0D
17
b110011001110011 @
b10000 E
b1111011101 3
1'
#7250400
0'
#7254000
17
b1101010000111 @
1D
b10000 E
b1111011110 3
1'
#7257600
0'
#7261200
0D
07
b1010001010100001 @
b10000 E
b1111011111 3
1'
#7264800
0'
#7268400
17
b100000000011011 @
1D
0C
b10000 E
b1111100000 3
1'
#7272000
0'
#7275600
0D
1B
07
b100110110001000 @
b10000 E
b1111100001 3
1'
#7279200
0'
#7282800
07
b101011010101100 @
0B
1D
b1 >
1#
1<
b1010110010010110011100011111100110011010010110101111110100101101000110100101111011110100011000001001011000110010001111001000100110110111010000100111110000010111010101110110101100100010100101001101001110010001111111101001001100001000000100010110101010010100 %
b1010110010010110011100011111100110011010010110101111110100101101000110100101111011110100011000001001011000110010001111001000100110110111010000100111110000010111010101110110101100100010100101001101001110010001111111101001001100001000000100010110101010010100 6
b1010110010010110011100011111100110011010010110101111110100101101000110100101111011110100011000001001011000110010001111001000100110110111010000100111110000010111010101110110101100100010100101001101001110010001111111101001001100001000000100010110101010010100 ;
b10000 E
b1111100010 3
1'
#7286400
0'
#7290000
0D
07
b1101001000011101 @
b10000 E
b100 F
b1111100011 3
1'
#7293600
0'
#7297200
07
b10011100011011 @
1D
b10000 E
1'
#7298200
b10 &
b10 8
1,
b100 *
b100 4
#7300800
0'
#7304400
0D
07
b1111001101101111 @
b10000 E
1'
#7305400
1+
#7308000
0'
#7311600
17
b1110111010110101 @
1D
b10000 E
1'
#7312600
b10 G
#7313600
b1010110010010110011100011111100110011010010110101111110100101101000110100101111011110100011000001001011000110010001111001000100110110111010000100111110000010111010101110110101100100010100101001101001110010001111111101001001100001000000100010110101010010100 (
b11100110111010001100001011101000111010101110011010111110111001001100101011001110101101100110000010111010011110101101000011001010110000101101100011101000110100001011111011001100110000101101001011011000011110100110000 L
b0 J
b0 K
b10 /
0+
0,
#7315200
0'
#7318800
0D
1B
07
b1101111100110001 @
b10000 E
1'
#7319800
11
#7322400
0'
#7326000
b0 &
b0 8
17
b100111000010000 @
0B
1D
b10 >
b0 :
0#
0<
b10000 E
1'
#7327000
01
#7329600
0'
#7333200
0D
1B
07
b100100010010 @
b10000 E
1'
#7336800
0'
#7340400
07
b1100010001011000 @
0B
1D
b11 >
b1 :
b101100100101100111000111111001100110100101101011111101001011010001101001011110111101000110000010010110001100100011110010001001101101110100001001111100000101110101011101101011001000101001010011010011100100011111111010010011000010000001000101101010100101000 %
b101100100101100111000111111001100110100101101011111101001011010001101001011110111101000110000010010110001100100011110010001001101101110100001001111100000101110101011101101011001000101001010011010011100100011111111010010011000010000001000101101010100101000 6
b101100100101100111000111111001100110100101101011111101001011010001101001011110111101000110000010010110001100100011110010001001101101110100001001111100000101110101011101101011001000101001010011010011100100011111111010010011000010000001000101101010100101000 ;
b10000 E
1'
#7344000
0'
#7347600
0D
07
b1110111110001010 @
b10000 E
1'
#7351200
0'
#7354800
17
b1100111110001100 @
1D
b10000 E
1'
#7358400
0'
#7362000
0D
1B
07
b1110101011001011 @
b10000 E
b0 3
b110010101110010011101000110010101100100001000000110000101100110011101000110010101110010001000000111010001110010011011100110011101011111011100100110010101100001011001000111100100100000011010000110000101101110011001000111001101101000011000010110101101100101 L
1'
#7365600
0'
#7369200
07
b101100010001001 @
0B
1D
b100 >
b10 :
b1011001001011001110001111110011001101001011010111111010010110100011010010111101111010001100000100101100011001000111100100010011011011101000010011111000001011101010111011010110010001010010100110100111001000111111110100100110000100000010001011010101001010000 %
b1011001001011001110001111110011001101001011010111111010010110100011010010111101111010001100000100101100011001000111100100010011011011101000010011111000001011101010111011010110010001010010100110100111001000111111110100100110000100000010001011010101001010000 6
b1011001001011001110001111110011001101001011010111111010010110100011010010111101111010001100000100101100011001000111100100010011011011101000010011111000001011101010111011010110010001010010100110100111001000111111110100100110000100000010001011010101001010000 ;
b10000 E
b1 3
1'
#7372800
0'
#7376400
0D
17
b1111111110000101 @
b10000 E
b10 3
1'
#7380000
0'
#7383600
17
b1111111010000010 @
1D
1C
b10000 E
b11 3
1'
#7387200
0'
#7390800
0D
07
b1101101101110010 @
b10000 E
b100 3
1'
#7394400
0'
#7398000
07
b1000111011101000 @
1D
0C
b10000 E
b101 3
1'
#7401600
0'
#7405200
0D
07
b1111100000011100 @
b10000 E
b110 3
1'
#7408800
0'
#7412400
07
b1110001110110101 @
1D
b10000 E
b111 3
1'
#7416000
0'
#7419600
0D
17
b1001000000100101 @
b10000 E
b1000 3
1'
#7423200
0'
#7426800
07
b100010110001100 @
1D
1C
b10000 E
b1001 3
1'
#7430400
0'
#7434000
0D
1B
1A
17
b11100000011 @
b10000 E
b1010 3
1'
#7437600
0'
#7441200
07
b1000110011001011 @
0B
1D
1?
b0 >
b11 :
b110010010110011100011111100110011010010110101111110100101101000110100101111011110100011000001001011000110010001111001000100110110111010000100111110000010111010101110110101100100010100101001101001110010001111111101001001100001000000100010110101010010100001 %
b110010010110011100011111100110011010010110101111110100101101000110100101111011110100011000001001011000110010001111001000100110110111010000100111110000010111010101110110101100100010100101001101001110010001111111101001001100001000000100010110101010010100001 6
b110010010110011100011111100110011010010110101111110100101101000110100101111011110100011000001001011000110010001111001000100110110111010000100111110000010111010101110110101100100010100101001101001110010001111111101001001100001000000100010110101010010100001 ;
b10000 E
b1011 3
1'
#7444800
0'
#7448400
0D
1B
17
b1100000101011111 @
b10000 E
b1100 3
1'
#7452000
0'
#7455600
17
b1001110000111 @
0B
1D
b1 >
b100 :
b1100100101100111000111111001100110100101101011111101001011010001101001011110111101000110000010010110001100100011110010001001101101110100001001111100000101110101011101101011001000101001010011010011100100011111111010010011000010000001000101101010100101000011 %
b1100100101100111000111111001100110100101101011111101001011010001101001011110111101000110000010010110001100100011110010001001101101110100001001111100000101110101011101101011001000101001010011010011100100011111111010010011000010000001000101101010100101000011 6
b1100100101100111000111111001100110100101101011111101001011010001101001011110111101000110000010010110001100100011110010001001101101110100001001111100000101110101011101101011001000101001010011010011100100011111111010010011000010000001000101101010100101000011 ;
b10000 E
b1101 3
1'
#7459200
0'
#7462800
0D
07
b1000110101111110 @
b10000 E
b1110 3
1'
#7466400
0'
#7470000
07
b1011000110001000 @
1D
0C
b10000 E
b1111 3
1'
#7473600
0'
#7477200
0D
17
b101110001110000 @
b10000 E
b10000 3
1'
#7480800
0'
#7484400
17
b110000000100101 @
1D
1C
b10000 E
b10001 3
1'
#7488000
0'
#7491600
0D
07
b1101110100001001 @
b10000 E
b10010 3
1'
#7495200
0'
#7498800
07
b110111010101011 @
1D
0C
b10000 E
b10011 3
1'
#7502400
0'
#7506000
0D
07
b1111001011010101 @
b10000 E
b10100 3
1'
#7509600
0'
#7513200
17
b101100111110100 @
1D
b10000 E
b10101 3
1'
#7516800
0'
#7520400
0D
1B
0A
17
b1010111010110010 @
b10000 E
b10110 3
1'
#7524000
0'
#7527600
07
b111110000011111 @
0B
1D
1C
0?
b0 >
b101 :
b1001001011001110001111110011001101001011010111111010010110100011010010111101111010001100000100101100011001000111100100010011011011101000010011111000001011101010111011010110010001010010100110100111001000111111110100100110000100000010001011010101001010000110 %
b1001001011001110001111110011001101001011010111111010010110100011010010111101111010001100000100101100011001000111100100010011011011101000010011111000001011101010111011010110010001010010100110100111001000111111110100100110000100000010001011010101001010000110 6
b1001001011001110001111110011001101001011010111111010010110100011010010111101111010001100000100101100011001000111100100010011011011101000010011111000001011101010111011010110010001010010100110100111001000111111110100100110000100000010001011010101001010000110 ;
b10000 E
b10111 3
1'
#7531200
0'
#7534800
0D
1B
1A
07
b1100101011011 @
b10000 E
b11000 3
1'
#7538400
0'
#7542000
07
b100000010101110 @
0B
1D
0C
1?
b110 :
b10010110011100011111100110011010010110101111110100101101000110100101111011110100011000001001011000110010001111001000100110110111010000100111110000010111010101110110101100100010100101001101001110010001111111101001001100001000000100010110101010010100001101 %
b10010110011100011111100110011010010110101111110100101101000110100101111011110100011000001001011000110010001111001000100110110111010000100111110000010111010101110110101100100010100101001101001110010001111111101001001100001000000100010110101010010100001101 6
b10010110011100011111100110011010010110101111110100101101000110100101111011110100011000001001011000110010001111001000100110110111010000100111110000010111010101110110101100100010100101001101001110010001111111101001001100001000000100010110101010010100001101 ;
b10000 E
b11001 3
1'
#7545600
0'
#7549200
0D
17
b1010111110001010 @
b10000 E
b11010 3
1'
#7552800
0'
#7556400
17
b1000101110001111 @
1D
1C
b10000 E
b11011 3
1'
#7560000
0'
#7563600
0D
07
b1011001111101001 @
b10000 E
b11100 3
1'
#7567200
0'
#7570800
17
b1001001111101100 @
1D
0C
b10000 E
b11101 3
1'
#7574400
0'
#7578000
0D
1B
0A
07
b1110111111011100 @
b10000 E
b11110 3
1'
#7581600
0'
#7585200
17
b101000100110000 @
0B
1D
0?
b111 :
b100101100111000111111001100110100101101011111101001011010001101001011110111101000110000010010110001100100011110010001001101101110100001001111100000101110101011101101011001000101001010011010011100100011111111010010011000010000001000101101010100101000011010 %
b100101100111000111111001100110100101101011111101001011010001101001011110111101000110000010010110001100100011110010001001101101110100001001111100000101110101011101101011001000101001010011010011100100011111111010010011000010000001000101101010100101000011010 6
b100101100111000111111001100110100101101011111101001011010001101001011110111101000110000010010110001100100011110010001001101101110100001001111100000101110101011101101011001000101001010011010011100100011111111010010011000010000001000101101010100101000011010 ;
b10000 E
b11111 3
1'
#7588800
0'
#7592400
0D
1B
17
b10111100001111 @
b10000 E
b100000 3
1'
#7596000
0'
#7599600
17
b1101010000101111 @
0B
1D
1C
b1 >
b1000 :
b1001011001110001111110011001101001011010111111010010110100011010010111101111010001100000100101100011001000111100100010011011011101000010011111000001011101010111011010110010001010010100110100111001000111111110100100110000100000010001011010101001010000110100 %
b1001011001110001111110011001101001011010111111010010110100011010010111101111010001100000100101100011001000111100100010011011011101000010011111000001011101010111011010110010001010010100110100111001000111111110100100110000100000010001011010101001010000110100 6
b1001011001110001111110011001101001011010111111010010110100011010010111101111010001100000100101100011001000111100100010011011011101000010011111000001011101010111011010110010001010010100110100111001000111111110100100110000100000010001011010101001010000110100 ;
b10000 E
b100001 3
1'
#7603200
0'
#7606800
0D
07
b1101101100101110 @
b10000 E
b100010 3
1'
#7610400
0'
#7614000
07
b100001101 @
1D
0C
b10000 E
b100011 3
1'
#7617600
0'
#7621200
0D
17
b1001010011000011 @
b10000 E
b100100 3
1'
#7624800
0'
#7628400
17
b111001001100111 @
1D
1C
b10000 E
b100101 3
1'
#7632000
0'
#7635600
0D
07
b1100110010001110 @
b10000 E
b100110 3
1'
#7639200
0'
#7642800
07
b10000010000101 @
1D
0C
b10000 E
b100111 3
1'
#7646400
0'
#7650000
0D
07
b1100010111111111 @
b10000 E
b101000 3
1'
#7653600
0'
#7657200
07
b110100000101010 @
1D
b10000 E
b101001 3
1'
#7660800
0'
#7664400
0D
17
b101010001110001 @
b10000 E
b101010 3
1'
#7668000
0'
#7671600
07
b10111101011011 @
1D
1C
b10000 E
b101011 3
1'
#7675200
0'
#7678800
0D
1B
1A
17
b10101010100110 @
b10000 E
b101100 3
1'
#7682400
0'
#7686000
07
b1000011001100111 @
0B
1D
1?
b0 >
b1001 :
b10110011100011111100110011010010110101111110100101101000110100101111011110100011000001001011000110010001111001000100110110111010000100111110000010111010101110110101100100010100101001101001110010001111111101001001100001000000100010110101010010100001101001 %
b10110011100011111100110011010010110101111110100101101000110100101111011110100011000001001011000110010001111001000100110110111010000100111110000010111010101110110101100100010100101001101001110010001111111101001001100001000000100010110101010010100001101001 6
b10110011100011111100110011010010110101111110100101101000110100101111011110100011000001001011000110010001111001000100110110111010000100111110000010111010101110110101100100010100101001101001110010001111111101001001100001000000100010110101010010100001101001 ;
b10000 E
b101101 3
1'
#7689600
0'
#7693200
0D
1B
07
b100101011110111 @
b10000 E
b101110 3
1'
#7696800
0'
#7700400
07
b100110001101011 @
0B
1D
0C
b1 >
b1010 :
b101100111000111111001100110100101101011111101001011010001101001011110111101000110000010010110001100100011110010001001101101110100001001111100000101110101011101101011001000101001010011010011100100011111111010010011000010000001000101101010100101000011010011 %
b101100111000111111001100110100101101011111101001011010001101001011110111101000110000010010110001100100011110010001001101101110100001001111100000101110101011101101011001000101001010011010011100100011111111010010011000010000001000101101010100101000011010011 6
b101100111000111111001100110100101101011111101001011010001101001011110111101000110000010010110001100100011110010001001101101110100001001111100000101110101011101101011001000101001010011010011100100011111111010010011000010000001000101101010100101000011010011 ;
b10000 E
b101111 3
1'
#7704000
0'
#7707600
0D
07
b1010010001000101 @
b10000 E
b110000 3
1'
#7711200
0'
#7714800
17
b1101100110011001 @
1D
b10000 E
b110001 3
1'
#7718400
0'
#7722000
0D
1B
0A
07
b1011000101110100 @
b10000 E
b110010 3
1'
#7725600
0'
#7729200
07
b101000010011001 @
0B
1D
0?
b0 >
b1011 :
b1011001110001111110011001101001011010111111010010110100011010010111101111010001100000100101100011001000111100100010011011011101000010011111000001011101010111011010110010001010010100110100111001000111111110100100110000100000010001011010101001010000110100110 %
b1011001110001111110011001101001011010111111010010110100011010010111101111010001100000100101100011001000111100100010011011011101000010011111000001011101010111011010110010001010010100110100111001000111111110100100110000100000010001011010101001010000110100110 6
b1011001110001111110011001101001011010111111010010110100011010010111101111010001100000100101100011001000111100100010011011011101000010011111000001011101010111011010110010001010010100110100111001000111111110100100110000100000010001011010101001010000110100110 ;
b10000 E
b110011 3
1'
#7732800
0'
#7736400
0D
17
b100010100100001 @
b10000 E
b110100 3
1'
#7740000
0'
#7743600
17
b1011011001000111 @
1D
1C
b10000 E
b110101 3
1'
#7747200
0'
#7750800
0D
17
b100001111001100 @
b10000 E
b110110 3
1'
#7754400
0'
#7758000
17
b1101011011011101 @
1D
b10000 E
b110111 3
1'
#7761600
0'
#7765200
0D
07
b11001011100011 @
b10000 E
b111000 3
1'
#7768800
0'
#7772400
17
b1111011111010001 @
1D
0C
b10000 E
b111001 3
1'
#7776000
0'
#7779600
0D
1B
07
b1000010101110101 @
b10000 E
b111010 3
1'
#7783200
0'
#7786800
07
b1101110111001100 @
0B
1D
b1 >
b1100 :
b110011100011111100110011010010110101111110100101101000110100101111011110100011000001001011000110010001111001000100110110111010000100111110000010111010101110110101100100010100101001101001110010001111111101001001100001000000100010110101010010100001101001100 %
b110011100011111100110011010010110101111110100101101000110100101111011110100011000001001011000110010001111001000100110110111010000100111110000010111010101110110101100100010100101001101001110010001111111101001001100001000000100010110101010010100001101001100 6
b110011100011111100110011010010110101111110100101101000110100101111011110100011000001001011000110010001111001000100110110111010000100111110000010111010101110110101100100010100101001101001110010001111111101001001100001000000100010110101010010100001101001100 ;
b10000 E
b111011 3
1'
#7790400
0'
#7794000
0D
17
b1000000001101010 @
b10000 E
b111100 3
1'
#7797600
0'
#7801200
17
b1001011100001001 @
1D
1C
b10000 E
b111101 3
1'
#7804800
0'
#7808400
0D
17
b100111110010110 @
b10000 E
b111110 3
1'
#7812000
0'
#7815600
17
b1010111001100011 @
1D
b10000 E
b111111 3
1'
#7819200
0'
#7822800
0D
17
b11000111000 @
b10000 E
b1000000 3
1'
#7826400
0'
#7830000
17
b1011100111000011 @
1D
b10000 E
b1000001 3
1'
#7833600
0'
#7837200
0D
17
b11101010111001 @
b10000 E
b1000010 3
1'
#7840800
0'
#7844400
07
b11001000001000 @
1D
b10000 E
b1000011 3
1'
#7848000
0'
#7851600
0D
1B
1A
17
b110001011001001 @
b10000 E
b1000100 3
1'
#7855200
0'
#7858800
07
b1010101100110001 @
0B
1D
1?
b0 >
b1101 :
b1100111000111111001100110100101101011111101001011010001101001011110111101000110000010010110001100100011110010001001101101110100001001111100000101110101011101101011001000101001010011010011100100011111111010010011000010000001000101101010100101000011010011001 %
b1100111000111111001100110100101101011111101001011010001101001011110111101000110000010010110001100100011110010001001101101110100001001111100000101110101011101101011001000101001010011010011100100011111111010010011000010000001000101101010100101000011010011001 6
b1100111000111111001100110100101101011111101001011010001101001011110111101000110000010010110001100100011110010001001101101110100001001111100000101110101011101101011001000101001010011010011100100011111111010010011000010000001000101101010100101000011010011001 ;
b10000 E
b1000101 3
1'
#7862400
0'
#7866000
0D
1B
07
b1010011111111110 @
b10000 E
b1000110 3
1'
#7869600
0'
#7873200
07
b101001100011101 @
0B
1D
0C
b1 >
b1110 :
b1001110001111110011001101001011010111111010010110100011010010111101111010001100000100101100011001000111100100010011011011101000010011111000001011101010111011010110010001010010100110100111001000111111110100100110000100000010001011010101001010000110100110011 %
b1001110001111110011001101001011010111111010010110100011010010111101111010001100000100101100011001000111100100010011011011101000010011111000001011101010111011010110010001010010100110100111001000111111110100100110000100000010001011010101001010000110100110011 6
b1001110001111110011001101001011010111111010010110100011010010111101111010001100000100101100011001000111100100010011011011101000010011111000001011101010111011010110010001010010100110100111001000111111110100100110000100000010001011010101001010000110100110011 ;
b10000 E
b1000111 3
1'
#7876800
0'
#7880400
0D
07
b1010100111101101 @
b10000 E
b1001000 3
1'
#7884000
0'
#7887600
17
b1111010010011001 @
1D
b10000 E
b1001001 3
1'
#7891200
0'
#7894800
0D
1B
0A
17
b1001000001111100 @
b10000 E
b1001010 3
1'
#7898400
0'
#7902000
17
b11100001010011 @
0B
1D
1C
0?
b0 >
b1111 :
b11100011111100110011010010110101111110100101101000110100101111011110100011000001001011000110010001111001000100110110111010000100111110000010111010101110110101100100010100101001101001110010001111111101001001100001000000100010110101010010100001101001100110 %
b11100011111100110011010010110101111110100101101000110100101111011110100011000001001011000110010001111001000100110110111010000100111110000010111010101110110101100100010100101001101001110010001111111101001001100001000000100010110101010010100001101001100110 6
b11100011111100110011010010110101111110100101101000110100101111011110100011000001001011000110010001111001000100110110111010000100111110000010111010101110110101100100010100101001101001110010001111111101001001100001000000100010110101010010100001101001100110 ;
b10000 E
b1001011 3
1'
#7905600
0'
#7909200
0D
07
b100001101011000 @
b10000 E
b1001100 3
1'
#7912800
0'
#7916400
07
b100110111100001 @
1D
0C
b10000 E
b1001101 3
1'
#7920000
0'
#7923600
0D
07
b1001110001011111 @
b10000 E
b1001110 3
1'
#7927200
0'
#7930800
17
b1101011010100011 @
1D
b10000 E
b1001111 3
1'
#7934400
0'
#7938000
0D
1B
17
b100001011001000 @
b10000 E
b1010000 3
1'
#7941600
0'
#7945200
07
b1111111111011101 @
0B
1D
1C
b1 >
b10000 :
b111000111111001100110100101101011111101001011010001101001011110111101000110000010010110001100100011110010001001101101110100001001111100000101110101011101101011001000101001010011010011100100011111111010010011000010000001000101101010100101000011010011001100 %
b111000111111001100110100101101011111101001011010001101001011110111101000110000010010110001100100011110010001001101101110100001001111100000101110101011101101011001000101001010011010011100100011111111010010011000010000001000101101010100101000011010011001100 6
b111000111111001100110100101101011111101001011010001101001011110111101000110000010010110001100100011110010001001101101110100001001111100000101110101011101101011001000101001010011010011100100011111111010010011000010000001000101101010100101000011010011001100 ;
b10000 E
b1010001 3
1'
#7948800
0'
#7952400
0D
1B
1A
17
b101010001111011 @
b10000 E
b1010010 3
1'
#7956000
0'
#7959600
07
b111010101001010 @
0B
1D
1?
b0 >
b10001 :
b1110001111110011001101001011010111111010010110100011010010111101111010001100000100101100011001000111100100010011011011101000010011111000001011101010111011010110010001010010100110100111001000111111110100100110000100000010001011010101001010000110100110011001 %
b1110001111110011001101001011010111111010010110100011010010111101111010001100000100101100011001000111100100010011011011101000010011111000001011101010111011010110010001010010100110100111001000111111110100100110000100000010001011010101001010000110100110011001 6
b1110001111110011001101001011010111111010010110100011010010111101111010001100000100101100011001000111100100010011011011101000010011111000001011101010111011010110010001010010100110100111001000111111110100100110000100000010001011010101001010000110100110011001 ;
b10000 E
b1010011 3
1'
#7963200
0'
#7966800
0D
1B
17
b100101101000 @
b10000 E
b1010100 3
1'
#7970400
0'
#7974000
17
b11011101101100 @
0B
1D
b1 >
b10010 :
b1100011111100110011010010110101111110100101101000110100101111011110100011000001001011000110010001111001000100110110111010000100111110000010111010101110110101100100010100101001101001110010001111111101001001100001000000100010110101010010100001101001100110011 %
b1100011111100110011010010110101111110100101101000110100101111011110100011000001001011000110010001111001000100110110111010000100111110000010111010101110110101100100010100101001101001110010001111111101001001100001000000100010110101010010100001101001100110011 6
b1100011111100110011010010110101111110100101101000110100101111011110100011000001001011000110010001111001000100110110111010000100111110000010111010101110110101100100010100101001101001110010001111111101001001100001000000100010110101010010100001101001100110011 ;
b10000 E
b1010101 3
1'
#7977600
0'
#7981200
0D
07
b1011100011011000 @
b10000 E
b1010110 3
1'
#7984800
0'
#7988400
07
b110110111101111 @
1D
0C
b10000 E
b1010111 3
1'
#7992000
0'
#7995600
0D
17
b1111100111011111 @
b10000 E
b1011000 3
1'
#7999200
0'
#8002800
07
b101111011001101 @
1D
1C
b10000 E
b1011001 3
1'
#8006400
0'
#8010000
0D
1B
17
b1010110110000010 @
b10000 E
b1011010 3
1'
#8013600
0'
#8017200
07
b1011010100000010 @
0B
1D
b10 >
b10011 :
b1000111111001100110100101101011111101001011010001101001011110111101000110000010010110001100100011110010001001101101110100001001111100000101110101011101101011001000101001010011010011100100011111111010010011000010000001000101101010100101000011010011001100111 %
b1000111111001100110100101101011111101001011010001101001011110111101000110000010010110001100100011110010001001101101110100001001111100000101110101011101101011001000101001010011010011100100011111111010010011000010000001000101101010100101000011010011001100111 6
b1000111111001100110100101101011111101001011010001101001011110111101000110000010010110001100100011110010001001101101110100001001111100000101110101011101101011001000101001010011010011100100011111111010010011000010000001000101101010100101000011010011001100111 ;
b10000 E
b1011011 3
1'
#8020800
0'
#8024400
0D
1B
07
b1010101110010100 @
b10000 E
b1011100 3
1'
#8028000
0'
#8031600
07
b1011100011100111 @
0B
1D
0C
b11 >
b10100 :
b1111110011001101001011010111111010010110100011010010111101111010001100000100101100011001000111100100010011011011101000010011111000001011101010111011010110010001010010100110100111001000111111110100100110000100000010001011010101001010000110100110011001111 %
b1111110011001101001011010111111010010110100011010010111101111010001100000100101100011001000111100100010011011011101000010011111000001011101010111011010110010001010010100110100111001000111111110100100110000100000010001011010101001010000110100110011001111 6
b1111110011001101001011010111111010010110100011010010111101111010001100000100101100011001000111100100010011011011101000010011111000001011101010111011010110010001010010100110100111001000111111110100100110000100000010001011010101001010000110100110011001111 ;
b10000 E
b1011101 3
1'
#8035200
0'
#8038800
0D
07
b1111000011001111 @
b10000 E
b1011110 3
1'
#8042400
0'
#8046000
07
b1110100010100011 @
1D
b10000 E
b1011111 3
1'
#8049600
0'
#8053200
0D
07
b110011011111111 @
b10000 E
b1100000 3
1'
#8056800
0'
#8060400
07
b1010111001 @
1D
b10000 E
b1100001 3
1'
#8064000
0'
#8067600
0D
07
b1101001011110110 @
b10000 E
b1100010 3
1'
#8071200
0'
#8074800
07
b11111111001010 @
1D
b10000 E
b1100011 3
1'
#8078400
0'
#8082000
0D
17
b1100111011010100 @
b10000 E
b1100100 3
1'
#8085600
0'
#8089200
07
b111010110 @
1D
1C
b10000 E
b1100101 3
1'
#8092800
0'
#8096400
0D
1B
17
b1011011111100 @
b10000 E
b1100110 3
1'
#8100000
0'
#8103600
17
b1010001110010111 @
0B
1D
b100 >
b10101 :
b11111100110011010010110101111110100101101000110100101111011110100011000001001011000110010001111001000100110110111010000100111110000010111010101110110101100100010100101001101001110010001111111101001001100001000000100010110101010010100001101001100110011111 %
b11111100110011010010110101111110100101101000110100101111011110100011000001001011000110010001111001000100110110111010000100111110000010111010101110110101100100010100101001101001110010001111111101001001100001000000100010110101010010100001101001100110011111 6
b11111100110011010010110101111110100101101000110100101111011110100011000001001011000110010001111001000100110110111010000100111110000010111010101110110101100100010100101001101001110010001111111101001001100001000000100010110101010010100001101001100110011111 ;
b10000 E
b1100111 3
1'
#8107200
0'
#8110800
0D
07
b1001001010101000 @
b10000 E
b1101000 3
1'
#8114400
0'
#8118000
07
b1010110111101111 @
1D
0C
b10000 E
b1101001 3
1'
#8121600
0'
#8125200
0D
17
b1110001110001101 @
b10000 E
b1101010 3
1'
#8128800
0'
#8132400
17
b1101101101110000 @
1D
1C
b10000 E
b1101011 3
1'
#8136000
0'
#8139600
0D
17
b1011010111010100 @
b10000 E
b1101100 3
1'
#8143200
0'
#8146800
07
b1010101010100000 @
1D
b10000 E
b1101101 3
1'
#8150400
0'
#8154000
0D
1B
07
b1010111000001101 @
b10000 E
b1101110 3
1'
#8157600
0'
#8161200
17
b1011000110101000 @
0B
1D
0C
b101 >
b10110 :
b111111001100110100101101011111101001011010001101001011110111101000110000010010110001100100011110010001001101101110100001001111100000101110101011101101011001000101001010011010011100100011111111010010011000010000001000101101010100101000011010011001100111111 %
b111111001100110100101101011111101001011010001101001011110111101000110000010010110001100100011110010001001101101110100001001111100000101110101011101101011001000101001010011010011100100011111111010010011000010000001000101101010100101000011010011001100111111 6
b111111001100110100101101011111101001011010001101001011110111101000110000010010110001100100011110010001001101101110100001001111100000101110101011101101011001000101001010011010011100100011111111010010011000010000001000101101010100101000011010011001100111111 ;
b10000 E
b1101111 3
1'
#8164800
0'
#8168400
0D
1B
0A
07
b11111100100001 @
b10000 E
b1110000 3
1'
#8172000
0'
#8175600
17
b10111010011 @
0B
1D
0?
b0 >
b10111 :
b1111110011001101001011010111111010010110100011010010111101111010001100000100101100011001000111100100010011011011101000010011111000001011101010111011010110010001010010100110100111001000111111110100100110000100000010001011010101001010000110100110011001111110 %
b1111110011001101001011010111111010010110100011010010111101111010001100000100101100011001000111100100010011011011101000010011111000001011101010111011010110010001010010100110100111001000111111110100100110000100000010001011010101001010000110100110011001111110 6
b1111110011001101001011010111111010010110100011010010111101111010001100000100101100011001000111100100010011011011101000010011111000001011101010111011010110010001010010100110100111001000111111110100100110000100000010001011010101001010000110100110011001111110 ;
b10000 E
b1110001 3
1'
#8179200
0'
#8182800
0D
1B
07
b1100010101111101 @
b10000 E
b1110010 3
1'
#8186400
0'
#8190000
17
b1011100110111110 @
0B
1D
b1 >
b11000 :
b1111100110011010010110101111110100101101000110100101111011110100011000001001011000110010001111001000100110110111010000100111110000010111010101110110101100100010100101001101001110010001111111101001001100001000000100010110101010010100001101001100110011111100 %
b1111100110011010010110101111110100101101000110100101111011110100011000001001011000110010001111001000100110110111010000100111110000010111010101110110101100100010100101001101001110010001111111101001001100001000000100010110101010010100001101001100110011111100 6
b1111100110011010010110101111110100101101000110100101111011110100011000001001011000110010001111001000100110110111010000100111110000010111010101110110101100100010100101001101001110010001111111101001001100001000000100010110101010010100001101001100110011111100 ;
b10000 E
b1110011 3
1'
#8193600
0'
#8197200
0D
1B
07
b10100011101011 @
b10000 E
b1110100 3
1'
#8200800
0'
#8204400
17
b111001100110 @
0B
1D
b10 >
b11001 :
b1111001100110100101101011111101001011010001101001011110111101000110000010010110001100100011110010001001101101110100001001111100000101110101011101101011001000101001010011010011100100011111111010010011000010000001000101101010100101000011010011001100111111000 %
b1111001100110100101101011111101001011010001101001011110111101000110000010010110001100100011110010001001101101110100001001111100000101110101011101101011001000101001010011010011100100011111111010010011000010000001000101101010100101000011010011001100111111000 6
b1111001100110100101101011111101001011010001101001011110111101000110000010010110001100100011110010001001101101110100001001111100000101110101011101101011001000101001010011010011100100011111111010010011000010000001000101101010100101000011010011001100111111000 ;
b10000 E
b1110101 3
1'
#8208000
0'
#8211600
0D
1B
17
b111101111110001 @
b10000 E
b1110110 3
1'
#8215200
0'
#8218800
17
b11101111101101 @
0B
1D
1C
b11 >
b11010 :
b1110011001101001011010111111010010110100011010010111101111010001100000100101100011001000111100100010011011011101000010011111000001011101010111011010110010001010010100110100111001000111111110100100110000100000010001011010101001010000110100110011001111110000 %
b1110011001101001011010111111010010110100011010010111101111010001100000100101100011001000111100100010011011011101000010011111000001011101010111011010110010001010010100110100111001000111111110100100110000100000010001011010101001010000110100110011001111110000 6
b1110011001101001011010111111010010110100011010010111101111010001100000100101100011001000111100100010011011011101000010011111000001011101010111011010110010001010010100110100111001000111111110100100110000100000010001011010101001010000110100110011001111110000 ;
b10000 E
b1110111 3
1'
#8222400
0'
#8226000
0D
07
b111101000100101 @
b10000 E
b1111000 3
1'
#8229600
0'
#8233200
17
b1110101010110100 @
1D
0C
b10000 E
b1111001 3
1'
#8236800
0'
#8240400
0D
1B
07
b10011100111100 @
b10000 E
b1111010 3
1'
#8244000
0'
#8247600
17
b110110001100111 @
0B
1D
b100 >
b11011 :
b1100110011010010110101111110100101101000110100101111011110100011000001001011000110010001111001000100110110111010000100111110000010111010101110110101100100010100101001101001110010001111111101001001100001000000100010110101010010100001101001100110011111100000 %
b1100110011010010110101111110100101101000110100101111011110100011000001001011000110010001111001000100110110111010000100111110000010111010101110110101100100010100101001101001110010001111111101001001100001000000100010110101010010100001101001100110011111100000 6
b1100110011010010110101111110100101101000110100101111011110100011000001001011000110010001111001000100110110111010000100111110000010111010101110110101100100010100101001101001110010001111111101001001100001000000100010110101010010100001101001100110011111100000 ;
b10000 E
b1111011 3
1'
#8251200
0'
#8254800
0D
1B
17
b110100010010110 @
b10000 E
b1111100 3
1'
#8258400
0'
#8262000
17
b110011001100111 @
0B
1D
1C
b101 >
b11100 :
b1001100110100101101011111101001011010001101001011110111101000110000010010110001100100011110010001001101101110100001001111100000101110101011101101011001000101001010011010011100100011111111010010011000010000001000101101010100101000011010011001100111111000000 %
b1001100110100101101011111101001011010001101001011110111101000110000010010110001100100011110010001001101101110100001001111100000101110101011101101011001000101001010011010011100100011111111010010011000010000001000101101010100101000011010011001100111111000000 6
b1001100110100101101011111101001011010001101001011110111101000110000010010110001100100011110010001001101101110100001001111100000101110101011101101011001000101001010011010011100100011111111010010011000010000001000101101010100101000011010011001100111111000000 ;
b10000 E
b1111101 3
1'
#8265600
0'
#8269200
0D
17
b1001110110001110 @
b10000 E
b1111110 3
1'
#8272800
0'
#8276400
17
b10101101001001 @
1D
b10000 E
b1111111 3
1'
#8280000
0'
#8283600
0D
07
b1010000101111111 @
b10000 E
b10000000 3
1'
#8287200
0'
#8290800
17
b10110110011101 @
1D
0C
b10000 E
b10000001 3
1'
#8294400
0'
#8298000
0D
1B
17
b1111000110100101 @
b10000 E
b10000010 3
1'
#8301600
0'
#8305200
17
b10100111000 @
0B
1D
1C
b110 >
b11101 :
b11001101001011010111111010010110100011010010111101111010001100000100101100011001000111100100010011011011101000010011111000001011101010111011010110010001010010100110100111001000111111110100100110000100000010001011010101001010000110100110011001111110000000 %
b11001101001011010111111010010110100011010010111101111010001100000100101100011001000111100100010011011011101000010011111000001011101010111011010110010001010010100110100111001000111111110100100110000100000010001011010101001010000110100110011001111110000000 6
b11001101001011010111111010010110100011010010111101111010001100000100101100011001000111100100010011011011101000010011111000001011101010111011010110010001010010100110100111001000111111110100100110000100000010001011010101001010000110100110011001111110000000 ;
b10000 E
b10000011 3
1'
#8308800
0'
#8312400
0D
17
b11011100111001 @
b10000 E
b10000100 3
1'
#8316000
0'
#8319600
07
b1110001000001001 @
1D
b10000 E
b10000101 3
1'
#8323200
0'
#8326800
0D
1B
1A
07
b111001000110101 @
b10000 E
b10000110 3
1'
#8330400
0'
#8334000
07
b10110010000 @
0B
1D
0C
1?
b0 >
b11110 :
b110011010010110101111110100101101000110100101111011110100011000001001011000110010001111001000100110110111010000100111110000010111010101110110101100100010100101001101001110010001111111101001001100001000000100010110101010010100001101001100110011111100000001 %
b110011010010110101111110100101101000110100101111011110100011000001001011000110010001111001000100110110111010000100111110000010111010101110110101100100010100101001101001110010001111111101001001100001000000100010110101010010100001101001100110011111100000001 6
b110011010010110101111110100101101000110100101111011110100011000001001011000110010001111001000100110110111010000100111110000010111010101110110101100100010100101001101001110010001111111101001001100001000000100010110101010010100001101001100110011111100000001 ;
b10000 E
b10000111 3
1'
#8337600
0'
#8341200
0D
17
b1101001011011001 @
b10000 E
b10001000 3
1'
#8344800
0'
#8348400
07
b1101001000100001 @
1D
1C
b10000 E
b10001001 3
1'
#8352000
0'
#8355600
0D
1B
07
b101110111000001 @
b10000 E
b10001010 3
1'
#8359200
0'
#8362800
07
b1010011110101000 @
0B
1D
0C
b1 >
b11111 :
b1100110100101101011111101001011010001101001011110111101000110000010010110001100100011110010001001101101110100001001111100000101110101011101101011001000101001010011010011100100011111111010010011000010000001000101101010100101000011010011001100111111000000011 %
b1100110100101101011111101001011010001101001011110111101000110000010010110001100100011110010001001101101110100001001111100000101110101011101101011001000101001010011010011100100011111111010010011000010000001000101101010100101000011010011001100111111000000011 6
b1100110100101101011111101001011010001101001011110111101000110000010010110001100100011110010001001101101110100001001111100000101110101011101101011001000101001010011010011100100011111111010010011000010000001000101101010100101000011010011001100111111000000011 ;
b10000 E
b10001011 3
1'
#8366400
0'
#8370000
0D
07
b1111000011010010 @
b10000 E
b10001100 3
1'
#8373600
0'
#8377200
07
b1000111101100001 @
1D
b10000 E
b10001101 3
1'
#8380800
0'
#8384400
0D
07
b1011100100101010 @
b10000 E
b10001110 3
1'
#8388000
0'
#8391600
07
b1001101101101000 @
1D
b10000 E
b10001111 3
1'
#8395200
0'
#8398800
0D
17
b1110001001011101 @
b10000 E
b10010000 3
1'
#8402400
0'
#8406000
07
b1001100000110001 @
1D
1C
b10000 E
b10010001 3
1'
#8409600
0'
#8413200
0D
1B
17
b1011001001001001 @
b10000 E
b10010010 3
1'
#8416800
0'
#8420400
17
b10010010111001 @
0B
1D
b10 >
b100000 :
b1001101001011010111111010010110100011010010111101111010001100000100101100011001000111100100010011011011101000010011111000001011101010111011010110010001010010100110100111001000111111110100100110000100000010001011010101001010000110100110011001111110000000111 %
b1001101001011010111111010010110100011010010111101111010001100000100101100011001000111100100010011011011101000010011111000001011101010111011010110010001010010100110100111001000111111110100100110000100000010001011010101001010000110100110011001111110000000111 6
b1001101001011010111111010010110100011010010111101111010001100000100101100011001000111100100010011011011101000010011111000001011101010111011010110010001010010100110100111001000111111110100100110000100000010001011010101001010000110100110011001111110000000111 ;
b10000 E
b10010011 3
1'
#8424000
0'
#8427600
0D
17
b1110110111111011 @
b10000 E
b10010100 3
1'
#8431200
0'
#8434800
17
b10101110001111 @
1D
b10000 E
b10010101 3
1'
#8438400
0'
#8442000
0D
17
b1111110110001011 @
b10000 E
b10010110 3
1'
#8445600
0'
#8449200
17
b1111001100101010 @
1D
b10000 E
b10010111 3
1'
#8452800
0'
#8456400
0D
07
b101001010010001 @
b10000 E
b10011000 3
1'
#8460000
0'
#8463600
07
b100001011111010 @
1D
0C
b10000 E
b10011001 3
1'
#8467200
0'
#8470800
0D
07
b1101010011001100 @
b10000 E
b10011010 3
1'
#8474400
0'
#8478000
07
b111000111000011 @
1D
b10000 E
b10011011 3
1'
#8481600
0'
#8485200
0D
17
b111110100000111 @
b10000 E
b10011100 3
1'
#8488800
0'
#8492400
17
b1010011000010 @
1D
1C
b10000 E
b10011101 3
1'
#8496000
0'
#8499600
0D
17
b1110010010100010 @
b10000 E
b10011110 3
1'
#8503200
0'
#8506800
07
b110010111110 @
1D
b10000 E
b10011111 3
1'
#8510400
0'
#8514000
0D
1B
07
b101101011010111 @
b10000 E
b10100000 3
1'
#8517600
0'
#8521200
07
b1000111001100 @
0B
1D
0C
b11 >
b100001 :
b11010010110101111110100101101000110100101111011110100011000001001011000110010001111001000100110110111010000100111110000010111010101110110101100100010100101001101001110010001111111101001001100001000000100010110101010010100001101001100110011111100000001111 %
b11010010110101111110100101101000110100101111011110100011000001001011000110010001111001000100110110111010000100111110000010111010101110110101100100010100101001101001110010001111111101001001100001000000100010110101010010100001101001100110011111100000001111 6
b11010010110101111110100101101000110100101111011110100011000001001011000110010001111001000100110110111010000100111110000010111010101110110101100100010100101001101001110010001111111101001001100001000000100010110101010010100001101001100110011111100000001111 ;
b10000 E
b10100001 3
1'
#8524800
0'
#8528400
0D
17
b1111000110110010 @
b10000 E
b10100010 3
1'
#8532000
0'
#8535600
07
b1101111111000001 @
1D
1C
b10000 E
b10100011 3
1'
#8539200
0'
#8542800
0D
1B
07
b1100010101011001 @
b10000 E
b10100100 3
1'
#8546400
0'
#8550000
07
b110010110110001 @
0B
1D
0C
b100 >
b100010 :
b110100101101011111101001011010001101001011110111101000110000010010110001100100011110010001001101101110100001001111100000101110101011101101011001000101001010011010011100100011111111010010011000010000001000101101010100101000011010011001100111111000000011111 %
b110100101101011111101001011010001101001011110111101000110000010010110001100100011110010001001101101110100001001111100000101110101011101101011001000101001010011010011100100011111111010010011000010000001000101101010100101000011010011001100111111000000011111 6
b110100101101011111101001011010001101001011110111101000110000010010110001100100011110010001001101101110100001001111100000101110101011101101011001000101001010011010011100100011111111010010011000010000001000101101010100101000011010011001100111111000000011111 ;
b10000 E
b10100101 3
1'
#8553600
0'
#8557200
0D
17
b100101111010011 @
b10000 E
b10100110 3
1'
#8560800
0'
#8564400
07
b100000001011000 @
1D
1C
b10000 E
b10100111 3
1'
#8568000
0'
#8571600
0D
1B
17
b1011101000011000 @
b10000 E
b10101000 3
1'
#8575200
0'
#8578800
07
b1011001100111110 @
0B
1D
b101 >
b100011 :
b1101001011010111111010010110100011010010111101111010001100000100101100011001000111100100010011011011101000010011111000001011101010111011010110010001010010100110100111001000111111110100100110000100000010001011010101001010000110100110011001111110000000111111 %
b1101001011010111111010010110100011010010111101111010001100000100101100011001000111100100010011011011101000010011111000001011101010111011010110010001010010100110100111001000111111110100100110000100000010001011010101001010000110100110011001111110000000111111 6
b1101001011010111111010010110100011010010111101111010001100000100101100011001000111100100010011011011101000010011111000001011101010111011010110010001010010100110100111001000111111110100100110000100000010001011010101001010000110100110011001111110000000111111 ;
b10000 E
b10101001 3
1'
#8582400
0'
#8586000
0D
1B
17
b1001001000101 @
b10000 E
b10101010 3
1'
#8589600
0'
#8593200
07
b101001010010111 @
0B
1D
b110 >
b100100 :
b1010010110101111110100101101000110100101111011110100011000001001011000110010001111001000100110110111010000100111110000010111010101110110101100100010100101001101001110010001111111101001001100001000000100010110101010010100001101001100110011111100000001111111 %
b1010010110101111110100101101000110100101111011110100011000001001011000110010001111001000100110110111010000100111110000010111010101110110101100100010100101001101001110010001111111101001001100001000000100010110101010010100001101001100110011111100000001111111 6
b1010010110101111110100101101000110100101111011110100011000001001011000110010001111001000100110110111010000100111110000010111010101110110101100100010100101001101001110010001111111101001001100001000000100010110101010010100001101001100110011111100000001111111 ;
b10000 E
b10101011 3
1'
#8596800
0'
#8600400
0D
1B
17
b1101010110010101 @
b10000 E
b10101100 3
1'
#8604000
0'
#8607600
17
b111010111111100 @
0B
1D
b111 >
b100101 :
b100101101011111101001011010001101001011110111101000110000010010110001100100011110010001001101101110100001001111100000101110101011101101011001000101001010011010011100100011111111010010011000010000001000101101010100101000011010011001100111111000000011111111 %
b100101101011111101001011010001101001011110111101000110000010010110001100100011110010001001101101110100001001111100000101110101011101101011001000101001010011010011100100011111111010010011000010000001000101101010100101000011010011001100111111000000011111111 6
b100101101011111101001011010001101001011110111101000110000010010110001100100011110010001001101101110100001001111100000101110101011101101011001000101001010011010011100100011111111010010011000010000001000101101010100101000011010011001100111111000000011111111 ;
b10000 E
b10101101 3
1'
#8611200
0'
#8614800
0D
07
b110001100011101 @
b10000 E
b10101110 3
1'
#8618400
0'
#8622000
07
b1111001111110000 @
1D
0C
b10000 E
b10101111 3
1'
#8625600
0'
#8629200
0D
07
b110011111111000 @
b10000 E
b10110000 3
1'
#8632800
0'
#8636400
17
b1001011111011101 @
1D
b10000 E
b10110001 3
1'
#8640000
0'
#8643600
0D
1B
0A
17
b1000101000101 @
b10000 E
b10110010 3
1'
#8647200
0'
#8650800
17
b11100100011001 @
0B
1D
1C
0?
b0 >
b100110 :
b1001011010111111010010110100011010010111101111010001100000100101100011001000111100100010011011011101000010011111000001011101010111011010110010001010010100110100111001000111111110100100110000100000010001011010101001010000110100110011001111110000000111111110 %
b1001011010111111010010110100011010010111101111010001100000100101100011001000111100100010011011011101000010011111000001011101010111011010110010001010010100110100111001000111111110100100110000100000010001011010101001010000110100110011001111110000000111111110 6
b1001011010111111010010110100011010010111101111010001100000100101100011001000111100100010011011011101000010011111000001011101010111011010110010001010010100110100111001000111111110100100110000100000010001011010101001010000110100110011001111110000000111111110 ;
b10000 E
b10110011 3
1'
#8654400
0'
#8658000
0D
17
b101110101011100 @
b10000 E
b10110100 3
1'
#8661600
0'
#8665200
07
b101101000111010 @
1D
b10000 E
b10110101 3
1'
#8668800
0'
#8672400
0D
1B
1A
17
b1001100001110001 @
b10000 E
b10110110 3
1'
#8676000
0'
#8679600
17
b100111010110000 @
0B
1D
1?
b100111 :
b10110101111110100101101000110100101111011110100011000001001011000110010001111001000100110110111010000100111110000010111010101110110101100100010100101001101001110010001111111101001001100001000000100010110101010010100001101001100110011111100000001111111101 %
b10110101111110100101101000110100101111011110100011000001001011000110010001111001000100110110111010000100111110000010111010101110110101100100010100101001101001110010001111111101001001100001000000100010110101010010100001101001100110011111100000001111111101 6
b10110101111110100101101000110100101111011110100011000001001011000110010001111001000100110110111010000100111110000010111010101110110101100100010100101001101001110010001111111101001001100001000000100010110101010010100001101001100110011111100000001111111101 ;
b10000 E
b10110111 3
1'
#8683200
0'
#8686800
0D
17
b10011001110010 @
b10000 E
b10111000 3
1'
#8690400
0'
#8694000
07
b110001000110100 @
1D
b10000 E
b10111001 3
1'
#8697600
0'
#8701200
0D
1B
07
b1110000010110101 @
b10000 E
b10111010 3
1'
#8704800
0'
#8708400
17
b1111000011000111 @
0B
1D
0C
b1 >
b101000 :
b101101011111101001011010001101001011110111101000110000010010110001100100011110010001001101101110100001001111100000101110101011101101011001000101001010011010011100100011111111010010011000010000001000101101010100101000011010011001100111111000000011111111011 %
b101101011111101001011010001101001011110111101000110000010010110001100100011110010001001101101110100001001111100000101110101011101101011001000101001010011010011100100011111111010010011000010000001000101101010100101000011010011001100111111000000011111111011 6
b101101011111101001011010001101001011110111101000110000010010110001100100011110010001001101101110100001001111100000101110101011101101011001000101001010011010011100100011111111010010011000010000001000101101010100101000011010011001100111111000000011111111011 ;
b10000 E
b10111011 3
1'
#8712000
0'
#8715600
0D
1B
0A
07
b101001110001110 @
b10000 E
b10111100 3
1'
#8719200
0'
#8722800
07
b1000010100111101 @
0B
1D
0?
b0 >
b101001 :
b1011010111111010010110100011010010111101111010001100000100101100011001000111100100010011011011101000010011111000001011101010111011010110010001010010100110100111001000111111110100100110000100000010001011010101001010000110100110011001111110000000111111110110 %
b1011010111111010010110100011010010111101111010001100000100101100011001000111100100010011011011101000010011111000001011101010111011010110010001010010100110100111001000111111110100100110000100000010001011010101001010000110100110011001111110000000111111110110 6
b1011010111111010010110100011010010111101111010001100000100101100011001000111100100010011011011101000010011111000001011101010111011010110010001010010100110100111001000111111110100100110000100000010001011010101001010000110100110011001111110000000111111110110 ;
b10000 E
b10111101 3
1'
#8726400
0'
#8730000
0D
07
b10010011011110 @
b10000 E
b10111110 3
1'
#8733600
0'
#8737200
17
b1010111101111111 @
1D
b10000 E
b10111111 3
1'
#8740800
0'
#8744400
0D
1B
17
b1110110001100110 @
b10000 E
b11000000 3
1'
#8748000
0'
#8751600
17
b1010000101111 @
0B
1D
1C
b1 >
b101010 :
b110101111110100101101000110100101111011110100011000001001011000110010001111001000100110110111010000100111110000010111010101110110101100100010100101001101001110010001111111101001001100001000000100010110101010010100001101001100110011111100000001111111101100 %
b110101111110100101101000110100101111011110100011000001001011000110010001111001000100110110111010000100111110000010111010101110110101100100010100101001101001110010001111111101001001100001000000100010110101010010100001101001100110011111100000001111111101100 6
b110101111110100101101000110100101111011110100011000001001011000110010001111001000100110110111010000100111110000010111010101110110101100100010100101001101001110010001111111101001001100001000000100010110101010010100001101001100110011111100000001111111101100 ;
b10000 E
b11000001 3
1'
#8755200
0'
#8758800
0D
07
b1111000100110001 @
b10000 E
b11000010 3
1'
#8762400
0'
#8766000
07
b1100100010101 @
1D
0C
b10000 E
b11000011 3
1'
#8769600
0'
#8773200
0D
17
b1101101010010000 @
b10000 E
b11000100 3
1'
#8776800
0'
#8780400
17
b1110011100000010 @
1D
1C
b10000 E
b11000101 3
1'
#8784000
0'
#8787600
0D
17
b110000001 @
b10000 E
b11000110 3
1'
#8791200
0'
#8794800
17
b1101000110110110 @
1D
b10000 E
b11000111 3
1'
#8798400
0'
#8802000
0D
17
b11011010111010 @
b10000 E
b11001000 3
1'
#8805600
0'
#8809200
17
b1111100010001000 @
1D
b10000 E
b11001001 3
1'
#8812800
0'
#8816400
0D
17
b101101001010111 @
b10000 E
b11001010 3
1'
#8820000
0'
#8823600
17
b1001010111010000 @
1D
b10000 E
b11001011 3
1'
#8827200
0'
#8830800
0D
17
b1011101100111 @
b10000 E
b11001100 3
1'
#8834400
0'
#8838000
17
b1110011001000100 @
1D
b10000 E
b11001101 3
1'
#8841600
0'
#8845200
0D
07
b1111010111011000 @
b10000 E
b11001110 3
1'
#8848800
0'
#8852400
07
b1011011101111000 @
1D
0C
b10000 E
b11001111 3
1'
#8856000
0'
#8859600
0D
07
b10010001001101 @
b10000 E
b11010000 3
1'
#8863200
0'
#8866800
17
b1101010100111001 @
1D
b10000 E
b11010001 3
1'
#8870400
0'
#8874000
0D
1B
07
b1001100111011101 @
b10000 E
b11010010 3
1'
#8877600
0'
#8881200
07
b11111110111011 @
0B
1D
b10 >
b101011 :
b1101011111101001011010001101001011110111101000110000010010110001100100011110010001001101101110100001001111100000101110101011101101011001000101001010011010011100100011111111010010011000010000001000101101010100101000011010011001100111111000000011111111011000 %
b1101011111101001011010001101001011110111101000110000010010110001100100011110010001001101101110100001001111100000101110101011101101011001000101001010011010011100100011111111010010011000010000001000101101010100101000011010011001100111111000000011111111011000 6
b1101011111101001011010001101001011110111101000110000010010110001100100011110010001001101101110100001001111100000101110101011101101011001000101001010011010011100100011111111010010011000010000001000101101010100101000011010011001100111111000000011111111011000 ;
b10000 E
b11010011 3
1'
#8884800
0'
#8888400
0D
07
b100001101011000 @
b10000 E
b11010100 3
1'
#8892000
0'
#8895600
17
b1010100000110000 @
1D
b10000 E
b11010101 3
1'
#8899200
0'
#8902800
0D
1B
07
b101101100010110 @
b10000 E
b11010110 3
1'
#8906400
0'
#8910000
07
b1011110101110010 @
0B
1D
b11 >
b101100 :
b1010111111010010110100011010010111101111010001100000100101100011001000111100100010011011011101000010011111000001011101010111011010110010001010010100110100111001000111111110100100110000100000010001011010101001010000110100110011001111110000000111111110110000 %
b1010111111010010110100011010010111101111010001100000100101100011001000111100100010011011011101000010011111000001011101010111011010110010001010010100110100111001000111111110100100110000100000010001011010101001010000110100110011001111110000000111111110110000 6
b1010111111010010110100011010010111101111010001100000100101100011001000111100100010011011011101000010011111000001011101010111011010110010001010010100110100111001000111111110100100110000100000010001011010101001010000110100110011001111110000000111111110110000 ;
b10000 E
b11010111 3
1'
#8913600
0'
#8917200
0D
17
b1000011011111100 @
b10000 E
b11011000 3
1'
#8920800
0'
#8924400
17
b100101111010101 @
1D
1C
b10000 E
b11011001 3
1'
#8928000
0'
#8931600
0D
17
b1010100110101101 @
b10000 E
b11011010 3
1'
#8935200
0'
#8938800
17
b111000110000000 @
1D
b10000 E
b11011011 3
1'
#8942400
0'
#8946000
0D
07
b1011000010001100 @
b10000 E
b11011100 3
1'
#8949600
0'
#8953200
17
b11101000000111 @
1D
0C
b10000 E
b11011101 3
1'
#8956800
0'
#8960400
0D
1B
07
b111001101 @
b10000 E
b11011110 3
1'
#8964000
0'
#8967600
17
b1111100010110010 @
0B
1D
b100 >
b101101 :
b101111110100101101000110100101111011110100011000001001011000110010001111001000100110110111010000100111110000010111010101110110101100100010100101001101001110010001111111101001001100001000000100010110101010010100001101001100110011111100000001111111101100000 %
b101111110100101101000110100101111011110100011000001001011000110010001111001000100110110111010000100111110000010111010101110110101100100010100101001101001110010001111111101001001100001000000100010110101010010100001101001100110011111100000001111111101100000 6
b101111110100101101000110100101111011110100011000001001011000110010001111001000100110110111010000100111110000010111010101110110101100100010100101001101001110010001111111101001001100001000000100010110101010010100001101001100110011111100000001111111101100000 ;
b10000 E
b11011111 3
1'
#8971200
0'
#8974800
0D
1B
17
b100011111100 @
b10000 E
b11100000 3
1'
#8978400
0'
#8982000
17
b100111110110111 @
0B
1D
1C
b101 >
b101110 :
b1011111101001011010001101001011110111101000110000010010110001100100011110010001001101101110100001001111100000101110101011101101011001000101001010011010011100100011111111010010011000010000001000101101010100101000011010011001100111111000000011111111011000000 %
b1011111101001011010001101001011110111101000110000010010110001100100011110010001001101101110100001001111100000101110101011101101011001000101001010011010011100100011111111010010011000010000001000101101010100101000011010011001100111111000000011111111011000000 6
b1011111101001011010001101001011110111101000110000010010110001100100011110010001001101101110100001001111100000101110101011101101011001000101001010011010011100100011111111010010011000010000001000101101010100101000011010011001100111111000000011111111011000000 ;
b10000 E
b11100001 3
1'
#8985600
0'
#8989200
0D
17
b11101111010010 @
b10000 E
b11100010 3
1'
#8992800
0'
#8996400
07
b1001001110000010 @
1D
b10000 E
b11100011 3
1'
#9000000
0'
#9003600
0D
1B
1A
17
b1001100111011111 @
b10000 E
b11100100 3
1'
#9007200
0'
#9010800
17
b10111000100110 @
0B
1D
1?
b0 >
b101111 :
b111111010010110100011010010111101111010001100000100101100011001000111100100010011011011101000010011111000001011101010111011010110010001010010100110100111001000111111110100100110000100000010001011010101001010000110100110011001111110000000111111110110000001 %
b111111010010110100011010010111101111010001100000100101100011001000111100100010011011011101000010011111000001011101010111011010110010001010010100110100111001000111111110100100110000100000010001011010101001010000110100110011001111110000000111111110110000001 6
b111111010010110100011010010111101111010001100000100101100011001000111100100010011011011101000010011111000001011101010111011010110010001010010100110100111001000111111110100100110000100000010001011010101001010000110100110011001111110000000111111110110000001 ;
b10000 E
b11100101 3
1'
#9014400
0'
#9018000
0D
17
b1000010001100111 @
b10000 E
b11100110 3
1'
#9021600
0'
#9025200
07
b1000011001101000 @
1D
b10000 E
b11100111 3
1'
#9028800
0'
#9032400
0D
1B
17
b10010101010101 @
b10000 E
b11101000 3
1'
#9036000
0'
#9039600
17
b1111110000100011 @
0B
1D
b1 >
b110000 :
b1111110100101101000110100101111011110100011000001001011000110010001111001000100110110111010000100111110000010111010101110110101100100010100101001101001110010001111111101001001100001000000100010110101010010100001101001100110011111100000001111111101100000011 %
b1111110100101101000110100101111011110100011000001001011000110010001111001000100110110111010000100111110000010111010101110110101100100010100101001101001110010001111111101001001100001000000100010110101010010100001101001100110011111100000001111111101100000011 6
b1111110100101101000110100101111011110100011000001001011000110010001111001000100110110111010000100111110000010111010101110110101100100010100101001101001110010001111111101001001100001000000100010110101010010100001101001100110011111100000001111111101100000011 ;
b10000 E
b11101001 3
1'
#9043200
0'
#9046800
0D
17
b111100001011011 @
b10000 E
b11101010 3
1'
#9050400
0'
#9054000
07
b10111000110011 @
1D
b10000 E
b11101011 3
1'
#9057600
0'
#9061200
0D
1B
17
b111110110000 @
b10000 E
b11101100 3
1'
#9064800
0'
#9068400
17
b1011011000010010 @
0B
1D
b10 >
b110001 :
b1111101001011010001101001011110111101000110000010010110001100100011110010001001101101110100001001111100000101110101011101101011001000101001010011010011100100011111111010010011000010000001000101101010100101000011010011001100111111000000011111111011000000111 %
b1111101001011010001101001011110111101000110000010010110001100100011110010001001101101110100001001111100000101110101011101101011001000101001010011010011100100011111111010010011000010000001000101101010100101000011010011001100111111000000011111111011000000111 6
b1111101001011010001101001011110111101000110000010010110001100100011110010001001101101110100001001111100000101110101011101101011001000101001010011010011100100011111111010010011000010000001000101101010100101000011010011001100111111000000011111111011000000111 ;
b10000 E
b11101101 3
1'
#9072000
0'
#9075600
0D
07
b10110110010101 @
b10000 E
b11101110 3
1'
#9079200
0'
#9082800
07
b1000100100001000 @
1D
0C
b10000 E
b11101111 3
1'
#9086400
0'
#9090000
0D
17
b1001110000001101 @
b10000 E
b11110000 3
1'
#9093600
0'
#9097200
07
b100000101110001 @
1D
1C
b10000 E
b11110001 3
1'
#9100800
0'
#9104400
0D
1B
07
b1010010011011010 @
b10000 E
b11110010 3
1'
#9108000
0'
#9111600
17
b1100100000101000 @
0B
1D
0C
b11 >
b110010 :
b1111010010110100011010010111101111010001100000100101100011001000111100100010011011011101000010011111000001011101010111011010110010001010010100110100111001000111111110100100110000100000010001011010101001010000110100110011001111110000000111111110110000001111 %
b1111010010110100011010010111101111010001100000100101100011001000111100100010011011011101000010011111000001011101010111011010110010001010010100110100111001000111111110100100110000100000010001011010101001010000110100110011001111110000000111111110110000001111 6
b1111010010110100011010010111101111010001100000100101100011001000111100100010011011011101000010011111000001011101010111011010110010001010010100110100111001000111111110100100110000100000010001011010101001010000110100110011001111110000000111111110110000001111 ;
b10000 E
b11110011 3
1'
#9115200
0'
#9118800
0D
1B
0A
17
b101000011000010 @
b10000 E
b11110100 3
1'
#9122400
0'
#9126000
07
b1110001101111010 @
0B
1D
1C
0?
b0 >
b110011 :
b1110100101101000110100101111011110100011000001001011000110010001111001000100110110111010000100111110000010111010101110110101100100010100101001101001110010001111111101001001100001000000100010110101010010100001101001100110011111100000001111111101100000011110 %
b1110100101101000110100101111011110100011000001001011000110010001111001000100110110111010000100111110000010111010101110110101100100010100101001101001110010001111111101001001100001000000100010110101010010100001101001100110011111100000001111111101100000011110 6
b1110100101101000110100101111011110100011000001001011000110010001111001000100110110111010000100111110000010111010101110110101100100010100101001101001110010001111111101001001100001000000100010110101010010100001101001100110011111100000001111111101100000011110 ;
b10000 E
b11110101 3
1'
#9129600
0'
#9133200
0D
1B
1A
07
b100010001011010 @
b10000 E
b11110110 3
1'
#9136800
0'
#9140400
17
b110001001111101 @
0B
1D
0C
1?
b110100 :
b1101001011010001101001011110111101000110000010010110001100100011110010001001101101110100001001111100000101110101011101101011001000101001010011010011100100011111111010010011000010000001000101101010100101000011010011001100111111000000011111111011000000111101 %
b1101001011010001101001011110111101000110000010010110001100100011110010001001101101110100001001111100000101110101011101101011001000101001010011010011100100011111111010010011000010000001000101101010100101000011010011001100111111000000011111111011000000111101 6
b1101001011010001101001011110111101000110000010010110001100100011110010001001101101110100001001111100000101110101011101101011001000101001010011010011100100011111111010010011000010000001000101101010100101000011010011001100111111000000011111111011000000111101 ;
b10000 E
b11110111 3
1'
#9144000
0'
#9147600
0D
1B
0A
07
b110000110010111 @
b10000 E
b11111000 3
1'
#9151200
0'
#9154800
17
b1110110000000011 @
0B
1D
0?
b110101 :
b1010010110100011010010111101111010001100000100101100011001000111100100010011011011101000010011111000001011101010111011010110010001010010100110100111001000111111110100100110000100000010001011010101001010000110100110011001111110000000111111110110000001111010 %
b1010010110100011010010111101111010001100000100101100011001000111100100010011011011101000010011111000001011101010111011010110010001010010100110100111001000111111110100100110000100000010001011010101001010000110100110011001111110000000111111110110000001111010 6
b1010010110100011010010111101111010001100000100101100011001000111100100010011011011101000010011111000001011101010111011010110010001010010100110100111001000111111110100100110000100000010001011010101001010000110100110011001111110000000111111110110000001111010 ;
b10000 E
b11111001 3
1'
#9158400
0'
#9162000
0D
1B
07
b1100110111011111 @
b10000 E
b11111010 3
1'
#9165600
0'
#9169200
17
b100000111001110 @
0B
1D
b1 >
b110110 :
b100101101000110100101111011110100011000001001011000110010001111001000100110110111010000100111110000010111010101110110101100100010100101001101001110010001111111101001001100001000000100010110101010010100001101001100110011111100000001111111101100000011110100 %
b100101101000110100101111011110100011000001001011000110010001111001000100110110111010000100111110000010111010101110110101100100010100101001101001110010001111111101001001100001000000100010110101010010100001101001100110011111100000001111111101100000011110100 6
b100101101000110100101111011110100011000001001011000110010001111001000100110110111010000100111110000010111010101110110101100100010100101001101001110010001111111101001001100001000000100010110101010010100001101001100110011111100000001111111101100000011110100 ;
b10000 E
b11111011 3
1'
#9172800
0'
#9176400
0D
1B
07
b1110110000101100 @
b10000 E
b11111100 3
1'
#9180000
0'
#9183600
07
b101110100010011 @
0B
1D
b10 >
b110111 :
b1001011010001101001011110111101000110000010010110001100100011110010001001101101110100001001111100000101110101011101101011001000101001010011010011100100011111111010010011000010000001000101101010100101000011010011001100111111000000011111111011000000111101000 %
b1001011010001101001011110111101000110000010010110001100100011110010001001101101110100001001111100000101110101011101101011001000101001010011010011100100011111111010010011000010000001000101101010100101000011010011001100111111000000011111111011000000111101000 6
b1001011010001101001011110111101000110000010010110001100100011110010001001101101110100001001111100000101110101011101101011001000101001010011010011100100011111111010010011000010000001000101101010100101000011010011001100111111000000011111111011000000111101000 ;
b10000 E
b11111101 3
1'
#9187200
0'
#9190800
0D
17
b11001010111101 @
b10000 E
b11111110 3
1'
#9194400
0'
#9198000
17
b1100101100100111 @
1D
1C
b10000 E
b11111111 3
1'
#9201600
0'
#9205200
0D
07
b1110010000010111 @
b10000 E
b100000000 3
1'
#9208800
0'
#9212400
07
b101101101001010 @
1D
0C
b10000 E
b100000001 3
1'
#9216000
0'
#9219600
0D
17
b110111110010100 @
b10000 E
b100000010 3
1'
#9223200
0'
#9226800
07
b1111010000001 @
1D
1C
b10000 E
b100000011 3
1'
#9230400
0'
#9234000
0D
1B
1A
17
b1100100010100000 @
b10000 E
b100000100 3
1'
#9237600
0'
#9241200
17
b1000101001110010 @
0B
1D
1?
b0 >
b111000 :
b10110100011010010111101111010001100000100101100011001000111100100010011011011101000010011111000001011101010111011010110010001010010100110100111001000111111110100100110000100000010001011010101001010000110100110011001111110000000111111110110000001111010001 %
b10110100011010010111101111010001100000100101100011001000111100100010011011011101000010011111000001011101010111011010110010001010010100110100111001000111111110100100110000100000010001011010101001010000110100110011001111110000000111111110110000001111010001 6
b10110100011010010111101111010001100000100101100011001000111100100010011011011101000010011111000001011101010111011010110010001010010100110100111001000111111110100100110000100000010001011010101001010000110100110011001111110000000111111110110000001111010001 ;
b10000 E
b100000101 3
1'
#9244800
0'
#9248400
0D
17
b1111001110110000 @
b10000 E
b100000110 3
1'
#9252000
0'
#9255600
07
b1110011000111 @
1D
b10000 E
b100000111 3
1'
#9259200
0'
#9262800
0D
1B
07
b101100000100110 @
b10000 E
b100001000 3
1'
#9266400
0'
#9270000
17
b1001111101010100 @
0B
1D
0C
b1 >
b111001 :
b101101000110100101111011110100011000001001011000110010001111001000100110110111010000100111110000010111010101110110101100100010100101001101001110010001111111101001001100001000000100010110101010010100001101001100110011111100000001111111101100000011110100011 %
b101101000110100101111011110100011000001001011000110010001111001000100110110111010000100111110000010111010101110110101100100010100101001101001110010001111111101001001100001000000100010110101010010100001101001100110011111100000001111111101100000011110100011 6
b101101000110100101111011110100011000001001011000110010001111001000100110110111010000100111110000010111010101110110101100100010100101001101001110010001111111101001001100001000000100010110101010010100001101001100110011111100000001111111101100000011110100011 ;
b10000 E
b100001001 3
1'
#9273600
0'
#9277200
0D
1B
0A
07
b101100001101011 @
b10000 E
b100001010 3
1'
#9280800
0'
#9284400
07
b1010000010100011 @
0B
1D
0?
b0 >
b111010 :
b1011010001101001011110111101000110000010010110001100100011110010001001101101110100001001111100000101110101011101101011001000101001010011010011100100011111111010010011000010000001000101101010100101000011010011001100111111000000011111111011000000111101000110 %
b1011010001101001011110111101000110000010010110001100100011110010001001101101110100001001111100000101110101011101101011001000101001010011010011100100011111111010010011000010000001000101101010100101000011010011001100111111000000011111111011000000111101000110 6
b1011010001101001011110111101000110000010010110001100100011110010001001101101110100001001111100000101110101011101101011001000101001010011010011100100011111111010010011000010000001000101101010100101000011010011001100111111000000011111111011000000111101000110 ;
b10000 E
b100001011 3
1'
#9288000
0'
#9291600
0D
07
b1001011010101100 @
b10000 E
b100001100 3
1'
#9295200
0'
#9298800
07
b110110111101111 @
1D
b10000 E
b100001101 3
1'
#9302400
0'
#9306000
0D
17
b100000010001110 @
b10000 E
b100001110 3
1'
#9309600
0'
#9313200
07
b1001000101011011 @
1D
1C
b10000 E
b100001111 3
1'
#9316800
0'
#9320400
0D
1B
1A
07
b10011011110100 @
b10000 E
b100010000 3
1'
#9324000
0'
#9327600
07
b111000001101011 @
0B
1D
0C
1?
b111011 :
b110100011010010111101111010001100000100101100011001000111100100010011011011101000010011111000001011101010111011010110010001010010100110100111001000111111110100100110000100000010001011010101001010000110100110011001111110000000111111110110000001111010001101 %
b110100011010010111101111010001100000100101100011001000111100100010011011011101000010011111000001011101010111011010110010001010010100110100111001000111111110100100110000100000010001011010101001010000110100110011001111110000000111111110110000001111010001101 6
b110100011010010111101111010001100000100101100011001000111100100010011011011101000010011111000001011101010111011010110010001010010100110100111001000111111110100100110000100000010001011010101001010000110100110011001111110000000111111110110000001111010001101 ;
b10000 E
b100010001 3
1'
#9331200
0'
#9334800
0D
07
b101110011011110 @
b10000 E
b100010010 3
1'
#9338400
0'
#9342000
07
b1111001100110000 @
1D
b10000 E
b100010011 3
1'
#9345600
0'
#9349200
0D
07
b1100101000001100 @
b10000 E
b100010100 3
1'
#9352800
0'
#9356400
17
b1101100010000011 @
1D
b10000 E
b100010101 3
1'
#9360000
0'
#9363600
0D
1B
0A
07
b110101110100111 @
b10000 E
b100010110 3
1'
#9367200
0'
#9370800
07
b110111001001100 @
0B
1D
0?
b111100 :
b1101000110100101111011110100011000001001011000110010001111001000100110110111010000100111110000010111010101110110101100100010100101001101001110010001111111101001001100001000000100010110101010010100001101001100110011111100000001111111101100000011110100011010 %
b1101000110100101111011110100011000001001011000110010001111001000100110110111010000100111110000010111010101110110101100100010100101001101001110010001111111101001001100001000000100010110101010010100001101001100110011111100000001111111101100000011110100011010 6
b1101000110100101111011110100011000001001011000110010001111001000100110110111010000100111110000010111010101110110101100100010100101001101001110010001111111101001001100001000000100010110101010010100001101001100110011111100000001111111101100000011110100011010 ;
b10000 E
b100010111 3
1'
#9374400
0'
#9378000
0D
17
b10101100100 @
b10000 E
b100011000 3
1'
#9381600
0'
#9385200
17
b101110011010000 @
1D
1C
b10000 E
b100011001 3
1'
#9388800
0'
#9392400
0D
07
b1101001010010 @
b10000 E
b100011010 3
1'
#9396000
0'
#9399600
07
b11010010100001 @
1D
0C
b10000 E
b100011011 3
1'
#9403200
0'
#9406800
0D
07
b1011000100001111 @
b10000 E
b100011100 3
1'
#9410400
0'
#9414000
07
b110101101100010 @
1D
b10000 E
b100011101 3
1'
#9417600
0'
#9421200
0D
17
b110101010111111 @
b10000 E
b100011110 3
1'
#9424800
0'
#9428400
17
b1000000111010101 @
1D
1C
b10000 E
b100011111 3
1'
#9432000
0'
#9435600
0D
07
b1111110011011000 @
b10000 E
b100100000 3
1'
#9439200
0'
#9442800
07
b1100011010111101 @
1D
0C
b10000 E
b100100001 3
1'
#9446400
0'
#9450000
0D
17
b1010110010110011 @
b10000 E
b100100010 3
1'
#9453600
0'
#9457200
17
b110000111011101 @
1D
1C
b10000 E
b100100011 3
1'
#9460800
0'
#9464400
0D
17
b1110001011000100 @
b10000 E
b100100100 3
1'
#9468000
0'
#9471600
17
b110101001100010 @
1D
b10000 E
b100100101 3
1'
#9475200
0'
#9478800
0D
07
b1001101000001100 @
b10000 E
b100100110 3
1'
#9482400
0'
#9486000
07
b111111011110101 @
1D
0C
b10000 E
b100100111 3
1'
#9489600
0'
#9493200
0D
17
b1001001111100 @
b10000 E
b100101000 3
1'
#9496800
0'
#9500400
07
b1111110100001110 @
1D
1C
b10000 E
b100101001 3
1'
#9504000
0'
#9507600
0D
1B
1A
17
b1110100111010001 @
b10000 E
b100101010 3
1'
#9511200
0'
#9514800
17
b1010010100001011 @
0B
1D
1?
b111101 :
b1010001101001011110111101000110000010010110001100100011110010001001101101110100001001111100000101110101011101101011001000101001010011010011100100011111111010010011000010000001000101101010100101000011010011001100111111000000011111111011000000111101000110101 %
b1010001101001011110111101000110000010010110001100100011110010001001101101110100001001111100000101110101011101101011001000101001010011010011100100011111111010010011000010000001000101101010100101000011010011001100111111000000011111111011000000111101000110101 6
b1010001101001011110111101000110000010010110001100100011110010001001101101110100001001111100000101110101011101101011001000101001010011010011100100011111111010010011000010000001000101101010100101000011010011001100111111000000011111111011000000111101000110101 ;
b10000 E
b100101011 3
1'
#9518400
0'
#9522000
0D
07
b1000111011011 @
b10000 E
b100101100 3
1'
#9525600
0'
#9529200
07
b1110000001110 @
1D
0C
b10000 E
b100101101 3
1'
#9532800
0'
#9536400
0D
17
b111001001011000 @
b10000 E
b100101110 3
1'
#9540000
0'
#9543600
07
b1100001011101001 @
1D
1C
b10000 E
b100101111 3
1'
#9547200
0'
#9550800
0D
1B
17
b100000111111 @
b10000 E
b100110000 3
1'
#9554400
0'
#9558000
17
b101110000111 @
0B
1D
b1 >
b111110 :
b100011010010111101111010001100000100101100011001000111100100010011011011101000010011111000001011101010111011010110010001010010100110100111001000111111110100100110000100000010001011010101001010000110100110011001111110000000111111110110000001111010001101011 %
b100011010010111101111010001100000100101100011001000111100100010011011011101000010011111000001011101010111011010110010001010010100110100111001000111111110100100110000100000010001011010101001010000110100110011001111110000000111111110110000001111010001101011 6
b100011010010111101111010001100000100101100011001000111100100010011011011101000010011111000001011101010111011010110010001010010100110100111001000111111110100100110000100000010001011010101001010000110100110011001111110000000111111110110000001111010001101011 ;
b10000 E
b100110001 3
1'
#9561600
0'
#9565200
0D
07
b111011010000011 @
b10000 E
b100110010 3
1'
#9568800
0'
#9572400
17
b1111101001100111 @
1D
0C
b10000 E
b100110011 3
1'
#9576000
0'
#9579600
0D
1B
0A
17
b100101011011 @
b10000 E
b100110100 3
1'
#9583200
0'
#9586800
07
b1111000110011 @
0B
1D
1C
0?
b0 >
b111111 :
b1000110100101111011110100011000001001011000110010001111001000100110110111010000100111110000010111010101110110101100100010100101001101001110010001111111101001001100001000000100010110101010010100001101001100110011111100000001111111101100000011110100011010110 %
b1000110100101111011110100011000001001011000110010001111001000100110110111010000100111110000010111010101110110101100100010100101001101001110010001111111101001001100001000000100010110101010010100001101001100110011111100000001111111101100000011110100011010110 6
b1000110100101111011110100011000001001011000110010001111001000100110110111010000100111110000010111010101110110101100100010100101001101001110010001111111101001001100001000000100010110101010010100001101001100110011111100000001111111101100000011110100011010110 ;
b10000 E
b100110101 3
1'
#9590400
0'
#9594000
0D
1B
1A
17
b111011101110101 @
b10000 E
b100110110 3
1'
#9597600
0'
#9601200
07
b100000100110110 @
0B
1D
1?
b1000000 :
b1101001011110111101000110000010010110001100100011110010001001101101110100001001111100000101110101011101101011001000101001010011010011100100011111111010010011000010000001000101101010100101000011010011001100111111000000011111111011000000111101000110101101 %
b1101001011110111101000110000010010110001100100011110010001001101101110100001001111100000101110101011101101011001000101001010011010011100100011111111010010011000010000001000101101010100101000011010011001100111111000000011111111011000000111101000110101101 6
b1101001011110111101000110000010010110001100100011110010001001101101110100001001111100000101110101011101101011001000101001010011010011100100011111111010010011000010000001000101101010100101000011010011001100111111000000011111111011000000111101000110101101 ;
b10000 E
b100110111 3
1'
#9604800
0'
#9608400
0D
1B
17
b1101001100101101 @
b10000 E
b100111000 3
1'
#9612000
0'
#9615600
07
b1000000111011 @
0B
1D
b1 >
b1000001 :
b11010010111101111010001100000100101100011001000111100100010011011011101000010011111000001011101010111011010110010001010010100110100111001000111111110100100110000100000010001011010101001010000110100110011001111110000000111111110110000001111010001101011011 %
b11010010111101111010001100000100101100011001000111100100010011011011101000010011111000001011101010111011010110010001010010100110100111001000111111110100100110000100000010001011010101001010000110100110011001111110000000111111110110000001111010001101011011 6
b11010010111101111010001100000100101100011001000111100100010011011011101000010011111000001011101010111011010110010001010010100110100111001000111111110100100110000100000010001011010101001010000110100110011001111110000000111111110110000001111010001101011011 ;
b10000 E
b100111001 3
1'
#9619200
0'
#9622800
0D
1B
17
b11010011001100 @
b10000 E
b100111010 3
1'
#9626400
0'
#9630000
17
b111000010101100 @
0B
1D
b10 >
b1000010 :
b110100101111011110100011000001001011000110010001111001000100110110111010000100111110000010111010101110110101100100010100101001101001110010001111111101001001100001000000100010110101010010100001101001100110011111100000001111111101100000011110100011010110111 %
b110100101111011110100011000001001011000110010001111001000100110110111010000100111110000010111010101110110101100100010100101001101001110010001111111101001001100001000000100010110101010010100001101001100110011111100000001111111101100000011110100011010110111 6
b110100101111011110100011000001001011000110010001111001000100110110111010000100111110000010111010101110110101100100010100101001101001110010001111111101001001100001000000100010110101010010100001101001100110011111100000001111111101100000011110100011010110111 ;
b10000 E
b100111011 3
1'
#9633600
0'
#9637200
0D
17
b11000111100010 @
b10000 E
b100111100 3
1'
#9640800
0'
#9644400
07
b100111111000001 @
1D
b10000 E
b100111101 3
1'
#9648000
0'
#9651600
0D
1B
17
b100101110111010 @
b10000 E
b100111110 3
1'
#9655200
0'
#9658800
17
b1011001000011111 @
0B
1D
b11 >
b1000011 :
b1101001011110111101000110000010010110001100100011110010001001101101110100001001111100000101110101011101101011001000101001010011010011100100011111111010010011000010000001000101101010100101000011010011001100111111000000011111111011000000111101000110101101111 %
b1101001011110111101000110000010010110001100100011110010001001101101110100001001111100000101110101011101101011001000101001010011010011100100011111111010010011000010000001000101101010100101000011010011001100111111000000011111111011000000111101000110101101111 6
b1101001011110111101000110000010010110001100100011110010001001101101110100001001111100000101110101011101101011001000101001010011010011100100011111111010010011000010000001000101101010100101000011010011001100111111000000011111111011000000111101000110101101111 ;
b10000 E
b100111111 3
1'
#9662400
0'
#9666000
0D
07
b1000101000100101 @
b10000 E
b101000000 3
1'
#9669600
0'
#9673200
07
b1111010011011100 @
1D
0C
b10000 E
b101000001 3
1'
#9676800
0'
#9680400
0D
07
b10101100100111 @
b10000 E
b101000010 3
1'
#9684000
0'
#9687600
07
b100000110100 @
1D
b10000 E
b101000011 3
1'
#9691200
0'
#9694800
0D
17
b1000111111011000 @
b10000 E
b101000100 3
1'
#9698400
0'
#9702000
07
b1000001001011010 @
1D
1C
b10000 E
b101000101 3
1'
#9705600
0'
#9709200
0D
1B
17
b1111000001001010 @
b10000 E
b101000110 3
1'
#9712800
0'
#9716400
07
b111110010 @
0B
1D
b100 >
b1000100 :
b1010010111101111010001100000100101100011001000111100100010011011011101000010011111000001011101010111011010110010001010010100110100111001000111111110100100110000100000010001011010101001010000110100110011001111110000000111111110110000001111010001101011011111 %
b1010010111101111010001100000100101100011001000111100100010011011011101000010011111000001011101010111011010110010001010010100110100111001000111111110100100110000100000010001011010101001010000110100110011001111110000000111111110110000001111010001101011011111 6
b1010010111101111010001100000100101100011001000111100100010011011011101000010011111000001011101010111011010110010001010010100110100111001000111111110100100110000100000010001011010101001010000110100110011001111110000000111111110110000001111010001101011011111 ;
b10000 E
b101000111 3
1'
#9720000
0'
#9723600
0D
1B
17
b1101000001000001 @
b10000 E
b101001000 3
1'
#9727200
0'
#9730800
07
b111101101000001 @
0B
1D
b101 >
b1000101 :
b100101111011110100011000001001011000110010001111001000100110110111010000100111110000010111010101110110101100100010100101001101001110010001111111101001001100001000000100010110101010010100001101001100110011111100000001111111101100000011110100011010110111111 %
b100101111011110100011000001001011000110010001111001000100110110111010000100111110000010111010101110110101100100010100101001101001110010001111111101001001100001000000100010110101010010100001101001100110011111100000001111111101100000011110100011010110111111 6
b100101111011110100011000001001011000110010001111001000100110110111010000100111110000010111010101110110101100100010100101001101001110010001111111101001001100001000000100010110101010010100001101001100110011111100000001111111101100000011110100011010110111111 ;
b10000 E
b101001001 3
1'
#9734400
0'
#9738000
0D
1B
17
b1011101100000100 @
b10000 E
b101001010 3
1'
#9741600
0'
#9745200
17
b1010001001110100 @
0B
1D
b110 >
b1000110 :
b1001011110111101000110000010010110001100100011110010001001101101110100001001111100000101110101011101101011001000101001010011010011100100011111111010010011000010000001000101101010100101000011010011001100111111000000011111111011000000111101000110101101111111 %
b1001011110111101000110000010010110001100100011110010001001101101110100001001111100000101110101011101101011001000101001010011010011100100011111111010010011000010000001000101101010100101000011010011001100111111000000011111111011000000111101000110101101111111 6
b1001011110111101000110000010010110001100100011110010001001101101110100001001111100000101110101011101101011001000101001010011010011100100011111111010010011000010000001000101101010100101000011010011001100111111000000011111111011000000111101000110101101111111 ;
b10000 E
b101001011 3
1'
#9748800
0'
#9752400
0D
07
b1100010110010011 @
b10000 E
b101001100 3
1'
#9756000
0'
#9759600
07
b1110111001000001 @
1D
0C
b10000 E
b101001101 3
1'
#9763200
0'
#9766800
0D
07
b101110110110110 @
b10000 E
b101001110 3
1'
#9770400
0'
#9774000
07
b1001101101101000 @
1D
b10000 E
b101001111 3
1'
#9777600
0'
#9781200
0D
07
b1000011011001110 @
b10000 E
b101010000 3
1'
#9784800
0'
#9788400
07
b1010101100101100 @
1D
b10000 E
b101010001 3
1'
#9792000
0'
#9795600
0D
07
b11000000110000 @
b10000 E
b101010010 3
1'
#9799200
0'
#9802800
17
b111111101010000 @
1D
b10000 E
b101010011 3
1'
#9806400
0'
#9810000
0D
1B
0A
17
b1111001110011 @
b10000 E
b101010100 3
1'
#9813600
0'
#9817200
17
b1111001100001011 @
0B
1D
1C
0?
b0 >
b1000111 :
b10111101111010001100000100101100011001000111100100010011011011101000010011111000001011101010111011010110010001010010100110100111001000111111110100100110000100000010001011010101001010000110100110011001111110000000111111110110000001111010001101011011111110 %
b10111101111010001100000100101100011001000111100100010011011011101000010011111000001011101010111011010110010001010010100110100111001000111111110100100110000100000010001011010101001010000110100110011001111110000000111111110110000001111010001101011011111110 6
b10111101111010001100000100101100011001000111100100010011011011101000010011111000001011101010111011010110010001010010100110100111001000111111110100100110000100000010001011010101001010000110100110011001111110000000111111110110000001111010001101011011111110 ;
b10000 E
b101010101 3
1'
#9820800
0'
#9824400
0D
07
b11000001110100 @
b10000 E
b101010110 3
1'
#9828000
0'
#9831600
17
b100110100101010 @
1D
0C
b10000 E
b101010111 3
1'
#9835200
0'
#9838800
0D
1B
07
b1001000011101 @
b10000 E
b101011000 3
1'
#9842400
0'
#9846000
17
b10110010010011 @
0B
1D
b1 >
b1001000 :
b101111011110100011000001001011000110010001111001000100110110111010000100111110000010111010101110110101100100010100101001101001110010001111111101001001100001000000100010110101010010100001101001100110011111100000001111111101100000011110100011010110111111100 %
b101111011110100011000001001011000110010001111001000100110110111010000100111110000010111010101110110101100100010100101001101001110010001111111101001001100001000000100010110101010010100001101001100110011111100000001111111101100000011110100011010110111111100 6
b101111011110100011000001001011000110010001111001000100110110111010000100111110000010111010101110110101100100010100101001101001110010001111111101001001100001000000100010110101010010100001101001100110011111100000001111111101100000011110100011010110111111100 ;
b10000 E
b101011001 3
1'
#9849600
0'
#9853200
0D
1B
07
b101011101000 @
b10000 E
b101011010 3
1'
#9856800
0'
#9860400
17
b1010001011100010 @
0B
1D
b10 >
b1001001 :
b1011110111101000110000010010110001100100011110010001001101101110100001001111100000101110101011101101011001000101001010011010011100100011111111010010011000010000001000101101010100101000011010011001100111111000000011111111011000000111101000110101101111111000 %
b1011110111101000110000010010110001100100011110010001001101101110100001001111100000101110101011101101011001000101001010011010011100100011111111010010011000010000001000101101010100101000011010011001100111111000000011111111011000000111101000110101101111111000 6
b1011110111101000110000010010110001100100011110010001001101101110100001001111100000101110101011101101011001000101001010011010011100100011111111010010011000010000001000101101010100101000011010011001100111111000000011111111011000000111101000110101101111111000 ;
b10000 E
b101011011 3
1'
#9864000
0'
#9867600
0D
1B
07
b1011011011011010 @
b10000 E
b101011100 3
1'
#9871200
0'
#9874800
07
b100111110111100 @
0B
1D
b11 >
b1001010 :
b111101111010001100000100101100011001000111100100010011011011101000010011111000001011101010111011010110010001010010100110100111001000111111110100100110000100000010001011010101001010000110100110011001111110000000111111110110000001111010001101011011111110000 %
b111101111010001100000100101100011001000111100100010011011011101000010011111000001011101010111011010110010001010010100110100111001000111111110100100110000100000010001011010101001010000110100110011001111110000000111111110110000001111010001101011011111110000 6
b111101111010001100000100101100011001000111100100010011011011101000010011111000001011101010111011010110010001010010100110100111001000111111110100100110000100000010001011010101001010000110100110011001111110000000111111110110000001111010001101011011111110000 ;
b10000 E
b101011101 3
1'
#9878400
0'
#9882000
0D
07
b1000110110110010 @
b10000 E
b101011110 3
1'
#9885600
0'
#9889200
07
b1001100011010000 @
1D
b10000 E
b101011111 3
1'
#9892800
0'
#9896400
0D
07
b1100101010111000 @
b10000 E
b101100000 3
1'
#9900000
0'
#9903600
17
b100010011010110 @
1D
b10000 E
b101100001 3
1'
#9907200
0'
#9910800
0D
1B
07
b1100110101010111 @
b10000 E
b101100010 3
1'
#9914400
0'
#9918000
07
b1011010101010001 @
0B
1D
b100 >
b1001011 :
b1111011110100011000001001011000110010001111001000100110110111010000100111110000010111010101110110101100100010100101001101001110010001111111101001001100001000000100010110101010010100001101001100110011111100000001111111101100000011110100011010110111111100000 %
b1111011110100011000001001011000110010001111001000100110110111010000100111110000010111010101110110101100100010100101001101001110010001111111101001001100001000000100010110101010010100001101001100110011111100000001111111101100000011110100011010110111111100000 6
b1111011110100011000001001011000110010001111001000100110110111010000100111110000010111010101110110101100100010100101001101001110010001111111101001001100001000000100010110101010010100001101001100110011111100000001111111101100000011110100011010110111111100000 ;
b10000 E
b101100011 3
1'
#9921600
0'
#9925200
0D
17
b1100101101000100 @
b10000 E
b101100100 3
1'
#9928800
0'
#9932400
17
b100000111111110 @
1D
1C
b10000 E
b101100101 3
1'
#9936000
0'
#9939600
0D
17
b100010101101111 @
b10000 E
b101100110 3
1'
#9943200
0'
#9946800
17
b110100101000000 @
1D
b10000 E
b101100111 3
1'
#9950400
0'
#9954000
0D
07
b110010101110100 @
b10000 E
b101101000 3
1'
#9957600
0'
#9961200
17
b111000000010001 @
1D
0C
b10000 E
b101101001 3
1'
#9964800
0'
#9968400
0D
1B
07
b10100111000111 @
b10000 E
b101101010 3
1'
#9972000
0'
#9975600
07
b1100001110000001 @
0B
1D
b101 >
b1001100 :
b1110111101000110000010010110001100100011110010001001101101110100001001111100000101110101011101101011001000101001010011010011100100011111111010010011000010000001000101101010100101000011010011001100111111000000011111111011000000111101000110101101111111000000 %
b1110111101000110000010010110001100100011110010001001101101110100001001111100000101110101011101101011001000101001010011010011100100011111111010010011000010000001000101101010100101000011010011001100111111000000011111111011000000111101000110101101111111000000 6
b1110111101000110000010010110001100100011110010001001101101110100001001111100000101110101011101101011001000101001010011010011100100011111111010010011000010000001000101101010100101000011010011001100111111000000011111111011000000111101000110101101111111000000 ;
b10000 E
b101101011 3
1'
#9979200
0'
#9982800
0D
17
b111101000011110 @
b10000 E
b101101100 3
1'
#9986400
0'
#9990000
07
b10110101011111 @
1D
1C
b10000 E
b101101101 3
1'
#9993600
0'
#9997200
0D
1B
1A
17
b10000111010 @
b10000 E
b101101110 3
1'
#10000800
0'
#10004400
17
b1100000100011101 @
0B
1D
1?
b0 >
b1001101 :
b1101111010001100000100101100011001000111100100010011011011101000010011111000001011101010111011010110010001010010100110100111001000111111110100100110000100000010001011010101001010000110100110011001111110000000111111110110000001111010001101011011111110000001 %
b1101111010001100000100101100011001000111100100010011011011101000010011111000001011101010111011010110010001010010100110100111001000111111110100100110000100000010001011010101001010000110100110011001111110000000111111110110000001111010001101011011111110000001 6
b1101111010001100000100101100011001000111100100010011011011101000010011111000001011101010111011010110010001010010100110100111001000111111110100100110000100000010001011010101001010000110100110011001111110000000111111110110000001111010001101011011111110000001 ;
b10000 E
b101101111 3
1'
#10008000
0'
#10011600
0D
17
b111000001101001 @
b10000 E
b101110000 3
1'
#10015200
0'
#10018800
17
b1100111100011111 @
1D
b10000 E
b101110001 3
1'
#10022400
0'
#10026000
0D
07
b10110010100111 @
b10000 E
b101110010 3
1'
#10029600
0'
#10033200
07
b1010101110110011 @
1D
0C
b10000 E
b101110011 3
1'
#10036800
0'
#10040400
0D
17
b1101101001000100 @
b10000 E
b101110100 3
1'
#10044000
0'
#10047600
17
b110111101000110 @
1D
1C
b10000 E
b101110101 3
1'
#10051200
0'
#10054800
0D
17
b1111100000011000 @
b10000 E
b101110110 3
1'
#10058400
0'
#10062000
17
b1001100000 @
1D
b10000 E
b101110111 3
1'
#10065600
0'
#10069200
0D
17
b10101011000110 @
b10000 E
b101111000 3
1'
#10072800
0'
#10076400
17
b111011000000 @
1D
b10000 E
b101111001 3
1'
#10080000
0'
#10083600
0D
07
b1101001010010011 @
b10000 E
b101111010 3
1'
#10087200
0'
#10090800
07
b100001001000111 @
1D
0C
b10000 E
b101111011 3
1'
#10094400
0'
#10098000
0D
07
b1110010111110001 @
b10000 E
b101111100 3
1'
#10101600
0'
#10105200
17
b1110001011110100 @
1D
b10000 E
b101111101 3
1'
#10108800
0'
#10112400
0D
1B
0A
17
b100000110111111 @
b10000 E
b101111110 3
1'
#10116000
0'
#10119600
17
b1010001011011 @
0B
1D
1C
0?
b1001110 :
b1011110100011000001001011000110010001111001000100110110111010000100111110000010111010101110110101100100010100101001101001110010001111111101001001100001000000100010110101010010100001101001100110011111100000001111111101100000011110100011010110111111100000010 %
b1011110100011000001001011000110010001111001000100110110111010000100111110000010111010101110110101100100010100101001101001110010001111111101001001100001000000100010110101010010100001101001100110011111100000001111111101100000011110100011010110111111100000010 6
b1011110100011000001001011000110010001111001000100110110111010000100111110000010111010101110110101100100010100101001101001110010001111111101001001100001000000100010110101010010100001101001100110011111100000001111111101100000011110100011010110111111100000010 ;
b10000 E
b101111111 3
1'
#10123200
0'
#10126800
0D
07
b1100101100010110 @
b10000 E
b110000000 3
1'
#10130400
0'
#10134000
17
b1011000101010001 @
1D
0C
b10000 E
b110000001 3
1'
#10137600
0'
#10141200
0D
1B
07
b1011001110111010 @
b10000 E
b110000010 3
1'
#10144800
0'
#10148400
17
b1001110101111101 @
0B
1D
b1 >
b1001111 :
b111101000110000010010110001100100011110010001001101101110100001001111100000101110101011101101011001000101001010011010011100100011111111010010011000010000001000101101010100101000011010011001100111111000000011111111011000000111101000110101101111111000000100 %
b111101000110000010010110001100100011110010001001101101110100001001111100000101110101011101101011001000101001010011010011100100011111111010010011000010000001000101101010100101000011010011001100111111000000011111111011000000111101000110101101111111000000100 6
b111101000110000010010110001100100011110010001001101101110100001001111100000101110101011101101011001000101001010011010011100100011111111010010011000010000001000101101010100101000011010011001100111111000000011111111011000000111101000110101101111111000000100 ;
b10000 E
b110000011 3
1'
#10152000
0'
#10155600
0D
1B
17
b100101011011110 @
b10000 E
b110000100 3
1'
#10159200
0'
#10162800
07
b111010111001 @
0B
1D
1C
b10 >
b1010000 :
b1111010001100000100101100011001000111100100010011011011101000010011111000001011101010111011010110010001010010100110100111001000111111110100100110000100000010001011010101001010000110100110011001111110000000111111110110000001111010001101011011111110000001000 %
b1111010001100000100101100011001000111100100010011011011101000010011111000001011101010111011010110010001010010100110100111001000111111110100100110000100000010001011010101001010000110100110011001111110000000111111110110000001111010001101011011111110000001000 6
b1111010001100000100101100011001000111100100010011011011101000010011111000001011101010111011010110010001010010100110100111001000111111110100100110000100000010001011010101001010000110100110011001111110000000111111110110000001111010001101011011111110000001000 ;
b10000 E
b110000101 3
1'
#10166400
0'
#10170000
0D
1B
1A
07
b1000111010111110 @
b10000 E
b110000110 3
1'
#10173600
0'
#10177200
07
b1010000100011001 @
0B
1D
0C
1?
b0 >
b1010001 :
b1110100011000001001011000110010001111001000100110110111010000100111110000010111010101110110101100100010100101001101001110010001111111101001001100001000000100010110101010010100001101001100110011111100000001111111101100000011110100011010110111111100000010001 %
b1110100011000001001011000110010001111001000100110110111010000100111110000010111010101110110101100100010100101001101001110010001111111101001001100001000000100010110101010010100001101001100110011111100000001111111101100000011110100011010110111111100000010001 6
b1110100011000001001011000110010001111001000100110110111010000100111110000010111010101110110101100100010100101001101001110010001111111101001001100001000000100010110101010010100001101001100110011111100000001111111101100000011110100011010110111111100000010001 ;
b10000 E
b110000111 3
1'
#10180800
0'
#10184400
0D
07
b1011001110101110 @
b10000 E
b110001000 3
1'
#10188000
0'
#10191600
17
b1001100000100001 @
1D
b10000 E
b110001001 3
1'
#10195200
0'
#10198800
0D
1B
0A
17
b111111110101001 @
b10000 E
b110001010 3
1'
#10202400
0'
#10206000
07
b10111110101 @
0B
1D
1C
0?
b1010010 :
b1101000110000010010110001100100011110010001001101101110100001001111100000101110101011101101011001000101001010011010011100100011111111010010011000010000001000101101010100101000011010011001100111111000000011111111011000000111101000110101101111111000000100010 %
b1101000110000010010110001100100011110010001001101101110100001001111100000101110101011101101011001000101001010011010011100100011111111010010011000010000001000101101010100101000011010011001100111111000000011111111011000000111101000110101101111111000000100010 6
b1101000110000010010110001100100011110010001001101101110100001001111100000101110101011101101011001000101001010011010011100100011111111010010011000010000001000101101010100101000011010011001100111111000000011111111011000000111101000110101101111111000000100010 ;
b10000 E
b110001011 3
1'
#10209600
0'
#10213200
0D
1B
1A
07
b100101101101100 @
b10000 E
b110001100 3
1'
#10216800
0'
#10220400
17
b100111101111011 @
0B
1D
0C
1?
b1010011 :
b1010001100000100101100011001000111100100010011011011101000010011111000001011101010111011010110010001010010100110100111001000111111110100100110000100000010001011010101001010000110100110011001111110000000111111110110000001111010001101011011111110000001000101 %
b1010001100000100101100011001000111100100010011011011101000010011111000001011101010111011010110010001010010100110100111001000111111110100100110000100000010001011010101001010000110100110011001111110000000111111110110000001111010001101011011111110000001000101 6
b1010001100000100101100011001000111100100010011011011101000010011111000001011101010111011010110010001010010100110100111001000111111110100100110000100000010001011010101001010000110100110011001111110000000111111110110000001111010001101011011111110000001000101 ;
b10000 E
b110001101 3
1'
#10224000
0'
#10227600
0D
1B
0A
07
b1100000101001010 @
b10000 E
b110001110 3
1'
#10231200
0'
#10234800
17
b1000001100000101 @
0B
1D
0?
b1010100 :
b100011000001001011000110010001111001000100110110111010000100111110000010111010101110110101100100010100101001101001110010001111111101001001100001000000100010110101010010100001101001100110011111100000001111111101100000011110100011010110111111100000010001010 %
b100011000001001011000110010001111001000100110110111010000100111110000010111010101110110101100100010100101001101001110010001111111101001001100001000000100010110101010010100001101001100110011111100000001111111101100000011110100011010110111111100000010001010 6
b100011000001001011000110010001111001000100110110111010000100111110000010111010101110110101100100010100101001101001110010001111111101001001100001000000100010110101010010100001101001100110011111100000001111111101100000011110100011010110111111100000010001010 ;
b10000 E
b110001111 3
1'
#10238400
0'
#10242000
0D
1B
17
b110110101111101 @
b10000 E
b110010000 3
1'
#10245600
0'
#10249200
07
b1100101100000010 @
0B
1D
1C
b1 >
b1010101 :
b1000110000010010110001100100011110010001001101101110100001001111100000101110101011101101011001000101001010011010011100100011111111010010011000010000001000101101010100101000011010011001100111111000000011111111011000000111101000110101101111111000000100010100 %
b1000110000010010110001100100011110010001001101101110100001001111100000101110101011101101011001000101001010011010011100100011111111010010011000010000001000101101010100101000011010011001100111111000000011111111011000000111101000110101101111111000000100010100 6
b1000110000010010110001100100011110010001001101101110100001001111100000101110101011101101011001000101001010011010011100100011111111010010011000010000001000101101010100101000011010011001100111111000000011111111011000000111101000110101101111111000000100010100 ;
b10000 E
b110010001 3
1'
#10252800
0'
#10256400
0D
1B
1A
07
b10010101110 @
b10000 E
b110010010 3
1'
#10260000
0'
#10263600
17
b1011000100011100 @
0B
1D
0C
1?
b0 >
b1010110 :
b1100000100101100011001000111100100010011011011101000010011111000001011101010111011010110010001010010100110100111001000111111110100100110000100000010001011010101001010000110100110011001111110000000111111110110000001111010001101011011111110000001000101001 %
b1100000100101100011001000111100100010011011011101000010011111000001011101010111011010110010001010010100110100111001000111111110100100110000100000010001011010101001010000110100110011001111110000000111111110110000001111010001101011011111110000001000101001 6
b1100000100101100011001000111100100010011011011101000010011111000001011101010111011010110010001010010100110100111001000111111110100100110000100000010001011010101001010000110100110011001111110000000111111110110000001111010001101011011111110000001000101001 ;
b10000 E
b110010011 3
1'
#10267200
0'
#10270800
0D
1B
0A
07
b110010000100011 @
b10000 E
b110010100 3
1'
#10274400
0'
#10278000
17
b10111110011100 @
0B
1D
0?
b1010111 :
b11000001001011000110010001111001000100110110111010000100111110000010111010101110110101100100010100101001101001110010001111111101001001100001000000100010110101010010100001101001100110011111100000001111111101100000011110100011010110111111100000010001010010 %
b11000001001011000110010001111001000100110110111010000100111110000010111010101110110101100100010100101001101001110010001111111101001001100001000000100010110101010010100001101001100110011111100000001111111101100000011110100011010110111111100000010001010010 6
b11000001001011000110010001111001000100110110111010000100111110000010111010101110110101100100010100101001101001110010001111111101001001100001000000100010110101010010100001101001100110011111100000001111111101100000011110100011010110111111100000010001010010 ;
b10000 E
b110010101 3
1'
#10281600
0'
#10285200
0D
1B
17
b1101100000110111 @
b10000 E
b110010110 3
1'
#10288800
0'
#10292400
07
b1110100100101001 @
0B
1D
1C
b1 >
b1011000 :
b110000010010110001100100011110010001001101101110100001001111100000101110101011101101011001000101001010011010011100100011111111010010011000010000001000101101010100101000011010011001100111111000000011111111011000000111101000110101101111111000000100010100100 %
b110000010010110001100100011110010001001101101110100001001111100000101110101011101101011001000101001010011010011100100011111111010010011000010000001000101101010100101000011010011001100111111000000011111111011000000111101000110101101111111000000100010100100 6
b110000010010110001100100011110010001001101101110100001001111100000101110101011101101011001000101001010011010011100100011111111010010011000010000001000101101010100101000011010011001100111111000000011111111011000000111101000110101101111111000000100010100100 ;
b10000 E
b110010111 3
1'
#10296000
0'
#10299600
0D
1B
1A
17
b10111110001000 @
b10000 E
b110011000 3
1'
#10303200
0'
#10306800
07
b1110000011010110 @
0B
1D
1?
b0 >
b1011001 :
b1100000100101100011001000111100100010011011011101000010011111000001011101010111011010110010001010010100110100111001000111111110100100110000100000010001011010101001010000110100110011001111110000000111111110110000001111010001101011011111110000001000101001001 %
b1100000100101100011001000111100100010011011011101000010011111000001011101010111011010110010001010010100110100111001000111111110100100110000100000010001011010101001010000110100110011001111110000000111111110110000001111010001101011011111110000001000101001001 6
b1100000100101100011001000111100100010011011011101000010011111000001011101010111011010110010001010010100110100111001000111111110100100110000100000010001011010101001010000110100110011001111110000000111111110110000001111010001101011011111110000001000101001001 ;
b10000 E
b110011001 3
1'
#10310400
0'
#10314000
0D
1B
17
b11111011011110 @
b10000 E
b110011010 3
1'
#10317600
0'
#10321200
17
b1111010000101101 @
0B
1D
b1 >
b1011010 :
b1000001001011000110010001111001000100110110111010000100111110000010111010101110110101100100010100101001101001110010001111111101001001100001000000100010110101010010100001101001100110011111100000001111111101100000011110100011010110111111100000010001010010011 %
b1000001001011000110010001111001000100110110111010000100111110000010111010101110110101100100010100101001101001110010001111111101001001100001000000100010110101010010100001101001100110011111100000001111111101100000011110100011010110111111100000010001010010011 6
b1000001001011000110010001111001000100110110111010000100111110000010111010101110110101100100010100101001101001110010001111111101001001100001000000100010110101010010100001101001100110011111100000001111111101100000011110100011010110111111100000010001010010011 ;
b10000 E
b110011011 3
1'
#10324800
0'
#10328400
0D
07
b11010000101100 @
b10000 E
b110011100 3
1'
#10332000
0'
#10335600
07
b1010010011011010 @
1D
0C
b10000 E
b110011101 3
1'
#10339200
0'
#10342800
0D
17
b1101001010001010 @
b10000 E
b110011110 3
1'
#10346400
0'
#10350000
17
b1000111000100000 @
1D
1C
b10000 E
b110011111 3
1'
#10353600
0'
#10357200
0D
07
b1010100101010000 @
b10000 E
b110100000 3
1'
#10360800
0'
#10364400
17
b1011101100001 @
1D
0C
b10000 E
b110100001 3
1'
#10368000
0'
#10371600
0D
1B
0A
17
b1001100101011110 @
b10000 E
b110100010 3
1'
#10375200
0'
#10378800
17
b110010010101100 @
0B
1D
1C
0?
b0 >
b1011011 :
b10010110001100100011110010001001101101110100001001111100000101110101011101101011001000101001010011010011100100011111111010010011000010000001000101101010100101000011010011001100111111000000011111111011000000111101000110101101111111000000100010100100110 %
b10010110001100100011110010001001101101110100001001111100000101110101011101101011001000101001010011010011100100011111111010010011000010000001000101101010100101000011010011001100111111000000011111111011000000111101000110101101111111000000100010100100110 6
b10010110001100100011110010001001101101110100001001111100000101110101011101101011001000101001010011010011100100011111111010010011000010000001000101101010100101000011010011001100111111000000011111111011000000111101000110101101111111000000100010100100110 ;
b10000 E
b110100011 3
1'
#10382400
0'
#10386000
0D
17
b1110001101111011 @
b10000 E
b110100100 3
1'
#10389600
0'
#10393200
07
b10110010011011 @
1D
b10000 E
b110100101 3
1'
#10396800
0'
#10400400
0D
1B
1A
17
b110001101010010 @
b10000 E
b110100110 3
1'
#10404000
0'
#10407600
17
b1000111001111010 @
0B
1D
1?
b1011100 :
b100101100011001000111100100010011011011101000010011111000001011101010111011010110010001010010100110100111001000111111110100100110000100000010001011010101001010000110100110011001111110000000111111110110000001111010001101011011111110000001000101001001101 %
b100101100011001000111100100010011011011101000010011111000001011101010111011010110010001010010100110100111001000111111110100100110000100000010001011010101001010000110100110011001111110000000111111110110000001111010001101011011111110000001000101001001101 6
b100101100011001000111100100010011011011101000010011111000001011101010111011010110010001010010100110100111001000111111110100100110000100000010001011010101001010000110100110011001111110000000111111110110000001111010001101011011111110000001000101001001101 ;
b10000 E
b110100111 3
1'
#10411200
0'
#10414800
0D
07
b1101101001000110 @
b10000 E
b110101000 3
1'
#10418400
0'
#10422000
17
b100011101101000 @
1D
0C
b10000 E
b110101001 3
1'
#10425600
0'
#10429200
0D
1B
0A
07
b11100110010000 @
b10000 E
b110101010 3
1'
#10432800
0'
#10436400
17
b1101100000001101 @
0B
1D
0?
b1011101 :
b1001011000110010001111001000100110110111010000100111110000010111010101110110101100100010100101001101001110010001111111101001001100001000000100010110101010010100001101001100110011111100000001111111101100000011110100011010110111111100000010001010010011010 %
b1001011000110010001111001000100110110111010000100111110000010111010101110110101100100010100101001101001110010001111111101001001100001000000100010110101010010100001101001100110011111100000001111111101100000011110100011010110111111100000010001010010011010 6
b1001011000110010001111001000100110110111010000100111110000010111010101110110101100100010100101001101001110010001111111101001001100001000000100010110101010010100001101001100110011111100000001111111101100000011110100011010110111111100000010001010010011010 ;
b10000 E
b110101011 3
1'
#10440000
0'
#10443600
0D
1B
17
b11110101100101 @
b10000 E
b110101100 3
1'
#10447200
0'
#10450800
17
b1010011100000101 @
0B
1D
1C
b1 >
b1011110 :
b10010110001100100011110010001001101101110100001001111100000101110101011101101011001000101001010011010011100100011111111010010011000010000001000101101010100101000011010011001100111111000000011111111011000000111101000110101101111111000000100010100100110100 %
b10010110001100100011110010001001101101110100001001111100000101110101011101101011001000101001010011010011100100011111111010010011000010000001000101101010100101000011010011001100111111000000011111111011000000111101000110101101111111000000100010100100110100 6
b10010110001100100011110010001001101101110100001001111100000101110101011101101011001000101001010011010011100100011111111010010011000010000001000101101010100101000011010011001100111111000000011111111011000000111101000110101101111111000000100010100100110100 ;
b10000 E
b110101101 3
1'
#10454400
0'
#10458000
0D
17
b10000110010111 @
b10000 E
b110101110 3
1'
#10461600
0'
#10465200
17
b111011111100000 @
1D
b10000 E
b110101111 3
1'
#10468800
0'
#10472400
0D
17
b1100111111111011 @
b10000 E
b110110000 3
1'
#10476000
0'
#10479600
07
b101111000001000 @
1D
b10000 E
b110110001 3
1'
#10483200
0'
#10486800
0D
1B
1A
17
b1011010110000010 @
b10000 E
b110110010 3
1'
#10490400
0'
#10494000
07
b1101101100111100 @
0B
1D
1?
b0 >
b1011111 :
b100101100011001000111100100010011011011101000010011111000001011101010111011010110010001010010100110100111001000111111110100100110000100000010001011010101001010000110100110011001111110000000111111110110000001111010001101011011111110000001000101001001101001 %
b100101100011001000111100100010011011011101000010011111000001011101010111011010110010001010010100110100111001000111111110100100110000100000010001011010101001010000110100110011001111110000000111111110110000001111010001101011011111110000001000101001001101001 6
b100101100011001000111100100010011011011101000010011111000001011101010111011010110010001010010100110100111001000111111110100100110000100000010001011010101001010000110100110011001111110000000111111110110000001111010001101011011111110000001000101001001101001 ;
b10000 E
b110110011 3
1'
#10497600
0'
#10501200
0D
1B
07
b1111000011101110 @
b10000 E
b110110100 3
1'
#10504800
0'
#10508400
07
b1001101010010110 @
0B
1D
0C
b1 >
b1100000 :
b1001011000110010001111001000100110110111010000100111110000010111010101110110101100100010100101001101001110010001111111101001001100001000000100010110101010010100001101001100110011111100000001111111101100000011110100011010110111111100000010001010010011010011 %
b1001011000110010001111001000100110110111010000100111110000010111010101110110101100100010100101001101001110010001111111101001001100001000000100010110101010010100001101001100110011111100000001111111101100000011110100011010110111111100000010001010010011010011 6
b1001011000110010001111001000100110110111010000100111110000010111010101110110101100100010100101001101001110010001111111101001001100001000000100010110101010010100001101001100110011111100000001111111101100000011110100011010110111111100000010001010010011010011 ;
b10000 E
b110110101 3
1'
#10512000
0'
#10515600
0D
17
b1111000110001011 @
b10000 E
b110110110 3
1'
#10519200
0'
#10522800
17
b1100110010000101 @
1D
1C
b10000 E
b110110111 3
1'
#10526400
0'
#10530000
0D
17
b1011000001100101 @
b10000 E
b110111000 3
1'
#10533600
0'
#10537200
07
b110111100 @
1D
b10000 E
b110111001 3
1'
#10540800
0'
#10544400
0D
1B
07
b110110001100000 @
b10000 E
b110111010 3
1'
#10548000
0'
#10551600
17
b1100100110001001 @
0B
1D
0C
b10 >
b1100001 :
b10110001100100011110010001001101101110100001001111100000101110101011101101011001000101001010011010011100100011111111010010011000010000001000101101010100101000011010011001100111111000000011111111011000000111101000110101101111111000000100010100100110100111 %
b10110001100100011110010001001101101110100001001111100000101110101011101101011001000101001010011010011100100011111111010010011000010000001000101101010100101000011010011001100111111000000011111111011000000111101000110101101111111000000100010100100110100111 6
b10110001100100011110010001001101101110100001001111100000101110101011101101011001000101001010011010011100100011111111010010011000010000001000101101010100101000011010011001100111111000000011111111011000000111101000110101101111111000000100010100100110100111 ;
b10000 E
b110111011 3
1'
#10555200
0'
#10558800
0D
1B
0A
07
b110011001110111 @
b10000 E
b110111100 3
1'
#10562400
0'
#10566000
07
b1101100001001110 @
0B
1D
0?
b0 >
b1100010 :
b101100011001000111100100010011011011101000010011111000001011101010111011010110010001010010100110100111001000111111110100100110000100000010001011010101001010000110100110011001111110000000111111110110000001111010001101011011111110000001000101001001101001110 %
b101100011001000111100100010011011011101000010011111000001011101010111011010110010001010010100110100111001000111111110100100110000100000010001011010101001010000110100110011001111110000000111111110110000001111010001101011011111110000001000101001001101001110 6
b101100011001000111100100010011011011101000010011111000001011101010111011010110010001010010100110100111001000111111110100100110000100000010001011010101001010000110100110011001111110000000111111110110000001111010001101011011111110000001000101001001101001110 ;
b10000 E
b110111101 3
1'
#10569600
0'
#10573200
0D
17
b10010111110 @
b10000 E
b110111110 3
1'
#10576800
0'
#10580400
07
b11010001 @
1D
1C
b10000 E
b110111111 3
1'
#10584000
0'
#10587600
0D
1B
1A
17
b1011111011101010 @
b10000 E
b111000000 3
1'
#10591200
0'
#10594800
07
b1100010111001111 @
0B
1D
1?
b1100011 :
b1011000110010001111001000100110110111010000100111110000010111010101110110101100100010100101001101001110010001111111101001001100001000000100010110101010010100001101001100110011111100000001111111101100000011110100011010110111111100000010001010010011010011101 %
b1011000110010001111001000100110110111010000100111110000010111010101110110101100100010100101001101001110010001111111101001001100001000000100010110101010010100001101001100110011111100000001111111101100000011110100011010110111111100000010001010010011010011101 6
b1011000110010001111001000100110110111010000100111110000010111010101110110101100100010100101001101001110010001111111101001001100001000000100010110101010010100001101001100110011111100000001111111101100000011110100011010110111111100000010001010010011010011101 ;
b10000 E
b111000001 3
1'
#10598400
0'
#10602000
0D
1B
07
b111010010110010 @
b10000 E
b111000010 3
1'
#10605600
0'
#10609200
17
b110001111110001 @
0B
1D
0C
b1 >
b1100100 :
b110001100100011110010001001101101110100001001111100000101110101011101101011001000101001010011010011100100011111111010010011000010000001000101101010100101000011010011001100111111000000011111111011000000111101000110101101111111000000100010100100110100111011 %
b110001100100011110010001001101101110100001001111100000101110101011101101011001000101001010011010011100100011111111010010011000010000001000101101010100101000011010011001100111111000000011111111011000000111101000110101101111111000000100010100100110100111011 6
b110001100100011110010001001101101110100001001111100000101110101011101101011001000101001010011010011100100011111111010010011000010000001000101101010100101000011010011001100111111000000011111111011000000111101000110101101111111000000100010100100110100111011 ;
b10000 E
b111000011 3
1'
#10612800
0'
#10616400
0D
1B
0A
17
b1100110110010 @
b10000 E
b111000100 3
1'
#10620000
0'
#10623600
07
b100001001010000 @
0B
1D
1C
0?
b0 >
b1100101 :
b1100011001000111100100010011011011101000010011111000001011101010111011010110010001010010100110100111001000111111110100100110000100000010001011010101001010000110100110011001111110000000111111110110000001111010001101011011111110000001000101001001101001110110 %
b1100011001000111100100010011011011101000010011111000001011101010111011010110010001010010100110100111001000111111110100100110000100000010001011010101001010000110100110011001111110000000111111110110000001111010001101011011111110000001000101001001101001110110 6
b1100011001000111100100010011011011101000010011111000001011101010111011010110010001010010100110100111001000111111110100100110000100000010001011010101001010000110100110011001111110000000111111110110000001111010001101011011111110000001000101001001101001110110 ;
b10000 E
b111000101 3
1'
#10627200
0'
#10630800
0D
1B
1A
17
b1000000000011 @
b10000 E
b111000110 3
1'
#10634400
0'
#10638000
17
b1010001110001001 @
0B
1D
1?
b1100110 :
b1000110010001111001000100110110111010000100111110000010111010101110110101100100010100101001101001110010001111111101001001100001000000100010110101010010100001101001100110011111100000001111111101100000011110100011010110111111100000010001010010011010011101101 %
b1000110010001111001000100110110111010000100111110000010111010101110110101100100010100101001101001110010001111111101001001100001000000100010110101010010100001101001100110011111100000001111111101100000011110100011010110111111100000010001010010011010011101101 6
b1000110010001111001000100110110111010000100111110000010111010101110110101100100010100101001101001110010001111111101001001100001000000100010110101010010100001101001100110011111100000001111111101100000011110100011010110111111100000010001010010011010011101101 ;
b10000 E
b111000111 3
1'
#10641600
0'
#10645200
0D
07
b111011001000000 @
b10000 E
b111001000 3
1'
#10648800
0'
#10652400
17
b1011100101010 @
1D
0C
b10000 E
b111001001 3
1'
#10656000
0'
#10659600
0D
1B
0A
07
b1100011101011 @
b10000 E
b111001010 3
1'
#10663200
0'
#10666800
17
b1100010100100101 @
0B
1D
0?
b1100111 :
b1100100011110010001001101101110100001001111100000101110101011101101011001000101001010011010011100100011111111010010011000010000001000101101010100101000011010011001100111111000000011111111011000000111101000110101101111111000000100010100100110100111011010 %
b1100100011110010001001101101110100001001111100000101110101011101101011001000101001010011010011100100011111111010010011000010000001000101101010100101000011010011001100111111000000011111111011000000111101000110101101111111000000100010100100110100111011010 6
b1100100011110010001001101101110100001001111100000101110101011101101011001000101001010011010011100100011111111010010011000010000001000101101010100101000011010011001100111111000000011111111011000000111101000110101101111111000000100010100100110100111011010 ;
b10000 E
b111001011 3
1'
#10670400
0'
#10674000
0D
1B
07
b101011110 @
b10000 E
b111001100 3
1'
#10677600
0'
#10681200
07
b111110111010010 @
0B
1D
b1 >
b1101000 :
b11001000111100100010011011011101000010011111000001011101010111011010110010001010010100110100111001000111111110100100110000100000010001011010101001010000110100110011001111110000000111111110110000001111010001101011011111110000001000101001001101001110110100 %
b11001000111100100010011011011101000010011111000001011101010111011010110010001010010100110100111001000111111110100100110000100000010001011010101001010000110100110011001111110000000111111110110000001111010001101011011111110000001000101001001101001110110100 6
b11001000111100100010011011011101000010011111000001011101010111011010110010001010010100110100111001000111111110100100110000100000010001011010101001010000110100110011001111110000000111111110110000001111010001101011011111110000001000101001001101001110110100 ;
b10000 E
b111001101 3
1'
#10684800
0'
#10688400
0D
17
b1101011100110100 @
b10000 E
b111001110 3
1'
#10692000
0'
#10695600
07
b101111000111011 @
1D
1C
b10000 E
b111001111 3
1'
#10699200
0'
#10702800
0D
1B
1A
17
b11000001011 @
b10000 E
b111010000 3
1'
#10706400
0'
#10710000
17
b111011000 @
0B
1D
1?
b0 >
b1101001 :
b110010001111001000100110110111010000100111110000010111010101110110101100100010100101001101001110010001111111101001001100001000000100010110101010010100001101001100110011111100000001111111101100000011110100011010110111111100000010001010010011010011101101001 %
b110010001111001000100110110111010000100111110000010111010101110110101100100010100101001101001110010001111111101001001100001000000100010110101010010100001101001100110011111100000001111111101100000011110100011010110111111100000010001010010011010011101101001 6
b110010001111001000100110110111010000100111110000010111010101110110101100100010100101001101001110010001111111101001001100001000000100010110101010010100001101001100110011111100000001111111101100000011110100011010110111111100000010001010010011010011101101001 ;
b10000 E
b111010001 3
1'
#10713600
0'
#10717200
0D
07
b1010111110010000 @
b10000 E
b111010010 3
1'
#10720800
0'
#10724400
17
b110101001100111 @
1D
0C
b10000 E
b111010011 3
1'
#10728000
0'
#10731600
0D
1B
0A
17
b101001101100111 @
b10000 E
b111010100 3
1'
#10735200
0'
#10738800
17
b110010011101 @
0B
1D
1C
0?
b1101010 :
b1100100011110010001001101101110100001001111100000101110101011101101011001000101001010011010011100100011111111010010011000010000001000101101010100101000011010011001100111111000000011111111011000000111101000110101101111111000000100010100100110100111011010010 %
b1100100011110010001001101101110100001001111100000101110101011101101011001000101001010011010011100100011111111010010011000010000001000101101010100101000011010011001100111111000000011111111011000000111101000110101101111111000000100010100100110100111011010010 6
b1100100011110010001001101101110100001001111100000101110101011101101011001000101001010011010011100100011111111010010011000010000001000101101010100101000011010011001100111111000000011111111011000000111101000110101101111111000000100010100100110100111011010010 ;
b10000 E
b111010101 3
1'
#10742400
0'
#10746000
0D
17
b1011000010111110 @
b10000 E
b111010110 3
1'
#10749600
0'
#10753200
07
b101011101111100 @
1D
b10000 E
b111010111 3
1'
#10756800
0'
#10760400
0D
1B
1A
07
b1101101000000001 @
b10000 E
b111011000 3
1'
#10764000
0'
#10767600
17
b1110010010010010 @
0B
1D
0C
1?
b1101011 :
b1001000111100100010011011011101000010011111000001011101010111011010110010001010010100110100111001000111111110100100110000100000010001011010101001010000110100110011001111110000000111111110110000001111010001101011011111110000001000101001001101001110110100101 %
b1001000111100100010011011011101000010011111000001011101010111011010110010001010010100110100111001000111111110100100110000100000010001011010101001010000110100110011001111110000000111111110110000001111010001101011011111110000001000101001001101001110110100101 6
b1001000111100100010011011011101000010011111000001011101010111011010110010001010010100110100111001000111111110100100110000100000010001011010101001010000110100110011001111110000000111111110110000001111010001101011011111110000001000101001001101001110110100101 ;
b10000 E
b111011001 3
1'
#10771200
0'
#10774800
0D
1B
0A
17
b1000100001000011 @
b10000 E
b111011010 3
1'
#10778400
0'
#10782000
17
b11110001011 @
0B
1D
1C
0?
b1101100 :
b10001111001000100110110111010000100111110000010111010101110110101100100010100101001101001110010001111111101001001100001000000100010110101010010100001101001100110011111100000001111111101100000011110100011010110111111100000010001010010011010011101101001010 %
b10001111001000100110110111010000100111110000010111010101110110101100100010100101001101001110010001111111101001001100001000000100010110101010010100001101001100110011111100000001111111101100000011110100011010110111111100000010001010010011010011101101001010 6
b10001111001000100110110111010000100111110000010111010101110110101100100010100101001101001110010001111111101001001100001000000100010110101010010100001101001100110011111100000001111111101100000011110100011010110111111100000010001010010011010011101101001010 ;
b10000 E
b111011011 3
1'
#10785600
0'
#10789200
0D
07
b1110111001100110 @
b10000 E
b111011100 3
1'
#10792800
0'
#10796400
17
b101010101101011 @
1D
0C
b10000 E
b111011101 3
1'
#10800000
0'
#10803600
0D
1B
17
b1101011010100 @
b10000 E
b111011110 3
1'
#10807200
0'
#10810800
17
b100010111 @
0B
1D
1C
b1 >
b1101101 :
b100011110010001001101101110100001001111100000101110101011101101011001000101001010011010011100100011111111010010011000010000001000101101010100101000011010011001100111111000000011111111011000000111101000110101101111111000000100010100100110100111011010010100 %
b100011110010001001101101110100001001111100000101110101011101101011001000101001010011010011100100011111111010010011000010000001000101101010100101000011010011001100111111000000011111111011000000111101000110101101111111000000100010100100110100111011010010100 6
b100011110010001001101101110100001001111100000101110101011101101011001000101001010011010011100100011111111010010011000010000001000101101010100101000011010011001100111111000000011111111011000000111101000110101101111111000000100010100100110100111011010010100 ;
b10000 E
b111011111 3
1'
#10814400
0'
#10818000
0D
07
b101001111111001 @
b10000 E
b111100000 3
1'
#10821600
0'
#10825200
07
b110000100111011 @
1D
0C
b10000 E
b111100001 3
1'
#10828800
0'
#10832400
0D
07
b1001101000010001 @
b10000 E
b111100010 3
1'
#10836000
0'
#10839600
17
b1011001101010000 @
1D
b10000 E
b111100011 3
1'
#10843200
0'
#10846800
0D
1B
17
b10011110000011 @
b10000 E
b111100100 3
1'
#10850400
0'
#10854000
17
b1111001011010100 @
0B
1D
1C
b10 >
b1101110 :
b1000111100100010011011011101000010011111000001011101010111011010110010001010010100110100111001000111111110100100110000100000010001011010101001010000110100110011001111110000000111111110110000001111010001101011011111110000001000101001001101001110110100101000 %
b1000111100100010011011011101000010011111000001011101010111011010110010001010010100110100111001000111111110100100110000100000010001011010101001010000110100110011001111110000000111111110110000001111010001101011011111110000001000101001001101001110110100101000 6
b1000111100100010011011011101000010011111000001011101010111011010110010001010010100110100111001000111111110100100110000100000010001011010101001010000110100110011001111110000000111111110110000001111010001101011011111110000001000101001001101001110110100101000 ;
b10000 E
b111100101 3
1'
#10857600
0'
#10861200
0D
17
b110010111110010 @
b10000 E
b111100110 3
1'
#10864800
0'
#10868400
07
b1010100100000101 @
1D
b10000 E
b111100111 3
1'
#10872000
0'
#10875600
0D
1B
1A
07
b1011111001011001 @
b10000 E
b111101000 3
1'
#10879200
0'
#10882800
07
b101101000 @
0B
1D
0C
1?
b0 >
b1101111 :
b1111001000100110110111010000100111110000010111010101110110101100100010100101001101001110010001111111101001001100001000000100010110101010010100001101001100110011111100000001111111101100000011110100011010110111111100000010001010010011010011101101001010001 %
b1111001000100110110111010000100111110000010111010101110110101100100010100101001101001110010001111111101001001100001000000100010110101010010100001101001100110011111100000001111111101100000011110100011010110111111100000010001010010011010011101101001010001 6
b1111001000100110110111010000100111110000010111010101110110101100100010100101001101001110010001111111101001001100001000000100010110101010010100001101001100110011111100000001111111101100000011110100011010110111111100000010001010010011010011101101001010001 ;
b10000 E
b111101001 3
1'
#10886400
0'
#10890000
0D
17
b111111111001111 @
b10000 E
b111101010 3
1'
#10893600
0'
#10897200
17
b10100110010 @
1D
1C
b10000 E
b111101011 3
1'
#10900800
0'
#10904400
0D
17
b11000000101111 @
b10000 E
b111101100 3
1'
#10908000
0'
#10911600
17
b1110101101011101 @
1D
b10000 E
b111101101 3
1'
#10915200
0'
#10918800
0D
07
b10100100010 @
b10000 E
b111101110 3
1'
#10922400
0'
#10926000
17
b10101101000101 @
1D
0C
b10000 E
b111101111 3
1'
#10929600
0'
#10933200
0D
1B
0A
17
b111001011100000 @
b10000 E
b111110000 3
1'
#10936800
0'
#10940400
07
b100000101101100 @
0B
1D
1C
0?
b1110000 :
b11110010001001101101110100001001111100000101110101011101101011001000101001010011010011100100011111111010010011000010000001000101101010100101000011010011001100111111000000011111111011000000111101000110101101111111000000100010100100110100111011010010100010 %
b11110010001001101101110100001001111100000101110101011101101011001000101001010011010011100100011111111010010011000010000001000101101010100101000011010011001100111111000000011111111011000000111101000110101101111111000000100010100100110100111011010010100010 6
b11110010001001101101110100001001111100000101110101011101101011001000101001010011010011100100011111111010010011000010000001000101101010100101000011010011001100111111000000011111111011000000111101000110101101111111000000100010100100110100111011010010100010 ;
b10000 E
b111110001 3
1'
#10944000
0'
#10947600
0D
1B
1A
17
b111100001011110 @
b10000 E
b111110010 3
1'
#10951200
0'
#10954800
17
b101100100000001 @
0B
1D
1?
b1110001 :
b111100100010011011011101000010011111000001011101010111011010110010001010010100110100111001000111111110100100110000100000010001011010101001010000110100110011001111110000000111111110110000001111010001101011011111110000001000101001001101001110110100101000101 %
b111100100010011011011101000010011111000001011101010111011010110010001010010100110100111001000111111110100100110000100000010001011010101001010000110100110011001111110000000111111110110000001111010001101011011111110000001000101001001101001110110100101000101 6
b111100100010011011011101000010011111000001011101010111011010110010001010010100110100111001000111111110100100110000100000010001011010101001010000110100110011001111110000000111111110110000001111010001101011011111110000001000101001001101001110110100101000101 ;
b10000 E
b111110011 3
1'
#10958400
0'
#10962000
0D
07
b100000001100111 @
b10000 E
b111110100 3
1'
#10965600
0'
#10969200
17
b1101101001110100 @
1D
0C
b10000 E
b111110101 3
1'
#10972800
0'
#10976400
0D
1B
0A
07
b110011010110100 @
b10000 E
b111110110 3
1'
#10980000
0'
#10983600
17
b1110111101001000 @
0B
1D
0?
b1110010 :
b1111001000100110110111010000100111110000010111010101110110101100100010100101001101001110010001111111101001001100001000000100010110101010010100001101001100110011111100000001111111101100000011110100011010110111111100000010001010010011010011101101001010001010 %
b1111001000100110110111010000100111110000010111010101110110101100100010100101001101001110010001111111101001001100001000000100010110101010010100001101001100110011111100000001111111101100000011110100011010110111111100000010001010010011010011101101001010001010 6
b1111001000100110110111010000100111110000010111010101110110101100100010100101001101001110010001111111101001001100001000000100010110101010010100001101001100110011111100000001111111101100000011110100011010110111111100000010001010010011010011101101001010001010 ;
b10000 E
b111110111 3
1'
#10987200
0'
#10990800
0D
1B
07
b1110000110101111 @
b10000 E
b111111000 3
1'
#10994400
0'
#10998000
07
b1101110110100011 @
0B
1D
b1 >
b1110011 :
b1110010001001101101110100001001111100000101110101011101101011001000101001010011010011100100011111111010010011000010000001000101101010100101000011010011001100111111000000011111111011000000111101000110101101111111000000100010100100110100111011010010100010100 %
b1110010001001101101110100001001111100000101110101011101101011001000101001010011010011100100011111111010010011000010000001000101101010100101000011010011001100111111000000011111111011000000111101000110101101111111000000100010100100110100111011010010100010100 6
b1110010001001101101110100001001111100000101110101011101101011001000101001010011010011100100011111111010010011000010000001000101101010100101000011010011001100111111000000011111111011000000111101000110101101111111000000100010100100110100111011010010100010100 ;
b10000 E
b111111001 3
1'
#11001600
0'
#11005200
0D
07
b10000110000111 @
b10000 E
b111111010 3
1'
#11008800
0'
#11012400
17
b1100011000111110 @
1D
b10000 E
b111111011 3
1'
#11016000
0'
#11019600
0D
1B
17
b110010101110110 @
b10000 E
b111111100 3
1'
#11023200
0'
#11026800
07
b101011111010000 @
0B
1D
1C
b10 >
b1110100 :
b1100100010011011011101000010011111000001011101010111011010110010001010010100110100111001000111111110100100110000100000010001011010101001010000110100110011001111110000000111111110110000001111010001101011011111110000001000101001001101001110110100101000101000 %
b1100100010011011011101000010011111000001011101010111011010110010001010010100110100111001000111111110100100110000100000010001011010101001010000110100110011001111110000000111111110110000001111010001101011011111110000001000101001001101001110110100101000101000 6
b1100100010011011011101000010011111000001011101010111011010110010001010010100110100111001000111111110100100110000100000010001011010101001010000110100110011001111110000000111111110110000001111010001101011011111110000001000101001001101001110110100101000101000 ;
b10000 E
b111111101 3
1'
#11030400
0'
#11034000
0D
1B
1A
07
b110011111100 @
b10000 E
b111111110 3
1'
#11037600
0'
#11041200
17
b1111101110011111 @
0B
1D
0C
1?
b0 >
b1110101 :
b1001000100110110111010000100111110000010111010101110110101100100010100101001101001110010001111111101001001100001000000100010110101010010100001101001100110011111100000001111111101100000011110100011010110111111100000010001010010011010011101101001010001010001 %
b1001000100110110111010000100111110000010111010101110110101100100010100101001101001110010001111111101001001100001000000100010110101010010100001101001100110011111100000001111111101100000011110100011010110111111100000010001010010011010011101101001010001010001 6
b1001000100110110111010000100111110000010111010101110110101100100010100101001101001110010001111111101001001100001000000100010110101010010100001101001100110011111100000001111111101100000011110100011010110111111100000010001010010011010011101101001010001010001 ;
b10000 E
b111111111 3
1'
#11044800
0'
#11048400
0D
1B
0A
07
b110010001111001 @
b10000 E
b1000000000 3
1'
#11052000
0'
#11055600
07
b100011001101110 @
0B
1D
0?
b1110110 :
b10001001101101110100001001111100000101110101011101101011001000101001010011010011100100011111111010010011000010000001000101101010100101000011010011001100111111000000011111111011000000111101000110101101111111000000100010100100110100111011010010100010100010 %
b10001001101101110100001001111100000101110101011101101011001000101001010011010011100100011111111010010011000010000001000101101010100101000011010011001100111111000000011111111011000000111101000110101101111111000000100010100100110100111011010010100010100010 6
b10001001101101110100001001111100000101110101011101101011001000101001010011010011100100011111111010010011000010000001000101101010100101000011010011001100111111000000011111111011000000111101000110101101111111000000100010100100110100111011010010100010100010 ;
b10000 E
b1000000001 3
1'
#11059200
0'
#11062800
0D
07
b1000101010001010 @
b10000 E
b1000000010 3
1'
#11066400
0'
#11070000
17
b11100110110 @
1D
b10000 E
b1000000011 3
1'
#11073600
0'
#11077200
0D
1B
17
b1110100101111011 @
b10000 E
b1000000100 3
1'
#11080800
0'
#11084400
17
b110111100110001 @
0B
1D
1C
b1 >
b1110111 :
b100010011011011101000010011111000001011101010111011010110010001010010100110100111001000111111110100100110000100000010001011010101001010000110100110011001111110000000111111110110000001111010001101011011111110000001000101001001101001110110100101000101000100 %
b100010011011011101000010011111000001011101010111011010110010001010010100110100111001000111111110100100110000100000010001011010101001010000110100110011001111110000000111111110110000001111010001101011011111110000001000101001001101001110110100101000101000100 6
b100010011011011101000010011111000001011101010111011010110010001010010100110100111001000111111110100100110000100000010001011010101001010000110100110011001111110000000111111110110000001111010001101011011111110000001000101001001101001110110100101000101000100 ;
b10000 E
b1000000101 3
1'
#11088000
0'
#11091600
0D
17
b111001001011 @
b10000 E
b1000000110 3
1'
#11095200
0'
#11098800
17
b1110010001111001 @
1D
b10000 E
b1000000111 3
1'
#11102400
0'
#11106000
0D
17
b100111010110 @
b10000 E
b1000001000 3
1'
#11109600
0'
#11113200
17
b1010111001110001 @
1D
b10000 E
b1000001001 3
1'
#11116800
0'
#11120400
0D
07
b11110001001110 @
b10000 E
b1000001010 3
1'
#11124000
0'
#11127600
17
b1000000000000 @
1D
0C
b10000 E
b1000001011 3
1'
#11131200
0'
#11134800
0D
1B
07
b1100101010101111 @
b10000 E
b1000001100 3
1'
#11138400
0'
#11142000
07
b1010000100010 @
0B
1D
b10 >
b1111000 :
b1000100110110111010000100111110000010111010101110110101100100010100101001101001110010001111111101001001100001000000100010110101010010100001101001100110011111100000001111111101100000011110100011010110111111100000010001010010011010011101101001010001010001000 %
b1000100110110111010000100111110000010111010101110110101100100010100101001101001110010001111111101001001100001000000100010110101010010100001101001100110011111100000001111111101100000011110100011010110111111100000010001010010011010011101101001010001010001000 6
b1000100110110111010000100111110000010111010101110110101100100010100101001101001110010001111111101001001100001000000100010110101010010100001101001100110011111100000001111111101100000011110100011010110111111100000010001010010011010011101101001010001010001000 ;
b10000 E
b1000001101 3
1'
#11145600
0'
#11149200
0D
07
b1011101101010 @
b10000 E
b1000001110 3
1'
#11152800
0'
#11156400
17
b1000010001110101 @
1D
b10000 E
b1000001111 3
1'
#11160000
0'
#11163600
0D
1B
17
b1010101110110001 @
b10000 E
b1000010000 3
1'
#11167200
0'
#11170800
17
b1110011110110000 @
0B
1D
1C
b11 >
b1111001 :
b1001101101110100001001111100000101110101011101101011001000101001010011010011100100011111111010010011000010000001000101101010100101000011010011001100111111000000011111111011000000111101000110101101111111000000100010100100110100111011010010100010100010000 %
b1001101101110100001001111100000101110101011101101011001000101001010011010011100100011111111010010011000010000001000101101010100101000011010011001100111111000000011111111011000000111101000110101101111111000000100010100100110100111011010010100010100010000 6
b1001101101110100001001111100000101110101011101101011001000101001010011010011100100011111111010010011000010000001000101101010100101000011010011001100111111000000011111111011000000111101000110101101111111000000100010100100110100111011010010100010100010000 ;
b10000 E
b1000010001 3
1'
#11174400
0'
#11178000
0D
07
b1110110111111111 @
b10000 E
b1000010010 3
1'
#11181600
0'
#11185200
17
b101110100001111 @
1D
0C
b10000 E
b1000010011 3
1'
#11188800
0'
#11192400
0D
1B
17
b10110101000101 @
b10000 E
b1000010100 3
1'
#11196000
0'
#11199600
17
b1001001000011110 @
0B
1D
1C
b100 >
b1111010 :
b10011011011101000010011111000001011101010111011010110010001010010100110100111001000111111110100100110000100000010001011010101001010000110100110011001111110000000111111110110000001111010001101011011111110000001000101001001101001110110100101000101000100000 %
b10011011011101000010011111000001011101010111011010110010001010010100110100111001000111111110100100110000100000010001011010101001010000110100110011001111110000000111111110110000001111010001101011011111110000001000101001001101001110110100101000101000100000 6
b10011011011101000010011111000001011101010111011010110010001010010100110100111001000111111110100100110000100000010001011010101001010000110100110011001111110000000111111110110000001111010001101011011111110000001000101001001101001110110100101000101000100000 ;
b10000 E
b1000010101 3
1'
#11203200
0'
#11206800
0D
07
b110010000110111 @
b10000 E
b1000010110 3
1'
#11210400
0'
#11214000
17
b11101111110101 @
1D
0C
b10000 E
b1000010111 3
1'
#11217600
0'
#11221200
0D
1B
07
b1001111000000100 @
b10000 E
b1000011000 3
1'
#11224800
0'
#11228400
07
b1011011010110110 @
0B
1D
b101 >
b1111011 :
b100110110111010000100111110000010111010101110110101100100010100101001101001110010001111111101001001100001000000100010110101010010100001101001100110011111100000001111111101100000011110100011010110111111100000010001010010011010011101101001010001010001000000 %
b100110110111010000100111110000010111010101110110101100100010100101001101001110010001111111101001001100001000000100010110101010010100001101001100110011111100000001111111101100000011110100011010110111111100000010001010010011010011101101001010001010001000000 6
b100110110111010000100111110000010111010101110110101100100010100101001101001110010001111111101001001100001000000100010110101010010100001101001100110011111100000001111111101100000011110100011010110111111100000010001010010011010011101101001010001010001000000 ;
b10000 E
b1000011001 3
1'
#11232000
0'
#11235600
0D
17
b1111101100100100 @
b10000 E
b1000011010 3
1'
#11239200
0'
#11242800
17
b1110000111010101 @
1D
1C
b10000 E
b1000011011 3
1'
#11246400
0'
#11250000
0D
07
b1010110000101101 @
b10000 E
b1000011100 3
1'
#11253600
0'
#11257200
17
b1001100110001010 @
1D
0C
b10000 E
b1000011101 3
1'
#11260800
0'
#11264400
0D
1B
17
b100110010101010 @
b10000 E
b1000011110 3
1'
#11268000
0'
#11271600
07
b1001101111110111 @
0B
1D
1C
b110 >
b1111100 :
b1001101101110100001001111100000101110101011101101011001000101001010011010011100100011111111010010011000010000001000101101010100101000011010011001100111111000000011111111011000000111101000110101101111111000000100010100100110100111011010010100010100010000000 %
b1001101101110100001001111100000101110101011101101011001000101001010011010011100100011111111010010011000010000001000101101010100101000011010011001100111111000000011111111011000000111101000110101101111111000000100010100100110100111011010010100010100010000000 6
b1001101101110100001001111100000101110101011101101011001000101001010011010011100100011111111010010011000010000001000101101010100101000011010011001100111111000000011111111011000000111101000110101101111111000000100010100100110100111011010010100010100010000000 ;
b10000 E
b1000011111 3
1'
#11275200
0'
#11278800
0D
1B
1A
07
b10001001010 @
b10000 E
b1000100000 3
1'
#11282400
0'
#11286000
07
b1000010101101000 @
0B
1D
0C
1?
b0 >
b1111101 :
b11011011101000010011111000001011101010111011010110010001010010100110100111001000111111110100100110000100000010001011010101001010000110100110011001111110000000111111110110000001111010001101011011111110000001000101001001101001110110100101000101000100000001 %
b11011011101000010011111000001011101010111011010110010001010010100110100111001000111111110100100110000100000010001011010101001010000110100110011001111110000000111111110110000001111010001101011011111110000001000101001001101001110110100101000101000100000001 6
b11011011101000010011111000001011101010111011010110010001010010100110100111001000111111110100100110000100000010001011010101001010000110100110011001111110000000111111110110000001111010001101011011111110000001000101001001101001110110100101000101000100000001 ;
b10000 E
b1000100001 3
1'
#11289600
0'
#11293200
0D
07
b10010111110001 @
b10000 E
b1000100010 3
1'
#11296800
0'
#11300400
07
b111001001000010 @
1D
b10000 E
b1000100011 3
1'
#11304000
0'
#11307600
0D
17
b1110101000100001 @
b10000 E
b1000100100 3
1'
#11311200
0'
#11314800
17
b1011011110111010 @
1D
1C
b10000 E
b1000100101 3
1'
#11318400
0'
#11322000
0D
07
b111111111000001 @
b10000 E
b1000100110 3
1'
#11325600
0'
#11329200
17
b1001101100110110 @
1D
0C
b10000 E
b1000100111 3
1'
#11332800
0'
#11336400
0D
1B
0A
17
b1010111100100011 @
b10000 E
b1000101000 3
1'
#11340000
0'
#11343600
07
b100010100100110 @
0B
1D
1C
0?
b1111110 :
b110110111010000100111110000010111010101110110101100100010100101001101001110010001111111101001001100001000000100010110101010010100001101001100110011111100000001111111101100000011110100011010110111111100000010001010010011010011101101001010001010001000000010 %
b110110111010000100111110000010111010101110110101100100010100101001101001110010001111111101001001100001000000100010110101010010100001101001100110011111100000001111111101100000011110100011010110111111100000010001010010011010011101101001010001010001000000010 6
b110110111010000100111110000010111010101110110101100100010100101001101001110010001111111101001001100001000000100010110101010010100001101001100110011111100000001111111101100000011110100011010110111111100000010001010010011010011101101001010001010001000000010 ;
b10000 E
b1000101001 3
1'
#11347200
0'
#11350800
0D
1B
1A
07
b1100001000111000 @
b10000 E
b1000101010 3
1'
#11354400
0'
#11358000
07
b1000111111101001 @
0B
1D
0C
1?
b1111111 :
b1101101110100001001111100000101110101011101101011001000101001010011010011100100011111111010010011000010000001000101101010100101000011010011001100111111000000011111111011000000111101000110101101111111000000100010100100110100111011010010100010100010000000101 %
b1101101110100001001111100000101110101011101101011001000101001010011010011100100011111111010010011000010000001000101101010100101000011010011001100111111000000011111111011000000111101000110101101111111000000100010100100110100111011010010100010100010000000101 6
b1101101110100001001111100000101110101011101101011001000101001010011010011100100011111111010010011000010000001000101101010100101000011010011001100111111000000011111111011000000111101000110101101111111000000100010100100110100111011010010100010100010000000101 ;
b10000 E
b1000101011 3
1'
#11361600
0'
#11365200
0D
17
b1000110010110111 @
b10000 E
b1000101100 3
1'
#11368800
0'
#11372400
17
b100110000000000 @
1D
1C
b10000 E
b1000101101 3
1'
#11376000
0'
#11379600
0D
17
b1110001111011 @
b10000 E
b1000101110 3
1'
#11383200
0'
#11386800
17
b1001001010011001 @
1D
b10000 E
b1000101111 3
1'
#11390400
0'
#11394000
0D
17
b11111110011 @
b10000 E
b1000110000 3
1'
#11397600
0'
#11401200
17
b101001011000000 @
1D
b10000 E
b1000110001 3
1'
#11404800
0'
#11408400
0D
17
b1100100011001010 @
b10000 E
b1000110010 3
1'
#11412000
0'
#11415600
17
b1001000110111000 @
1D
b10000 E
b1000110011 3
1'
#11419200
0'
#11422800
0D
17
b1011111101011111 @
b10000 E
b1000110100 3
1'
#11426400
0'
#11430000
17
b111111010100100 @
1D
b10000 E
b1000110101 3
1'
#11433600
0'
#11437200
0D
07
b101000110000000 @
b10000 E
b1000110110 3
1'
#11440800
0'
#11444400
07
b111001011111100 @
1D
0C
b10000 E
b1000110111 3
1'
#11448000
0'
#11451600
0D
17
b100001000111110 @
b10000 E
b1000111000 3
1'
#11455200
0'
#11458800
07
b100001000100001 @
1D
1C
b10000 E
b1000111001 3
1'
#11462400
0'
#11466000
0D
1B
07
b1110111010001101 @
b10000 E
b1000111010 3
1'
#11469600
0'
#11473200
07
b1111000010100 @
0B
1D
0C
b1 >
b10000000 :
b1011011101000010011111000001011101010111011010110010001010010100110100111001000111111110100100110000100000010001011010101001010000110100110011001111110000000111111110110000001111010001101011011111110000001000101001001101001110110100101000101000100000001011 %
b1011011101000010011111000001011101010111011010110010001010010100110100111001000111111110100100110000100000010001011010101001010000110100110011001111110000000111111110110000001111010001101011011111110000001000101001001101001110110100101000101000100000001011 6
b1011011101000010011111000001011101010111011010110010001010010100110100111001000111111110100100110000100000010001011010101001010000110100110011001111110000000111111110110000001111010001101011011111110000001000101001001101001110110100101000101000100000001011 ;
b10000 E
b1000111011 3
1'
#11476800
0'
#11480400
0D
07
b1000100110011011 @
b10000 E
b1000111100 3
1'
#11484000
0'
#11487600
07
b100100001111110 @
1D
b10000 E
b1000111101 3
1'
#11491200
0'
#11494800
0D
17
b11000101111101 @
b10000 E
b1000111110 3
1'
#11498400
0'
#11502000
17
b1100000001001010 @
1D
1C
b10000 E
b1000111111 3
1'
#11505600
0'
#11509200
0D
17
b10110011111100 @
b10000 E
b1001000000 3
1'
#11512800
0'
#11516400
07
b1010100001110110 @
1D
b10000 E
b1001000001 3
1'
#11520000
0'
#11523600
0D
1B
07
b110100101111 @
b10000 E
b1001000010 3
1'
#11527200
0'
#11530800
07
b10111101100010 @
0B
1D
0C
b10 >
b10000001 :
b110111010000100111110000010111010101110110101100100010100101001101001110010001111111101001001100001000000100010110101010010100001101001100110011111100000001111111101100000011110100011010110111111100000010001010010011010011101101001010001010001000000010111 %
b110111010000100111110000010111010101110110101100100010100101001101001110010001111111101001001100001000000100010110101010010100001101001100110011111100000001111111101100000011110100011010110111111100000010001010010011010011101101001010001010001000000010111 6
b110111010000100111110000010111010101110110101100100010100101001101001110010001111111101001001100001000000100010110101010010100001101001100110011111100000001111111101100000011110100011010110111111100000010001010010011010011101101001010001010001000000010111 ;
b10000 E
b1001000011 3
1'
#11534400
0'
#11538000
0D
17
b101101100101101 @
b10000 E
b1001000100 3
1'
#11541600
0'
#11545200
07
b11010001010001 @
1D
1C
b10000 E
b1001000101 3
1'
#11548800
0'
#11552400
0D
1B
17
b1110010100101 @
b10000 E
b1001000110 3
1'
#11556000
0'
#11559600
07
b1100101100010011 @
0B
1D
b11 >
b10000010 :
b1101110100001001111100000101110101011101101011001000101001010011010011100100011111111010010011000010000001000101101010100101000011010011001100111111000000011111111011000000111101000110101101111111000000100010100100110100111011010010100010100010000000101111 %
b1101110100001001111100000101110101011101101011001000101001010011010011100100011111111010010011000010000001000101101010100101000011010011001100111111000000011111111011000000111101000110101101111111000000100010100100110100111011010010100010100010000000101111 6
b1101110100001001111100000101110101011101101011001000101001010011010011100100011111111010010011000010000001000101101010100101000011010011001100111111000000011111111011000000111101000110101101111111000000100010100100110100111011010010100010100010000000101111 ;
b10000 E
b1001000111 3
1'
#11563200
0'
#11566800
0D
1B
07
b101001001010111 @
b10000 E
b1001001000 3
1'
#11570400
0'
#11574000
17
b1001001110010100 @
0B
1D
0C
b100 >
b10000011 :
b1011101000010011111000001011101010111011010110010001010010100110100111001000111111110100100110000100000010001011010101001010000110100110011001111110000000111111110110000001111010001101011011111110000001000101001001101001110110100101000101000100000001011111 %
b1011101000010011111000001011101010111011010110010001010010100110100111001000111111110100100110000100000010001011010101001010000110100110011001111110000000111111110110000001111010001101011011111110000001000101001001101001110110100101000101000100000001011111 6
b1011101000010011111000001011101010111011010110010001010010100110100111001000111111110100100110000100000010001011010101001010000110100110011001111110000000111111110110000001111010001101011011111110000001000101001001101001110110100101000101000100000001011111 ;
b10000 E
b1001001001 3
1'
#11577600
0'
#11581200
0D
1B
0A
07
b101110010111101 @
b10000 E
b1001001010 3
1'
#11584800
0'
#11588400
17
b110101101100000 @
0B
1D
0?
b0 >
b10000100 :
b111010000100111110000010111010101110110101100100010100101001101001110010001111111101001001100001000000100010110101010010100001101001100110011111100000001111111101100000011110100011010110111111100000010001010010011010011101101001010001010001000000010111110 %
b111010000100111110000010111010101110110101100100010100101001101001110010001111111101001001100001000000100010110101010010100001101001100110011111100000001111111101100000011110100011010110111111100000010001010010011010011101101001010001010001000000010111110 6
b111010000100111110000010111010101110110101100100010100101001101001110010001111111101001001100001000000100010110101010010100001101001100110011111100000001111111101100000011110100011010110111111100000010001010010011010011101101001010001010001000000010111110 ;
b10000 E
b1001001011 3
1'
#11592000
0'
#11595600
0D
1B
17
b11110110101111 @
b10000 E
b1001001100 3
1'
#11599200
0'
#11602800
17
b1101100001110 @
0B
1D
1C
b1 >
b10000101 :
b1110100001001111100000101110101011101101011001000101001010011010011100100011111111010010011000010000001000101101010100101000011010011001100111111000000011111111011000000111101000110101101111111000000100010100100110100111011010010100010100010000000101111100 %
b1110100001001111100000101110101011101101011001000101001010011010011100100011111111010010011000010000001000101101010100101000011010011001100111111000000011111111011000000111101000110101101111111000000100010100100110100111011010010100010100010000000101111100 6
b1110100001001111100000101110101011101101011001000101001010011010011100100011111111010010011000010000001000101101010100101000011010011001100111111000000011111111011000000111101000110101101111111000000100010100100110100111011010010100010100010000000101111100 ;
b10000 E
b1001001101 3
1'
#11606400
0'
#11610000
0D
07
b1000000011001011 @
b10000 E
b1001001110 3
1'
#11613600
0'
#11617200
17
b1111011001000101 @
1D
0C
b10000 E
b1001001111 3
1'
#11620800
0'
#11624400
0D
1B
17
b100100000010101 @
b10000 E
b1001010000 3
1'
#11628000
0'
#11631600
17
b11010110010111 @
0B
1D
1C
b10 >
b10000110 :
b1101000010011111000001011101010111011010110010001010010100110100111001000111111110100100110000100000010001011010101001010000110100110011001111110000000111111110110000001111010001101011011111110000001000101001001101001110110100101000101000100000001011111000 %
b1101000010011111000001011101010111011010110010001010010100110100111001000111111110100100110000100000010001011010101001010000110100110011001111110000000111111110110000001111010001101011011111110000001000101001001101001110110100101000101000100000001011111000 6
b1101000010011111000001011101010111011010110010001010010100110100111001000111111110100100110000100000010001011010101001010000110100110011001111110000000111111110110000001111010001101011011111110000001000101001001101001110110100101000101000100000001011111000 ;
b10000 E
b1001010001 3
1'
#11635200
0'
#11638800
0D
07
b101000101011000 @
b10000 E
b1001010010 3
1'
#11642400
0'
#11646000
07
b11001010000 @
1D
0C
b10000 E
b1001010011 3
1'
#11649600
0'
#11653200
0D
07
b100101101110111 @
b10000 E
b1001010100 3
1'
#11656800
0'
#11660400
17
b11100 @
1D
b10000 E
b1001010101 3
1'
#11664000
0'
#11667600
0D
1B
17
b1100010111111101 @
b10000 E
b1001010110 3
1'
#11671200
0'
#11674800
07
b110101101111001 @
0B
1D
1C
b11 >
b10000111 :
b1010000100111110000010111010101110110101100100010100101001101001110010001111111101001001100001000000100010110101010010100001101001100110011111100000001111111101100000011110100011010110111111100000010001010010011010011101101001010001010001000000010111110000 %
b1010000100111110000010111010101110110101100100010100101001101001110010001111111101001001100001000000100010110101010010100001101001100110011111100000001111111101100000011110100011010110111111100000010001010010011010011101101001010001010001000000010111110000 6
b1010000100111110000010111010101110110101100100010100101001101001110010001111111101001001100001000000100010110101010010100001101001100110011111100000001111111101100000011110100011010110111111100000010001010010011010011101101001010001010001000000010111110000 ;
b10000 E
b1001010111 3
1'
#11678400
0'
#11682000
0D
1B
1A
07
b1010100111000101 @
b10000 E
b1001011000 3
1'
#11685600
0'
#11689200
17
b1010101000100110 @
0B
1D
0C
1?
b0 >
b10001000 :
b100001001111100000101110101011101101011001000101001010011010011100100011111111010010011000010000001000101101010100101000011010011001100111111000000011111111011000000111101000110101101111111000000100010100100110100111011010010100010100010000000101111100001 %
b100001001111100000101110101011101101011001000101001010011010011100100011111111010010011000010000001000101101010100101000011010011001100111111000000011111111011000000111101000110101101111111000000100010100100110100111011010010100010100010000000101111100001 6
b100001001111100000101110101011101101011001000101001010011010011100100011111111010010011000010000001000101101010100101000011010011001100111111000000011111111011000000111101000110101101111111000000100010100100110100111011010010100010100010000000101111100001 ;
b10000 E
b1001011001 3
1'
#11692800
0'
#11696400
0D
1B
0A
07
b1010011001000001 @
b10000 E
b1001011010 3
1'
#11700000
0'
#11703600
17
b1100010011101101 @
0B
1D
0?
b10001001 :
b1000010011111000001011101010111011010110010001010010100110100111001000111111110100100110000100000010001011010101001010000110100110011001111110000000111111110110000001111010001101011011111110000001000101001001101001110110100101000101000100000001011111000010 %
b1000010011111000001011101010111011010110010001010010100110100111001000111111110100100110000100000010001011010101001010000110100110011001111110000000111111110110000001111010001101011011111110000001000101001001101001110110100101000101000100000001011111000010 6
b1000010011111000001011101010111011010110010001010010100110100111001000111111110100100110000100000010001011010101001010000110100110011001111110000000111111110110000001111010001101011011111110000001000101001001101001110110100101000101000100000001011111000010 ;
b10000 E
b1001011011 3
1'
#11707200
0'
#11710800
0D
1B
17
b1011111100000110 @
b10000 E
b1001011100 3
1'
#11714400
0'
#11718000
07
b100000110010 @
0B
1D
1C
b1 >
b10001010 :
b100111110000010111010101110110101100100010100101001101001110010001111111101001001100001000000100010110101010010100001101001100110011111100000001111111101100000011110100011010110111111100000010001010010011010011101101001010001010001000000010111110000100 %
b100111110000010111010101110110101100100010100101001101001110010001111111101001001100001000000100010110101010010100001101001100110011111100000001111111101100000011110100011010110111111100000010001010010011010011101101001010001010001000000010111110000100 6
b100111110000010111010101110110101100100010100101001101001110010001111111101001001100001000000100010110101010010100001101001100110011111100000001111111101100000011110100011010110111111100000010001010010011010011101101001010001010001000000010111110000100 ;
b10000 E
b1001011101 3
1'
#11721600
0'
#11725200
0D
1B
1A
07
b1111010010111001 @
b10000 E
b1001011110 3
1'
#11728800
0'
#11732400
17
b1111110110111011 @
0B
1D
0C
1?
b0 >
b10001011 :
b1001111100000101110101011101101011001000101001010011010011100100011111111010010011000010000001000101101010100101000011010011001100111111000000011111111011000000111101000110101101111111000000100010100100110100111011010010100010100010000000101111100001001 %
b1001111100000101110101011101101011001000101001010011010011100100011111111010010011000010000001000101101010100101000011010011001100111111000000011111111011000000111101000110101101111111000000100010100100110100111011010010100010100010000000101111100001001 6
b1001111100000101110101011101101011001000101001010011010011100100011111111010010011000010000001000101101010100101000011010011001100111111000000011111111011000000111101000110101101111111000000100010100100110100111011010010100010100010000000101111100001001 ;
b10000 E
b1001011111 3
1'
#11736000
0'
#11739600
0D
1B
0A
07
b111101010001001 @
b10000 E
b1001100000 3
1'
#11743200
0'
#11746800
07
b110111100001100 @
0B
1D
0?
b10001100 :
b10011111000001011101010111011010110010001010010100110100111001000111111110100100110000100000010001011010101001010000110100110011001111110000000111111110110000001111010001101011011111110000001000101001001101001110110100101000101000100000001011111000010010 %
b10011111000001011101010111011010110010001010010100110100111001000111111110100100110000100000010001011010101001010000110100110011001111110000000111111110110000001111010001101011011111110000001000101001001101001110110100101000101000100000001011111000010010 6
b10011111000001011101010111011010110010001010010100110100111001000111111110100100110000100000010001011010101001010000110100110011001111110000000111111110110000001111010001101011011111110000001000101001001101001110110100101000101000100000001011111000010010 ;
b10000 E
b1001100001 3
1'
#11750400
0'
#11754000
0D
07
b110101000001100 @
b10000 E
b1001100010 3
1'
#11757600
0'
#11761200
17
b11000001111001 @
1D
b10000 E
b1001100011 3
1'
#11764800
0'
#11768400
0D
1B
07
b110010001001100 @
b10000 E
b1001100100 3
1'
#11772000
0'
#11775600
17
b1100110111100100 @
0B
1D
b1 >
b10001101 :
b100111110000010111010101110110101100100010100101001101001110010001111111101001001100001000000100010110101010010100001101001100110011111100000001111111101100000011110100011010110111111100000010001010010011010011101101001010001010001000000010111110000100100 %
b100111110000010111010101110110101100100010100101001101001110010001111111101001001100001000000100010110101010010100001101001100110011111100000001111111101100000011110100011010110111111100000010001010010011010011101101001010001010001000000010111110000100100 6
b100111110000010111010101110110101100100010100101001101001110010001111111101001001100001000000100010110101010010100001101001100110011111100000001111111101100000011110100011010110111111100000010001010010011010011101101001010001010001000000010111110000100100 ;
b10000 E
b1001100101 3
1'
#11779200
0'
#11782800
0D
1B
07
b101010111111111 @
b10000 E
b1001100110 3
1'
#11786400
0'
#11790000
17
b1100011011111110 @
0B
1D
b10 >
b10001110 :
b1001111100000101110101011101101011001000101001010011010011100100011111111010010011000010000001000101101010100101000011010011001100111111000000011111111011000000111101000110101101111111000000100010100100110100111011010010100010100010000000101111100001001000 %
b1001111100000101110101011101101011001000101001010011010011100100011111111010010011000010000001000101101010100101000011010011001100111111000000011111111011000000111101000110101101111111000000100010100100110100111011010010100010100010000000101111100001001000 6
b1001111100000101110101011101101011001000101001010011010011100100011111111010010011000010000001000101101010100101000011010011001100111111000000011111111011000000111101000110101101111111000000100010100100110100111011010010100010100010000000101111100001001000 ;
b10000 E
b1001100111 3
1'
#11793600
0'
#11797200
0D
1B
07
b1100100101001000 @
b10000 E
b1001101000 3
1'
#11800800
0'
#11804400
17
b1001011100110000 @
0B
1D
b11 >
b10001111 :
b11111000001011101010111011010110010001010010100110100111001000111111110100100110000100000010001011010101001010000110100110011001111110000000111111110110000001111010001101011011111110000001000101001001101001110110100101000101000100000001011111000010010000 %
b11111000001011101010111011010110010001010010100110100111001000111111110100100110000100000010001011010101001010000110100110011001111110000000111111110110000001111010001101011011111110000001000101001001101001110110100101000101000100000001011111000010010000 6
b11111000001011101010111011010110010001010010100110100111001000111111110100100110000100000010001011010101001010000110100110011001111110000000111111110110000001111010001101011011111110000001000101001001101001110110100101000101000100000001011111000010010000 ;
b10000 E
b1001101001 3
1'
#11808000
0'
#11811600
0D
1B
07
b1011100010111 @
b10000 E
b1001101010 3
1'
#11815200
0'
#11818800
07
b11100000111110 @
0B
1D
b100 >
b10010000 :
b111110000010111010101110110101100100010100101001101001110010001111111101001001100001000000100010110101010010100001101001100110011111100000001111111101100000011110100011010110111111100000010001010010011010011101101001010001010001000000010111110000100100000 %
b111110000010111010101110110101100100010100101001101001110010001111111101001001100001000000100010110101010010100001101001100110011111100000001111111101100000011110100011010110111111100000010001010010011010011101101001010001010001000000010111110000100100000 6
b111110000010111010101110110101100100010100101001101001110010001111111101001001100001000000100010110101010010100001101001100110011111100000001111111101100000011110100011010110111111100000010001010010011010011101101001010001010001000000010111110000100100000 ;
b10000 E
b1001101011 3
1'
#11822400
0'
#11826000
0D
07
b1110000000000100 @
b10000 E
b1001101100 3
1'
#11829600
0'
#11833200
17
b11110001010111 @
1D
b10000 E
b1001101101 3
1'
#11836800
0'
#11840400
0D
1B
17
b1000100110100101 @
b10000 E
b1001101110 3
1'
#11844000
0'
#11847600
17
b10101110100010 @
0B
1D
1C
b101 >
b10010001 :
b1111100000101110101011101101011001000101001010011010011100100011111111010010011000010000001000101101010100101000011010011001100111111000000011111111011000000111101000110101101111111000000100010100100110100111011010010100010100010000000101111100001001000000 %
b1111100000101110101011101101011001000101001010011010011100100011111111010010011000010000001000101101010100101000011010011001100111111000000011111111011000000111101000110101101111111000000100010100100110100111011010010100010100010000000101111100001001000000 6
b1111100000101110101011101101011001000101001010011010011100100011111111010010011000010000001000101101010100101000011010011001100111111000000011111111011000000111101000110101101111111000000100010100100110100111011010010100010100010000000101111100001001000000 ;
b10000 E
b1001101111 3
1'
#11851200
0'
#11854800
0D
07
b1011000010001010 @
b10000 E
b1001110000 3
1'
#11858400
0'
#11862000
17
b1001011001110000 @
1D
0C
b10000 E
b1001110001 3
1'
#11865600
0'
#11869200
0D
1B
17
b1101001011100110 @
b10000 E
b1001110010 3
1'
#11872800
0'
#11876400
07
b100010001101001 @
0B
1D
1C
b110 >
b10010010 :
b1111000001011101010111011010110010001010010100110100111001000111111110100100110000100000010001011010101001010000110100110011001111110000000111111110110000001111010001101011011111110000001000101001001101001110110100101000101000100000001011111000010010000000 %
b1111000001011101010111011010110010001010010100110100111001000111111110100100110000100000010001011010101001010000110100110011001111110000000111111110110000001111010001101011011111110000001000101001001101001110110100101000101000100000001011111000010010000000 6
b1111000001011101010111011010110010001010010100110100111001000111111110100100110000100000010001011010101001010000110100110011001111110000000111111110110000001111010001101011011111110000001000101001001101001110110100101000101000100000001011111000010010000000 ;
b10000 E
b1001110011 3
1'
#11880000
0'
#11883600
0D
1B
1A
17
b1111101110110100 @
b10000 E
b1001110100 3
1'
#11887200
0'
#11890800
07
b111110000010011 @
0B
1D
1?
b0 >
b10010011 :
b1110000010111010101110110101100100010100101001101001110010001111111101001001100001000000100010110101010010100001101001100110011111100000001111111101100000011110100011010110111111100000010001010010011010011101101001010001010001000000010111110000100100000001 %
b1110000010111010101110110101100100010100101001101001110010001111111101001001100001000000100010110101010010100001101001100110011111100000001111111101100000011110100011010110111111100000010001010010011010011101101001010001010001000000010111110000100100000001 6
b1110000010111010101110110101100100010100101001101001110010001111111101001001100001000000100010110101010010100001101001100110011111100000001111111101100000011110100011010110111111100000010001010010011010011101101001010001010001000000010111110000100100000001 ;
b10000 E
b1001110101 3
1'
#11894400
0'
#11898000
0D
1B
17
b101011010100001 @
b10000 E
b1001110110 3
1'
#11901600
0'
#11905200
17
b1001110110011111 @
0B
1D
b1 >
b10010100 :
b1100000101110101011101101011001000101001010011010011100100011111111010010011000010000001000101101010100101000011010011001100111111000000011111111011000000111101000110101101111111000000100010100100110100111011010010100010100010000000101111100001001000000011 %
b1100000101110101011101101011001000101001010011010011100100011111111010010011000010000001000101101010100101000011010011001100111111000000011111111011000000111101000110101101111111000000100010100100110100111011010010100010100010000000101111100001001000000011 6
b1100000101110101011101101011001000101001010011010011100100011111111010010011000010000001000101101010100101000011010011001100111111000000011111111011000000111101000110101101111111000000100010100100110100111011010010100010100010000000101111100001001000000011 ;
b10000 E
b1001110111 3
1'
#11908800
0'
#11912400
0D
07
b1001110111011111 @
b10000 E
b1001111000 3
1'
#11916000
0'
#11919600
07
b100110110101111 @
1D
0C
b10000 E
b1001111001 3
1'
#11923200
0'
#11926800
0D
17
b10000001100011 @
b10000 E
b1001111010 3
1'
#11930400
0'
#11934000
17
b1001101101101001 @
1D
1C
b10000 E
b1001111011 3
1'
#11937600
0'
#11941200
0D
07
b1101101010001010 @
b10000 E
b1001111100 3
1'
#11944800
0'
#11948400
07
b1000110111011011 @
1D
0C
b10000 E
b1001111101 3
1'
#11952000
0'
#11955600
0D
17
b1101000001111011 @
b10000 E
b1001111110 3
1'
#11959200
0'
#11962800
07
b1101010100111000 @
1D
1C
b10000 E
b1001111111 3
1'
#11966400
0'
#11970000
0D
1B
17
b1101100111001100 @
b10000 E
b1010000000 3
1'
#11973600
0'
#11977200
07
b1110001111001011 @
0B
1D
b10 >
b10010101 :
b1000001011101010111011010110010001010010100110100111001000111111110100100110000100000010001011010101001010000110100110011001111110000000111111110110000001111010001101011011111110000001000101001001101001110110100101000101000100000001011111000010010000000111 %
b1000001011101010111011010110010001010010100110100111001000111111110100100110000100000010001011010101001010000110100110011001111110000000111111110110000001111010001101011011111110000001000101001001101001110110100101000101000100000001011111000010010000000111 6
b1000001011101010111011010110010001010010100110100111001000111111110100100110000100000010001011010101001010000110100110011001111110000000111111110110000001111010001101011011111110000001000101001001101001110110100101000101000100000001011111000010010000000111 ;
b10000 E
b1010000001 3
1'
#11980800
0'
#11984400
0D
1B
17
b1011100010000110 @
b10000 E
b1010000010 3
1'
#11988000
0'
#11991600
07
b100011101001 @
0B
1D
b11 >
b10010110 :
b10111010101110110101100100010100101001101001110010001111111101001001100001000000100010110101010010100001101001100110011111100000001111111101100000011110100011010110111111100000010001010010011010011101101001010001010001000000010111110000100100000001111 %
b10111010101110110101100100010100101001101001110010001111111101001001100001000000100010110101010010100001101001100110011111100000001111111101100000011110100011010110111111100000010001010010011010011101101001010001010001000000010111110000100100000001111 6
b10111010101110110101100100010100101001101001110010001111111101001001100001000000100010110101010010100001101001100110011111100000001111111101100000011110100011010110111111100000010001010010011010011101101001010001010001000000010111110000100100000001111 ;
b10000 E
b1010000011 3
1'
#11995200
0'
#11998800
0D
1B
17
b1100010100000001 @
b10000 E
b1010000100 3
1'
#12002400
0'
#12006000
17
b1011000110110000 @
0B
1D
b100 >
b10010111 :
b101110101011101101011001000101001010011010011100100011111111010010011000010000001000101101010100101000011010011001100111111000000011111111011000000111101000110101101111111000000100010100100110100111011010010100010100010000000101111100001001000000011111 %
b101110101011101101011001000101001010011010011100100011111111010010011000010000001000101101010100101000011010011001100111111000000011111111011000000111101000110101101111111000000100010100100110100111011010010100010100010000000101111100001001000000011111 6
b101110101011101101011001000101001010011010011100100011111111010010011000010000001000101101010100101000011010011001100111111000000011111111011000000111101000110101101111111000000100010100100110100111011010010100010100010000000101111100001001000000011111 ;
b10000 E
b1010000101 3
1'
#12009600
0'
#12013200
0D
17
b11001001011010 @
b10000 E
b1010000110 3
1'
#12016800
0'
#12020400
07
b1101000101100101 @
1D
b10000 E
b1010000111 3
1'
#12024000
0'
#12027600
0D
1B
17
b1100001111001011 @
b10000 E
b1010001000 3
1'
#12031200
0'
#12034800
17
b10110011101110 @
0B
1D
b101 >
b10011000 :
b1011101010111011010110010001010010100110100111001000111111110100100110000100000010001011010101001010000110100110011001111110000000111111110110000001111010001101011011111110000001000101001001101001110110100101000101000100000001011111000010010000000111111 %
b1011101010111011010110010001010010100110100111001000111111110100100110000100000010001011010101001010000110100110011001111110000000111111110110000001111010001101011011111110000001000101001001101001110110100101000101000100000001011111000010010000000111111 6
b1011101010111011010110010001010010100110100111001000111111110100100110000100000010001011010101001010000110100110011001111110000000111111110110000001111010001101011011111110000001000101001001101001110110100101000101000100000001011111000010010000000111111 ;
b10000 E
b1010001001 3
1'
#12038400
0'
#12042000
0D
17
b1010010001110001 @
b10000 E
b1010001010 3
1'
#12045600
0'
#12049200
07
b1111101111001000 @
1D
b10000 E
b1010001011 3
1'
#12052800
0'
#12056400
0D
1B
07
b10011000101001 @
b10000 E
b1010001100 3
1'
#12060000
0'
#12063600
17
b110011111100100 @
0B
1D
0C
b110 >
b10011001 :
b10111010101110110101100100010100101001101001110010001111111101001001100001000000100010110101010010100001101001100110011111100000001111111101100000011110100011010110111111100000010001010010011010011101101001010001010001000000010111110000100100000001111111 %
b10111010101110110101100100010100101001101001110010001111111101001001100001000000100010110101010010100001101001100110011111100000001111111101100000011110100011010110111111100000010001010010011010011101101001010001010001000000010111110000100100000001111111 6
b10111010101110110101100100010100101001101001110010001111111101001001100001000000100010110101010010100001101001100110011111100000001111111101100000011110100011010110111111100000010001010010011010011101101001010001010001000000010111110000100100000001111111 ;
b10000 E
b1010001101 3
1'
#12067200
0'
#12070800
0D
1B
0A
07
b111010010010011 @
b10000 E
b1010001110 3
1'
#12074400
0'
#12078000
17
b1000010000010 @
0B
1D
0?
b0 >
b10011010 :
b101110101011101101011001000101001010011010011100100011111111010010011000010000001000101101010100101000011010011001100111111000000011111111011000000111101000110101101111111000000100010100100110100111011010010100010100010000000101111100001001000000011111110 %
b101110101011101101011001000101001010011010011100100011111111010010011000010000001000101101010100101000011010011001100111111000000011111111011000000111101000110101101111111000000100010100100110100111011010010100010100010000000101111100001001000000011111110 6
b101110101011101101011001000101001010011010011100100011111111010010011000010000001000101101010100101000011010011001100111111000000011111111011000000111101000110101101111111000000100010100100110100111011010010100010100010000000101111100001001000000011111110 ;
b10000 E
b1010001111 3
1'
#12081600
0'
#12085200
0D
1B
17
b1010001110100111 @
b10000 E
b1010010000 3
1'
#12088800
0'
#12092400
17
b100010000111 @
0B
1D
1C
b1 >
b10011011 :
b1011101010111011010110010001010010100110100111001000111111110100100110000100000010001011010101001010000110100110011001111110000000111111110110000001111010001101011011111110000001000101001001101001110110100101000101000100000001011111000010010000000111111100 %
b1011101010111011010110010001010010100110100111001000111111110100100110000100000010001011010101001010000110100110011001111110000000111111110110000001111010001101011011111110000001000101001001101001110110100101000101000100000001011111000010010000000111111100 6
b1011101010111011010110010001010010100110100111001000111111110100100110000100000010001011010101001010000110100110011001111110000000111111110110000001111010001101011011111110000001000101001001101001110110100101000101000100000001011111000010010000000111111100 ;
b10000 E
b1010010001 3
1'
#12096000
0'
#12099600
0D
07
b1111010011011111 @
b10000 E
b1010010010 3
1'
#12103200
0'
#12106800
17
b1110101001010000 @
1D
0C
b10000 E
b1010010011 3
1'
#12110400
0'
#12114000
0D
1B
17
b100010001010100 @
b10000 E
b1010010100 3
1'
#12117600
0'
#12121200
07
b1100101011000 @
0B
1D
1C
b10 >
b10011100 :
b111010101110110101100100010100101001101001110010001111111101001001100001000000100010110101010010100001101001100110011111100000001111111101100000011110100011010110111111100000010001010010011010011101101001010001010001000000010111110000100100000001111111000 %
b111010101110110101100100010100101001101001110010001111111101001001100001000000100010110101010010100001101001100110011111100000001111111101100000011110100011010110111111100000010001010010011010011101101001010001010001000000010111110000100100000001111111000 6
b111010101110110101100100010100101001101001110010001111111101001001100001000000100010110101010010100001101001100110011111100000001111111101100000011110100011010110111111100000010001010010011010011101101001010001010001000000010111110000100100000001111111000 ;
b10000 E
b1010010101 3
1'
#12124800
0'
#12128400
0D
1B
1A
17
b1010010110100010 @
b10000 E
b1010010110 3
1'
#12132000
0'
#12135600
07
b111110011000111 @
0B
1D
1?
b0 >
b10011101 :
b1110101011101101011001000101001010011010011100100011111111010010011000010000001000101101010100101000011010011001100111111000000011111111011000000111101000110101101111111000000100010100100110100111011010010100010100010000000101111100001001000000011111110001 %
b1110101011101101011001000101001010011010011100100011111111010010011000010000001000101101010100101000011010011001100111111000000011111111011000000111101000110101101111111000000100010100100110100111011010010100010100010000000101111100001001000000011111110001 6
b1110101011101101011001000101001010011010011100100011111111010010011000010000001000101101010100101000011010011001100111111000000011111111011000000111101000110101101111111000000100010100100110100111011010010100010100010000000101111100001001000000011111110001 ;
b10000 E
b1010010111 3
1'
#12139200
0'
#12142800
0D
1B
07
b10101110011111 @
b10000 E
b1010011000 3
1'
#12146400
0'
#12150000
17
b110101001101011 @
0B
1D
0C
b1 >
b10011110 :
b1101010111011010110010001010010100110100111001000111111110100100110000100000010001011010101001010000110100110011001111110000000111111110110000001111010001101011011111110000001000101001001101001110110100101000101000100000001011111000010010000000111111100011 %
b1101010111011010110010001010010100110100111001000111111110100100110000100000010001011010101001010000110100110011001111110000000111111110110000001111010001101011011111110000001000101001001101001110110100101000101000100000001011111000010010000000111111100011 6
b1101010111011010110010001010010100110100111001000111111110100100110000100000010001011010101001010000110100110011001111110000000111111110110000001111010001101011011111110000001000101001001101001110110100101000101000100000001011111000010010000000111111100011 ;
b10000 E
b1010011001 3
1'
#12153600
0'
#12157200
0D
1B
0A
17
b1010101010101011 @
b10000 E
b1010011010 3
1'
#12160800
0'
#12164400
17
b1111110010100010 @
0B
1D
1C
0?
b0 >
b10011111 :
b1010101110110101100100010100101001101001110010001111111101001001100001000000100010110101010010100001101001100110011111100000001111111101100000011110100011010110111111100000010001010010011010011101101001010001010001000000010111110000100100000001111111000110 %
b1010101110110101100100010100101001101001110010001111111101001001100001000000100010110101010010100001101001100110011111100000001111111101100000011110100011010110111111100000010001010010011010011101101001010001010001000000010111110000100100000001111111000110 6
b1010101110110101100100010100101001101001110010001111111101001001100001000000100010110101010010100001101001100110011111100000001111111101100000011110100011010110111111100000010001010010011010011101101001010001010001000000010111110000100100000001111111000110 ;
b10000 E
b1010011011 3
1'
#12168000
0'
#12171600
0D
07
b1111010101100 @
b10000 E
b1010011100 3
1'
#12175200
0'
#12178800
17
b111111111001100 @
1D
0C
b10000 E
b1010011101 3
1'
#12182400
0'
#12186000
0D
1B
07
b101111111001100 @
b10000 E
b1010011110 3
1'
#12189600
0'
#12193200
17
b100101011000 @
0B
1D
b1 >
b10100000 :
b101011101101011001000101001010011010011100100011111111010010011000010000001000101101010100101000011010011001100111111000000011111111011000000111101000110101101111111000000100010100100110100111011010010100010100010000000101111100001001000000011111110001100 %
b101011101101011001000101001010011010011100100011111111010010011000010000001000101101010100101000011010011001100111111000000011111111011000000111101000110101101111111000000100010100100110100111011010010100010100010000000101111100001001000000011111110001100 6
b101011101101011001000101001010011010011100100011111111010010011000010000001000101101010100101000011010011001100111111000000011111111011000000111101000110101101111111000000100010100100110100111011010010100010100010000000101111100001001000000011111110001100 ;
b10000 E
b1010011111 3
1'
#12196800
0'
#12200400
0D
1B
17
b1010100110000011 @
b10000 E
b1010100000 3
1'
#12204000
0'
#12207600
07
b1100000011 @
0B
1D
1C
b10 >
b10100001 :
b1010111011010110010001010010100110100111001000111111110100100110000100000010001011010101001010000110100110011001111110000000111111110110000001111010001101011011111110000001000101001001101001110110100101000101000100000001011111000010010000000111111100011000 %
b1010111011010110010001010010100110100111001000111111110100100110000100000010001011010101001010000110100110011001111110000000111111110110000001111010001101011011111110000001000101001001101001110110100101000101000100000001011111000010010000000111111100011000 6
b1010111011010110010001010010100110100111001000111111110100100110000100000010001011010101001010000110100110011001111110000000111111110110000001111010001101011011111110000001000101001001101001110110100101000101000100000001011111000010010000000111111100011000 ;
b10000 E
b1010100001 3
1'
#12211200
0'
#12214800
0D
1B
1A
17
b101011111001001 @
b10000 E
b1010100010 3
1'
#12218400
0'
#12222000
07
b1110001110001100 @
0B
1D
1?
b0 >
b10100010 :
b101110110101100100010100101001101001110010001111111101001001100001000000100010110101010010100001101001100110011111100000001111111101100000011110100011010110111111100000010001010010011010011101101001010001010001000000010111110000100100000001111111000110001 %
b101110110101100100010100101001101001110010001111111101001001100001000000100010110101010010100001101001100110011111100000001111111101100000011110100011010110111111100000010001010010011010011101101001010001010001000000010111110000100100000001111111000110001 6
b101110110101100100010100101001101001110010001111111101001001100001000000100010110101010010100001101001100110011111100000001111111101100000011110100011010110111111100000010001010010011010011101101001010001010001000000010111110000100100000001111111000110001 ;
b10000 E
b1010100011 3
1'
#12225600
0'
#12229200
0D
1B
07
b1000110010010010 @
b10000 E
b1010100100 3
1'
#12232800
0'
#12236400
17
b111111001101011 @
0B
1D
0C
b1 >
b10100011 :
b1011101101011001000101001010011010011100100011111111010010011000010000001000101101010100101000011010011001100111111000000011111111011000000111101000110101101111111000000100010100100110100111011010010100010100010000000101111100001001000000011111110001100011 %
b1011101101011001000101001010011010011100100011111111010010011000010000001000101101010100101000011010011001100111111000000011111111011000000111101000110101101111111000000100010100100110100111011010010100010100010000000101111100001001000000011111110001100011 6
b1011101101011001000101001010011010011100100011111111010010011000010000001000101101010100101000011010011001100111111000000011111111011000000111101000110101101111111000000100010100100110100111011010010100010100010000000101111100001001000000011111110001100011 ;
b10000 E
b1010100101 3
1'
#12240000
0'
#12243600
0D
1B
0A
17
b111010110010110 @
b10000 E
b1010100110 3
1'
#12247200
0'
#12250800
17
b10001111000110 @
0B
1D
1C
0?
b0 >
b10100100 :
b111011010110010001010010100110100111001000111111110100100110000100000010001011010101001010000110100110011001111110000000111111110110000001111010001101011011111110000001000101001001101001110110100101000101000100000001011111000010010000000111111100011000110 %
b111011010110010001010010100110100111001000111111110100100110000100000010001011010101001010000110100110011001111110000000111111110110000001111010001101011011111110000001000101001001101001110110100101000101000100000001011111000010010000000111111100011000110 6
b111011010110010001010010100110100111001000111111110100100110000100000010001011010101001010000110100110011001111110000000111111110110000001111010001101011011111110000001000101001001101001110110100101000101000100000001011111000010010000000111111100011000110 ;
b10000 E
b1010100111 3
1'
#12254400
0'
#12258000
0D
17
b100000010001101 @
b10000 E
b1010101000 3
1'
#12261600
0'
#12265200
07
b10111011011 @
1D
b10000 E
b1010101001 3
1'
#12268800
0'
#12272400
0D
1B
1A
07
b10000000011001 @
b10000 E
b1010101010 3
1'
#12276000
0'
#12279600
17
b1011100100001001 @
0B
1D
0C
1?
b10100101 :
b1110110101100100010100101001101001110010001111111101001001100001000000100010110101010010100001101001100110011111100000001111111101100000011110100011010110111111100000010001010010011010011101101001010001010001000000010111110000100100000001111111000110001101 %
b1110110101100100010100101001101001110010001111111101001001100001000000100010110101010010100001101001100110011111100000001111111101100000011110100011010110111111100000010001010010011010011101101001010001010001000000010111110000100100000001111111000110001101 6
b1110110101100100010100101001101001110010001111111101001001100001000000100010110101010010100001101001100110011111100000001111111101100000011110100011010110111111100000010001010010011010011101101001010001010001000000010111110000100100000001111111000110001101 ;
b10000 E
b1010101011 3
1'
#12283200
0'
#12286800
0D
1B
0A
07
b1110010000011000 @
b10000 E
b1010101100 3
1'
#12290400
0'
#12294000
07
b1111101010110001 @
0B
1D
0?
b10100110 :
b1101101011001000101001010011010011100100011111111010010011000010000001000101101010100101000011010011001100111111000000011111111011000000111101000110101101111111000000100010100100110100111011010010100010100010000000101111100001001000000011111110001100011010 %
b1101101011001000101001010011010011100100011111111010010011000010000001000101101010100101000011010011001100111111000000011111111011000000111101000110101101111111000000100010100100110100111011010010100010100010000000101111100001001000000011111110001100011010 6
b1101101011001000101001010011010011100100011111111010010011000010000001000101101010100101000011010011001100111111000000011111111011000000111101000110101101111111000000100010100100110100111011010010100010100010000000101111100001001000000011111110001100011010 ;
b10000 E
b1010101101 3
1'
#12297600
0'
#12301200
0D
17
b1110110001010011 @
b10000 E
b1010101110 3
1'
#12304800
0'
#12308400
17
b1111101100100111 @
1D
1C
b10000 E
b1010101111 3
1'
#12312000
0'
#12315600
0D
07
b10100111110111 @
b10000 E
b1010110000 3
1'
#12319200
0'
#12322800
17
b1001101110111101 @
1D
0C
b10000 E
b1010110001 3
1'
#12326400
0'
#12330000
0D
1B
17
b1011000000011011 @
b10000 E
b1010110010 3
1'
#12333600
0'
#12337200
17
b1111000010101 @
0B
1D
1C
b1 >
b10100111 :
b1011010110010001010010100110100111001000111111110100100110000100000010001011010101001010000110100110011001111110000000111111110110000001111010001101011011111110000001000101001001101001110110100101000101000100000001011111000010010000000111111100011000110100 %
b1011010110010001010010100110100111001000111111110100100110000100000010001011010101001010000110100110011001111110000000111111110110000001111010001101011011111110000001000101001001101001110110100101000101000100000001011111000010010000000111111100011000110100 6
b1011010110010001010010100110100111001000111111110100100110000100000010001011010101001010000110100110011001111110000000111111110110000001111010001101011011111110000001000101001001101001110110100101000101000100000001011111000010010000000111111100011000110100 ;
b10000 E
b1010110011 3
1'
#12340800
0'
#12344400
0D
17
b110000110101111 @
b10000 E
b1010110100 3
1'
#12348000
0'
#12351600
17
b110000101000001 @
1D
b10000 E
b1010110101 3
1'
#12355200
0'
#12358800
0D
07
b1011010001011100 @
b10000 E
b1010110110 3
1'
#12362400
0'
#12366000
07
b110010100010100 @
1D
0C
b10000 E
b1010110111 3
1'
#12369600
0'
#12373200
0D
17
b1001111010100011 @
b10000 E
b1010111000 3
1'
#12376800
0'
#12380400
07
b11111100101 @
1D
1C
b10000 E
b1010111001 3
1'
#12384000
0'
#12387600
0D
1B
1A
07
b1010111101001 @
b10000 E
b1010111010 3
1'
#12391200
0'
#12394800
07
b1110101110111011 @
0B
1D
0C
1?
b0 >
b10101000 :
b110101100100010100101001101001110010001111111101001001100001000000100010110101010010100001101001100110011111100000001111111101100000011110100011010110111111100000010001010010011010011101101001010001010001000000010111110000100100000001111111000110001101001 %
b110101100100010100101001101001110010001111111101001001100001000000100010110101010010100001101001100110011111100000001111111101100000011110100011010110111111100000010001010010011010011101101001010001010001000000010111110000100100000001111111000110001101001 6
b110101100100010100101001101001110010001111111101001001100001000000100010110101010010100001101001100110011111100000001111111101100000011110100011010110111111100000010001010010011010011101101001010001010001000000010111110000100100000001111111000110001101001 ;
b10000 E
b1010111011 3
1'
#12398400
0'
#12402000
0D
07
b10011001000101 @
b10000 E
b1010111100 3
1'
#12405600
0'
#12409200
07
b1010011101110011 @
1D
b10000 E
b1010111101 3
1'
#12412800
0'
#12416400
0D
17
b1011111100100100 @
b10000 E
b1010111110 3
1'
#12420000
0'
#12423600
17
b1111101011100110 @
1D
1C
b10000 E
b1010111111 3
1'
#12427200
0'
#12430800
0D
17
b101111010100 @
b10000 E
b1011000000 3
1'
#12434400
0'
#12438000
07
b1101111110110011 @
1D
b10000 E
b1011000001 3
1'
#12441600
0'
#12445200
0D
1B
17
b1000110110010100 @
b10000 E
b1011000010 3
1'
#12448800
0'
#12452400
07
b111001000000 @
0B
1D
b1 >
b10101001 :
b1101011001000101001010011010011100100011111111010010011000010000001000101101010100101000011010011001100111111000000011111111011000000111101000110101101111111000000100010100100110100111011010010100010100010000000101111100001001000000011111110001100011010011 %
b1101011001000101001010011010011100100011111111010010011000010000001000101101010100101000011010011001100111111000000011111111011000000111101000110101101111111000000100010100100110100111011010010100010100010000000101111100001001000000011111110001100011010011 6
b1101011001000101001010011010011100100011111111010010011000010000001000101101010100101000011010011001100111111000000011111111011000000111101000110101101111111000000100010100100110100111011010010100010100010000000101111100001001000000011111110001100011010011 ;
b10000 E
b1011000011 3
1'
#12456000
0'
#12459600
0D
1B
17
b1010010001001 @
b10000 E
b1011000100 3
1'
#12463200
0'
#12466800
17
b1010010010010000 @
0B
1D
b10 >
b10101010 :
b1010110010001010010100110100111001000111111110100100110000100000010001011010101001010000110100110011001111110000000111111110110000001111010001101011011111110000001000101001001101001110110100101000101000100000001011111000010010000000111111100011000110100111 %
b1010110010001010010100110100111001000111111110100100110000100000010001011010101001010000110100110011001111110000000111111110110000001111010001101011011111110000001000101001001101001110110100101000101000100000001011111000010010000000111111100011000110100111 6
b1010110010001010010100110100111001000111111110100100110000100000010001011010101001010000110100110011001111110000000111111110110000001111010001101011011111110000001000101001001101001110110100101000101000100000001011111000010010000000111111100011000110100111 ;
b10000 E
b1011000101 3
1'
#12470400
0'
#12474000
0D
17
b111110011111010 @
b10000 E
b1011000110 3
1'
#12477600
0'
#12481200
07
b100000110011010 @
1D
b10000 E
b1011000111 3
1'
#12484800
0'
#12488400
0D
1B
17
b101011001101011 @
b10000 E
b1011001000 3
1'
#12492000
0'
#12495600
17
b1100011100110101 @
0B
1D
b11 >
b10101011 :
b101100100010100101001101001110010001111111101001001100001000000100010110101010010100001101001100110011111100000001111111101100000011110100011010110111111100000010001010010011010011101101001010001010001000000010111110000100100000001111111000110001101001111 %
b101100100010100101001101001110010001111111101001001100001000000100010110101010010100001101001100110011111100000001111111101100000011110100011010110111111100000010001010010011010011101101001010001010001000000010111110000100100000001111111000110001101001111 6
b101100100010100101001101001110010001111111101001001100001000000100010110101010010100001101001100110011111100000001111111101100000011110100011010110111111100000010001010010011010011101101001010001010001000000010111110000100100000001111111000110001101001111 ;
b10000 E
b1011001001 3
1'
#12499200
0'
#12502800
0D
17
b1000001110100110 @
b10000 E
b1011001010 3
1'
#12506400
0'
#12510000
17
b1010010001001 @
1D
b10000 E
b1011001011 3
1'
#12513600
0'
#12517200
0D
07
b1011010010111101 @
b10000 E
b1011001100 3
1'
#12520800
0'
#12524400
07
b1000110010000101 @
1D
0C
b10000 E
b1011001101 3
1'
#12528000
0'
#12531600
0D
17
b11111111011100 @
b10000 E
b1011001110 3
1'
#12535200
0'
#12538800
07
b10010101000000 @
1D
1C
b10000 E
b1011001111 3
1'
#12542400
0'
#12546000
0D
1B
07
b1110101010110110 @
b10000 E
b1011010000 3
1'
#12549600
0'
#12553200
07
b1101111011111001 @
0B
1D
0C
b100 >
b10101100 :
b1011001000101001010011010011100100011111111010010011000010000001000101101010100101000011010011001100111111000000011111111011000000111101000110101101111111000000100010100100110100111011010010100010100010000000101111100001001000000011111110001100011010011111 %
b1011001000101001010011010011100100011111111010010011000010000001000101101010100101000011010011001100111111000000011111111011000000111101000110101101111111000000100010100100110100111011010010100010100010000000101111100001001000000011111110001100011010011111 6
b1011001000101001010011010011100100011111111010010011000010000001000101101010100101000011010011001100111111000000011111111011000000111101000110101101111111000000100010100100110100111011010010100010100010000000101111100001001000000011111110001100011010011111 ;
b10000 E
b1011010001 3
1'
#12556800
0'
#12560400
0D
07
b110001010010001 @
b10000 E
b1011010010 3
1'
#12564000
0'
#12567600
17
b1000111110101100 @
1D
b10000 E
b1011010011 3
1'
#12571200
0'
#12574800
0D
1B
0A
17
b1110010000010110 @
b10000 E
b1011010100 3
1'
#12578400
0'
#12582000
17
b1100111101111001 @
0B
1D
1C
0?
b0 >
b10101101 :
b110010001010010100110100111001000111111110100100110000100000010001011010101001010000110100110011001111110000000111111110110000001111010001101011011111110000001000101001001101001110110100101000101000100000001011111000010010000000111111100011000110100111110 %
b110010001010010100110100111001000111111110100100110000100000010001011010101001010000110100110011001111110000000111111110110000001111010001101011011111110000001000101001001101001110110100101000101000100000001011111000010010000000111111100011000110100111110 6
b110010001010010100110100111001000111111110100100110000100000010001011010101001010000110100110011001111110000000111111110110000001111010001101011011111110000001000101001001101001110110100101000101000100000001011111000010010000000111111100011000110100111110 ;
b10000 E
b1011010101 3
1'
#12585600
0'
#12589200
0D
07
b1010101101011 @
b10000 E
b1011010110 3
1'
#12592800
0'
#12596400
07
b110001001110101 @
1D
0C
b10000 E
b1011010111 3
1'
#12600000
0'
#12603600
0D
07
b111100011 @
b10000 E
b1011011000 3
1'
#12607200
0'
#12610800
17
b1111110000001110 @
1D
b10000 E
b1011011001 3
1'
#12614400
0'
#12618000
0D
1B
07
b11100001000011 @
b10000 E
b1011011010 3
1'
#12621600
0'
#12625200
17
b1111100100011010 @
0B
1D
b1 >
b10101110 :
b1100100010100101001101001110010001111111101001001100001000000100010110101010010100001101001100110011111100000001111111101100000011110100011010110111111100000010001010010011010011101101001010001010001000000010111110000100100000001111111000110001101001111100 %
b1100100010100101001101001110010001111111101001001100001000000100010110101010010100001101001100110011111100000001111111101100000011110100011010110111111100000010001010010011010011101101001010001010001000000010111110000100100000001111111000110001101001111100 6
b1100100010100101001101001110010001111111101001001100001000000100010110101010010100001101001100110011111100000001111111101100000011110100011010110111111100000010001010010011010011101101001010001010001000000010111110000100100000001111111000110001101001111100 ;
b10000 E
b1011011011 3
1'
#12628800
0'
#12632400
0D
1B
07
b101001000110010 @
b10000 E
b1011011100 3
1'
#12636000
0'
#12639600
07
b100101001110110 @
0B
1D
b10 >
b10101111 :
b1001000101001010011010011100100011111111010010011000010000001000101101010100101000011010011001100111111000000011111111011000000111101000110101101111111000000100010100100110100111011010010100010100010000000101111100001001000000011111110001100011010011111000 %
b1001000101001010011010011100100011111111010010011000010000001000101101010100101000011010011001100111111000000011111111011000000111101000110101101111111000000100010100100110100111011010010100010100010000000101111100001001000000011111110001100011010011111000 6
b1001000101001010011010011100100011111111010010011000010000001000101101010100101000011010011001100111111000000011111111011000000111101000110101101111111000000100010100100110100111011010010100010100010000000101111100001001000000011111110001100011010011111000 ;
b10000 E
b1011011101 3
1'
#12643200
0'
#12646800
0D
07
b1101001111011111 @
b10000 E
b1011011110 3
1'
#12650400
0'
#12654000
17
b1101011110000101 @
1D
b10000 E
b1011011111 3
1'
#12657600
0'
#12661200
0D
1B
07
b1100101010001101 @
b10000 E
b1011100000 3
1'
#12664800
0'
#12668400
17
b1111001010100011 @
0B
1D
b11 >
b10110000 :
b10001010010100110100111001000111111110100100110000100000010001011010101001010000110100110011001111110000000111111110110000001111010001101011011111110000001000101001001101001110110100101000101000100000001011111000010010000000111111100011000110100111110000 %
b10001010010100110100111001000111111110100100110000100000010001011010101001010000110100110011001111110000000111111110110000001111010001101011011111110000001000101001001101001110110100101000101000100000001011111000010010000000111111100011000110100111110000 6
b10001010010100110100111001000111111110100100110000100000010001011010101001010000110100110011001111110000000111111110110000001111010001101011011111110000001000101001001101001110110100101000101000100000001011111000010010000000111111100011000110100111110000 ;
b10000 E
b1011100001 3
1'
#12672000
0'
#12675600
0D
1B
07
b10110010011101 @
b10000 E
b1011100010 3
1'
#12679200
0'
#12682800
17
b1011011100010110 @
0B
1D
b100 >
b10110001 :
b100010100101001101001110010001111111101001001100001000000100010110101010010100001101001100110011111100000001111111101100000011110100011010110111111100000010001010010011010011101101001010001010001000000010111110000100100000001111111000110001101001111100000 %
b100010100101001101001110010001111111101001001100001000000100010110101010010100001101001100110011111100000001111111101100000011110100011010110111111100000010001010010011010011101101001010001010001000000010111110000100100000001111111000110001101001111100000 6
b100010100101001101001110010001111111101001001100001000000100010110101010010100001101001100110011111100000001111111101100000011110100011010110111111100000010001010010011010011101101001010001010001000000010111110000100100000001111111000110001101001111100000 ;
b10000 E
b1011100011 3
1'
#12686400
0'
#12690000
0D
1B
17
b110111100100101 @
b10000 E
b1011100100 3
1'
#12693600
0'
#12697200
07
b10110000100110 @
0B
1D
1C
b101 >
b10110010 :
b1000101001010011010011100100011111111010010011000010000001000101101010100101000011010011001100111111000000011111111011000000111101000110101101111111000000100010100100110100111011010010100010100010000000101111100001001000000011111110001100011010011111000000 %
b1000101001010011010011100100011111111010010011000010000001000101101010100101000011010011001100111111000000011111111011000000111101000110101101111111000000100010100100110100111011010010100010100010000000101111100001001000000011111110001100011010011111000000 6
b1000101001010011010011100100011111111010010011000010000001000101101010100101000011010011001100111111000000011111111011000000111101000110101101111111000000100010100100110100111011010010100010100010000000101111100001001000000011111110001100011010011111000000 ;
b10000 E
b1011100101 3
1'
#12700800
0'
#12704400
0D
1B
1A
17
b1100000111 @
b10000 E
b1011100110 3
1'
#12708000
0'
#12711600
17
b10011010001101 @
0B
1D
1?
b0 >
b10110011 :
b1010010100110100111001000111111110100100110000100000010001011010101001010000110100110011001111110000000111111110110000001111010001101011011111110000001000101001001101001110110100101000101000100000001011111000010010000000111111100011000110100111110000001 %
b1010010100110100111001000111111110100100110000100000010001011010101001010000110100110011001111110000000111111110110000001111010001101011011111110000001000101001001101001110110100101000101000100000001011111000010010000000111111100011000110100111110000001 6
b1010010100110100111001000111111110100100110000100000010001011010101001010000110100110011001111110000000111111110110000001111010001101011011111110000001000101001001101001110110100101000101000100000001011111000010010000000111111100011000110100111110000001 ;
b10000 E
b1011100111 3
1'
#12715200
0'
#12718800
0D
17
b1011000011101000 @
b10000 E
b1011101000 3
1'
#12722400
0'
#12726000
17
b110011110001 @
1D
b10000 E
b1011101001 3
1'
#12729600
0'
#12733200
0D
17
b110001010110010 @
b10000 E
b1011101010 3
1'
#12736800
0'
#12740400
07
b1101101100010100 @
1D
b10000 E
b1011101011 3
1'
#12744000
0'
#12747600
0D
1B
07
b1001000100101001 @
b10000 E
b1011101100 3
1'
#12751200
0'
#12754800
07
b1010101110100001 @
0B
1D
0C
b1 >
b10110100 :
b10100101001101001110010001111111101001001100001000000100010110101010010100001101001100110011111100000001111111101100000011110100011010110111111100000010001010010011010011101101001010001010001000000010111110000100100000001111111000110001101001111100000011 %
b10100101001101001110010001111111101001001100001000000100010110101010010100001101001100110011111100000001111111101100000011110100011010110111111100000010001010010011010011101101001010001010001000000010111110000100100000001111111000110001101001111100000011 6
b10100101001101001110010001111111101001001100001000000100010110101010010100001101001100110011111100000001111111101100000011110100011010110111111100000010001010010011010011101101001010001010001000000010111110000100100000001111111000110001101001111100000011 ;
b10000 E
b1011101101 3
1'
#12758400
0'
#12762000
0D
07
b100010100111011 @
b10000 E
b1011101110 3
1'
#12765600
0'
#12769200
17
b10101100100101 @
1D
b10000 E
b1011101111 3
1'
#12772800
0'
#12776400
0D
1B
0A
07
b1110001100111 @
b10000 E
b1011110000 3
1'
#12780000
0'
#12783600
07
b1010010111010001 @
0B
1D
0?
b0 >
b10110101 :
b101001010011010011100100011111111010010011000010000001000101101010100101000011010011001100111111000000011111111011000000111101000110101101111111000000100010100100110100111011010010100010100010000000101111100001001000000011111110001100011010011111000000110 %
b101001010011010011100100011111111010010011000010000001000101101010100101000011010011001100111111000000011111111011000000111101000110101101111111000000100010100100110100111011010010100010100010000000101111100001001000000011111110001100011010011111000000110 6
b101001010011010011100100011111111010010011000010000001000101101010100101000011010011001100111111000000011111111011000000111101000110101101111111000000100010100100110100111011010010100010100010000000101111100001001000000011111110001100011010011111000000110 ;
b10000 E
b1011110001 3
1'
#12787200
0'
#12790800
0D
07
b110000110001010 @
b10000 E
b1011110010 3
1'
#12794400
0'
#12798000
07
b100111001010110 @
1D
b10000 E
b1011110011 3
1'
#12801600
0'
#12805200
0D
07
b10010110 @
b10000 E
b1011110100 3
1'
#12808800
0'
#12812400
17
b1100010011000011 @
1D
b10000 E
b1011110101 3
1'
#12816000
0'
#12819600
0D
1B
17
b1100111101111010 @
b10000 E
b1011110110 3
1'
#12823200
0'
#12826800
17
b1011010110000111 @
0B
1D
1C
b1 >
b10110110 :
b1010010100110100111001000111111110100100110000100000010001011010101001010000110100110011001111110000000111111110110000001111010001101011011111110000001000101001001101001110110100101000101000100000001011111000010010000000111111100011000110100111110000001100 %
b1010010100110100111001000111111110100100110000100000010001011010101001010000110100110011001111110000000111111110110000001111010001101011011111110000001000101001001101001110110100101000101000100000001011111000010010000000111111100011000110100111110000001100 6
b1010010100110100111001000111111110100100110000100000010001011010101001010000110100110011001111110000000111111110110000001111010001101011011111110000001000101001001101001110110100101000101000100000001011111000010010000000111111100011000110100111110000001100 ;
b10000 E
b1011110111 3
1'
#12830400
0'
#12834000
0D
17
b111100001001010 @
b10000 E
b1011111000 3
1'
#12837600
0'
#12841200
17
b11101000010110 @
1D
b10000 E
b1011111001 3
1'
#12844800
0'
#12848400
0D
17
b10110000100010 @
b10000 E
b1011111010 3
1'
#12852000
0'
#12855600
07
b111111001101010 @
1D
b10000 E
b1011111011 3
1'
#12859200
0'
#12862800
0D
1B
1A
17
b1001000101100101 @
b10000 E
b1011111100 3
1'
#12866400
0'
#12870000
07
b110010110000111 @
0B
1D
1?
b0 >
b10110111 :
b100101001101001110010001111111101001001100001000000100010110101010010100001101001100110011111100000001111111101100000011110100011010110111111100000010001010010011010011101101001010001010001000000010111110000100100000001111111000110001101001111100000011001 %
b100101001101001110010001111111101001001100001000000100010110101010010100001101001100110011111100000001111111101100000011110100011010110111111100000010001010010011010011101101001010001010001000000010111110000100100000001111111000110001101001111100000011001 6
b100101001101001110010001111111101001001100001000000100010110101010010100001101001100110011111100000001111111101100000011110100011010110111111100000010001010010011010011101101001010001010001000000010111110000100100000001111111000110001101001111100000011001 ;
b10000 E
b1011111101 3
1'
#12873600
0'
#12877200
0D
1B
07
b11100001100100 @
b10000 E
b1011111110 3
1'
#12880800
0'
#12884400
07
b1010001000000111 @
0B
1D
0C
b1 >
b10111000 :
b1001010011010011100100011111111010010011000010000001000101101010100101000011010011001100111111000000011111111011000000111101000110101101111111000000100010100100110100111011010010100010100010000000101111100001001000000011111110001100011010011111000000110011 %
b1001010011010011100100011111111010010011000010000001000101101010100101000011010011001100111111000000011111111011000000111101000110101101111111000000100010100100110100111011010010100010100010000000101111100001001000000011111110001100011010011111000000110011 6
b1001010011010011100100011111111010010011000010000001000101101010100101000011010011001100111111000000011111111011000000111101000110101101111111000000100010100100110100111011010010100010100010000000101111100001001000000011111110001100011010011111000000110011 ;
b10000 E
b1011111111 3
1'
#12888000
0'
#12891600
0D
17
b1111011010100100 @
b10000 E
b1100000000 3
1'
#12895200
0'
#12898800
17
b110000111000 @
1D
1C
b10000 E
b1100000001 3
1'
#12902400
0'
#12906000
0D
07
b11110110111100 @
b10000 E
b1100000010 3
1'
#12909600
0'
#12913200
07
b1001101000100001 @
1D
0C
b10000 E
b1100000011 3
1'
#12916800
0'
#12920400
0D
07
b100010110100001 @
b10000 E
b1100000100 3
1'
#12924000
0'
#12927600
17
b100110011000000 @
1D
b10000 E
b1100000101 3
1'
#12931200
0'
#12934800
0D
1B
0A
07
b101100011101100 @
b10000 E
b1100000110 3
1'
#12938400
0'
#12942000
07
b1001000001111 @
0B
1D
0?
b0 >
b10111001 :
b10100110100111001000111111110100100110000100000010001011010101001010000110100110011001111110000000111111110110000001111010001101011011111110000001000101001001101001110110100101000101000100000001011111000010010000000111111100011000110100111110000001100110 %
b10100110100111001000111111110100100110000100000010001011010101001010000110100110011001111110000000111111110110000001111010001101011011111110000001000101001001101001110110100101000101000100000001011111000010010000000111111100011000110100111110000001100110 6
b10100110100111001000111111110100100110000100000010001011010101001010000110100110011001111110000000111111110110000001111010001101011011111110000001000101001001101001110110100101000101000100000001011111000010010000000111111100011000110100111110000001100110 ;
b10000 E
b1100000111 3
1'
#12945600
0'
#12949200
0D
17
b1100111011000011 @
b10000 E
b1100001000 3
1'
#12952800
0'
#12956400
07
b1011101010000110 @
1D
1C
b10000 E
b1100001001 3
1'
#12960000
0'
#12963600
0D
1B
1A
17
b110111010001011 @
b10000 E
b1100001010 3
1'
#12967200
0'
#12970800
07
b10010110101011 @
0B
1D
1?
b10111010 :
b101001101001110010001111111101001001100001000000100010110101010010100001101001100110011111100000001111111101100000011110100011010110111111100000010001010010011010011101101001010001010001000000010111110000100100000001111111000110001101001111100000011001101 %
b101001101001110010001111111101001001100001000000100010110101010010100001101001100110011111100000001111111101100000011110100011010110111111100000010001010010011010011101101001010001010001000000010111110000100100000001111111000110001101001111100000011001101 6
b101001101001110010001111111101001001100001000000100010110101010010100001101001100110011111100000001111111101100000011110100011010110111111100000010001010010011010011101101001010001010001000000010111110000100100000001111111000110001101001111100000011001101 ;
b10000 E
b1100001011 3
1'
#12974400
0'
#12978000
0D
1B
17
b1111101001100111 @
b10000 E
b1100001100 3
1'
#12981600
0'
#12985200
07
b111000101000111 @
0B
1D
b1 >
b10111011 :
b1010011010011100100011111111010010011000010000001000101101010100101000011010011001100111111000000011111111011000000111101000110101101111111000000100010100100110100111011010010100010100010000000101111100001001000000011111110001100011010011111000000110011011 %
b1010011010011100100011111111010010011000010000001000101101010100101000011010011001100111111000000011111111011000000111101000110101101111111000000100010100100110100111011010010100010100010000000101111100001001000000011111110001100011010011111000000110011011 6
b1010011010011100100011111111010010011000010000001000101101010100101000011010011001100111111000000011111111011000000111101000110101101111111000000100010100100110100111011010010100010100010000000101111100001001000000011111110001100011010011111000000110011011 ;
b10000 E
b1100001101 3
1'
#12988800
0'
#12992400
0D
1B
07
b111011100010010 @
b10000 E
b1100001110 3
1'
#12996000
0'
#12999600
07
b100011100001001 @
0B
1D
0C
b10 >
b10111100 :
b100110100111001000111111110100100110000100000010001011010101001010000110100110011001111110000000111111110110000001111010001101011011111110000001000101001001101001110110100101000101000100000001011111000010010000000111111100011000110100111110000001100110111 %
b100110100111001000111111110100100110000100000010001011010101001010000110100110011001111110000000111111110110000001111010001101011011111110000001000101001001101001110110100101000101000100000001011111000010010000000111111100011000110100111110000001100110111 6
b100110100111001000111111110100100110000100000010001011010101001010000110100110011001111110000000111111110110000001111010001101011011111110000001000101001001101001110110100101000101000100000001011111000010010000000111111100011000110100111110000001100110111 ;
b10000 E
b1100001111 3
1'
#13003200
0'
#13006800
0D
07
b1000101111101101 @
b10000 E
b1100010000 3
1'
#13010400
0'
#13014000
17
b111100101110100 @
1D
b10000 E
b1100010001 3
1'
#13017600
0'
#13021200
0D
1B
0A
07
b10001010100110 @
b10000 E
b1100010010 3
1'
#13024800
0'
#13028400
17
b100100010111001 @
0B
1D
0?
b0 >
b10111101 :
b1001101001110010001111111101001001100001000000100010110101010010100001101001100110011111100000001111111101100000011110100011010110111111100000010001010010011010011101101001010001010001000000010111110000100100000001111111000110001101001111100000011001101110 %
b1001101001110010001111111101001001100001000000100010110101010010100001101001100110011111100000001111111101100000011110100011010110111111100000010001010010011010011101101001010001010001000000010111110000100100000001111111000110001101001111100000011001101110 6
b1001101001110010001111111101001001100001000000100010110101010010100001101001100110011111100000001111111101100000011110100011010110111111100000010001010010011010011101101001010001010001000000010111110000100100000001111111000110001101001111100000011001101110 ;
b10000 E
b1100010011 3
1'
#13032000
0'
#13035600
0D
1B
07
b11111010110101 @
b10000 E
b1100010100 3
1'
#13039200
0'
#13042800
07
b11000000010010 @
0B
1D
b1 >
b10111110 :
b11010011100100011111111010010011000010000001000101101010100101000011010011001100111111000000011111111011000000111101000110101101111111000000100010100100110100111011010010100010100010000000101111100001001000000011111110001100011010011111000000110011011100 %
b11010011100100011111111010010011000010000001000101101010100101000011010011001100111111000000011111111011000000111101000110101101111111000000100010100100110100111011010010100010100010000000101111100001001000000011111110001100011010011111000000110011011100 6
b11010011100100011111111010010011000010000001000101101010100101000011010011001100111111000000011111111011000000111101000110101101111111000000100010100100110100111011010010100010100010000000101111100001001000000011111110001100011010011111000000110011011100 ;
b10000 E
b1100010101 3
1'
#13046400
0'
#13050000
0D
07
b1010100010111001 @
b10000 E
b1100010110 3
1'
#13053600
0'
#13057200
17
b1001111100000001 @
1D
b10000 E
b1100010111 3
1'
#13060800
0'
#13064400
0D
1B
07
b100110100111010 @
b10000 E
b1100011000 3
1'
#13068000
0'
#13071600
17
b1010001011101011 @
0B
1D
b10 >
b10111111 :
b110100111001000111111110100100110000100000010001011010101001010000110100110011001111110000000111111110110000001111010001101011011111110000001000101001001101001110110100101000101000100000001011111000010010000000111111100011000110100111110000001100110111000 %
b110100111001000111111110100100110000100000010001011010101001010000110100110011001111110000000111111110110000001111010001101011011111110000001000101001001101001110110100101000101000100000001011111000010010000000111111100011000110100111110000001100110111000 6
b110100111001000111111110100100110000100000010001011010101001010000110100110011001111110000000111111110110000001111010001101011011111110000001000101001001101001110110100101000101000100000001011111000010010000000111111100011000110100111110000001100110111000 ;
b10000 E
b1100011001 3
1'
#13075200
0'
#13078800
0D
1B
07
b11100000011001 @
b10000 E
b1100011010 3
1'
#13082400
0'
#13086000
07
b1010001111101101 @
0B
1D
b11 >
b11000000 :
b1101001110010001111111101001001100001000000100010110101010010100001101001100110011111100000001111111101100000011110100011010110111111100000010001010010011010011101101001010001010001000000010111110000100100000001111111000110001101001111100000011001101110000 %
b1101001110010001111111101001001100001000000100010110101010010100001101001100110011111100000001111111101100000011110100011010110111111100000010001010010011010011101101001010001010001000000010111110000100100000001111111000110001101001111100000011001101110000 6
b1101001110010001111111101001001100001000000100010110101010010100001101001100110011111100000001111111101100000011110100011010110111111100000010001010010011010011101101001010001010001000000010111110000100100000001111111000110001101001111100000011001101110000 ;
b10000 E
b1100011011 3
1'
#13089600
0'
#13093200
0D
07
b1011110110101001 @
b10000 E
b1100011100 3
1'
#13096800
0'
#13100400
17
b100101001001110 @
1D
b10000 E
b1100011101 3
1'
#13104000
0'
#13107600
0D
1B
17
b100101101101000 @
b10000 E
b1100011110 3
1'
#13111200
0'
#13114800
07
b11101000011000 @
0B
1D
1C
b100 >
b11000001 :
b1010011100100011111111010010011000010000001000101101010100101000011010011001100111111000000011111111011000000111101000110101101111111000000100010100100110100111011010010100010100010000000101111100001001000000011111110001100011010011111000000110011011100000 %
b1010011100100011111111010010011000010000001000101101010100101000011010011001100111111000000011111111011000000111101000110101101111111000000100010100100110100111011010010100010100010000000101111100001001000000011111110001100011010011111000000110011011100000 6
b1010011100100011111111010010011000010000001000101101010100101000011010011001100111111000000011111111011000000111101000110101101111111000000100010100100110100111011010010100010100010000000101111100001001000000011111110001100011010011111000000110011011100000 ;
b10000 E
b1100011111 3
1'
#13118400
0'
#13122000
0D
1B
1A
17
b1101100011101100 @
b10000 E
b1100100000 3
1'
#13125600
0'
#13129200
17
b1010000111011 @
0B
1D
1?
b0 >
b11000010 :
b100111001000111111110100100110000100000010001011010101001010000110100110011001111110000000111111110110000001111010001101011011111110000001000101001001101001110110100101000101000100000001011111000010010000000111111100011000110100111110000001100110111000001 %
b100111001000111111110100100110000100000010001011010101001010000110100110011001111110000000111111110110000001111010001101011011111110000001000101001001101001110110100101000101000100000001011111000010010000000111111100011000110100111110000001100110111000001 6
b100111001000111111110100100110000100000010001011010101001010000110100110011001111110000000111111110110000001111010001101011011111110000001000101001001101001110110100101000101000100000001011111000010010000000111111100011000110100111110000001100110111000001 ;
b10000 E
b1100100001 3
1'
#13132800
0'
#13136400
0D
17
b1101010101100011 @
b10000 E
b1100100010 3
1'
#13140000
0'
#13143600
17
b100100110110010 @
1D
b10000 E
b1100100011 3
1'
#13147200
0'
#13150800
0D
07
b101010101111011 @
b10000 E
b1100100100 3
1'
#13154400
0'
#13158000
07
b1111100110011001 @
1D
0C
b10000 E
b1100100101 3
1'
#13161600
0'
#13165200
0D
07
b1100101110000 @
b10000 E
b1100100110 3
1'
#13168800
0'
#13172400
07
b1100011011001111 @
1D
b10000 E
b1100100111 3
1'
#13176000
0'
#13179600
0D
07
b111001001100101 @
b10000 E
b1100101000 3
1'
#13183200
0'
#13186800
07
b1010011101110 @
1D
b10000 E
b1100101001 3
1'
#13190400
0'
#13194000
0D
07
b1110011000010101 @
b10000 E
b1100101010 3
1'
#13197600
0'
#13201200
07
b1000100000000110 @
1D
b10000 E
b1100101011 3
1'
#13204800
0'
#13208400
0D
07
b1101010011100111 @
b10000 E
b1100101100 3
1'
#13212000
0'
#13215600
17
b1100101101000100 @
1D
b10000 E
b1100101101 3
1'
#13219200
0'
#13222800
0D
1B
0A
07
b10011110011001 @
b10000 E
b1100101110 3
1'
#13226400
0'
#13230000
07
b10110000101010 @
0B
1D
0?
b11000011 :
b1001110010001111111101001001100001000000100010110101010010100001101001100110011111100000001111111101100000011110100011010110111111100000010001010010011010011101101001010001010001000000010111110000100100000001111111000110001101001111100000011001101110000010 %
b1001110010001111111101001001100001000000100010110101010010100001101001100110011111100000001111111101100000011110100011010110111111100000010001010010011010011101101001010001010001000000010111110000100100000001111111000110001101001111100000011001101110000010 6
b1001110010001111111101001001100001000000100010110101010010100001101001100110011111100000001111111101100000011110100011010110111111100000010001010010011010011101101001010001010001000000010111110000100100000001111111000110001101001111100000011001101110000010 ;
b10000 E
b1100101111 3
1'
#13233600
0'
#13237200
0D
07
b1000011011000010 @
b10000 E
b1100110000 3
1'
#13240800
0'
#13244400
17
b1101101111001000 @
1D
b10000 E
b1100110001 3
1'
#13248000
0'
#13251600
0D
1B
07
b1100010000001110 @
b10000 E
b1100110010 3
1'
#13255200
0'
#13258800
17
b1010011001011 @
0B
1D
b1 >
b11000100 :
b11100100011111111010010011000010000001000101101010100101000011010011001100111111000000011111111011000000111101000110101101111111000000100010100100110100111011010010100010100010000000101111100001001000000011111110001100011010011111000000110011011100000100 %
b11100100011111111010010011000010000001000101101010100101000011010011001100111111000000011111111011000000111101000110101101111111000000100010100100110100111011010010100010100010000000101111100001001000000011111110001100011010011111000000110011011100000100 6
b11100100011111111010010011000010000001000101101010100101000011010011001100111111000000011111111011000000111101000110101101111111000000100010100100110100111011010010100010100010000000101111100001001000000011111110001100011010011111000000110011011100000100 ;
b10000 E
b1100110011 3
1'
#13262400
0'
#13266000
0D
1B
07
b110101011011101 @
b10000 E
b1100110100 3
1'
#13269600
0'
#13273200
17
b1011100111011011 @
0B
1D
b10 >
b11000101 :
b111001000111111110100100110000100000010001011010101001010000110100110011001111110000000111111110110000001111010001101011011111110000001000101001001101001110110100101000101000100000001011111000010010000000111111100011000110100111110000001100110111000001000 %
b111001000111111110100100110000100000010001011010101001010000110100110011001111110000000111111110110000001111010001101011011111110000001000101001001101001110110100101000101000100000001011111000010010000000111111100011000110100111110000001100110111000001000 6
b111001000111111110100100110000100000010001011010101001010000110100110011001111110000000111111110110000001111010001101011011111110000001000101001001101001110110100101000101000100000001011111000010010000000111111100011000110100111110000001100110111000001000 ;
b10000 E
b1100110101 3
1'
#13276800
0'
#13280400
0D
1B
07
b1010111100000110 @
b10000 E
b1100110110 3
1'
#13284000
0'
#13287600
17
b1001001000000110 @
0B
1D
b11 >
b11000110 :
b1110010001111111101001001100001000000100010110101010010100001101001100110011111100000001111111101100000011110100011010110111111100000010001010010011010011101101001010001010001000000010111110000100100000001111111000110001101001111100000011001101110000010000 %
b1110010001111111101001001100001000000100010110101010010100001101001100110011111100000001111111101100000011110100011010110111111100000010001010010011010011101101001010001010001000000010111110000100100000001111111000110001101001111100000011001101110000010000 6
b1110010001111111101001001100001000000100010110101010010100001101001100110011111100000001111111101100000011110100011010110111111100000010001010010011010011101101001010001010001000000010111110000100100000001111111000110001101001111100000011001101110000010000 ;
b10000 E
b1100110111 3
1'
#13291200
0'
#13294800
0D
1B
17
b1011110110111100 @
b10000 E
b1100111000 3
1'
#13298400
0'
#13302000
17
b1110000010001011 @
0B
1D
1C
b100 >
b11000111 :
b1100100011111111010010011000010000001000101101010100101000011010011001100111111000000011111111011000000111101000110101101111111000000100010100100110100111011010010100010100010000000101111100001001000000011111110001100011010011111000000110011011100000100000 %
b1100100011111111010010011000010000001000101101010100101000011010011001100111111000000011111111011000000111101000110101101111111000000100010100100110100111011010010100010100010000000101111100001001000000011111110001100011010011111000000110011011100000100000 6
b1100100011111111010010011000010000001000101101010100101000011010011001100111111000000011111111011000000111101000110101101111111000000100010100100110100111011010010100010100010000000101111100001001000000011111110001100011010011111000000110011011100000100000 ;
b10000 E
b1100111001 3
1'
#13305600
0'
#13309200
0D
17
b1001001000111001 @
b10000 E
b1100111010 3
1'
#13312800
0'
#13316400
07
b1001110011010111 @
1D
b10000 E
b1100111011 3
1'
#13320000
0'
#13323600
0D
1B
1A
07
b1001100100001010 @
b10000 E
b1100111100 3
1'
#13327200
0'
#13330800
07
b1011111110011000 @
0B
1D
0C
1?
b0 >
b11001000 :
b1001000111111110100100110000100000010001011010101001010000110100110011001111110000000111111110110000001111010001101011011111110000001000101001001101001110110100101000101000100000001011111000010010000000111111100011000110100111110000001100110111000001000001 %
b1001000111111110100100110000100000010001011010101001010000110100110011001111110000000111111110110000001111010001101011011111110000001000101001001101001110110100101000101000100000001011111000010010000000111111100011000110100111110000001100110111000001000001 6
b1001000111111110100100110000100000010001011010101001010000110100110011001111110000000111111110110000001111010001101011011111110000001000101001001101001110110100101000101000100000001011111000010010000000111111100011000110100111110000001100110111000001000001 ;
b10000 E
b1100111101 3
1'
#13334400
0'
#13338000
0D
07
b10111000011101 @
b10000 E
b1100111110 3
1'
#13341600
0'
#13345200
17
b11001010101111 @
1D
b10000 E
b1100111111 3
1'
#13348800
0'
#13352400
0D
1B
0A
07
b1100110011010111 @
b10000 E
b1101000000 3
1'
#13356000
0'
#13359600
07
b1001101100010011 @
0B
1D
0?
b11001001 :
b10001111111101001001100001000000100010110101010010100001101001100110011111100000001111111101100000011110100011010110111111100000010001010010011010011101101001010001010001000000010111110000100100000001111111000110001101001111100000011001101110000010000010 %
b10001111111101001001100001000000100010110101010010100001101001100110011111100000001111111101100000011110100011010110111111100000010001010010011010011101101001010001010001000000010111110000100100000001111111000110001101001111100000011001101110000010000010 6
b10001111111101001001100001000000100010110101010010100001101001100110011111100000001111111101100000011110100011010110111111100000010001010010011010011101101001010001010001000000010111110000100100000001111111000110001101001111100000011001101110000010000010 ;
b10000 E
b1101000001 3
1'
#13363200
0'
#13366800
0D
17
b1001001001001000 @
b10000 E
b1101000010 3
1'
#13370400
0'
#13374000
17
b1000010101010 @
1D
1C
b10000 E
b1101000011 3
1'
#13377600
0'
#13381200
0D
07
b1011100100010000 @
b10000 E
b1101000100 3
1'
#13384800
0'
#13388400
17
b1101001001110011 @
1D
0C
b10000 E
b1101000101 3
1'
#13392000
0'
#13395600
0D
1B
17
b11011010011011 @
b10000 E
b1101000110 3
1'
#13399200
0'
#13402800
17
b1100011111110011 @
0B
1D
1C
b1 >
b11001010 :
b100011111111010010011000010000001000101101010100101000011010011001100111111000000011111111011000000111101000110101101111111000000100010100100110100111011010010100010100010000000101111100001001000000011111110001100011010011111000000110011011100000100000100 %
b100011111111010010011000010000001000101101010100101000011010011001100111111000000011111111011000000111101000110101101111111000000100010100100110100111011010010100010100010000000101111100001001000000011111110001100011010011111000000110011011100000100000100 6
b100011111111010010011000010000001000101101010100101000011010011001100111111000000011111111011000000111101000110101101111111000000100010100100110100111011010010100010100010000000101111100001001000000011111110001100011010011111000000110011011100000100000100 ;
b10000 E
b1101000111 3
1'
#13406400
0'
#13410000
0D
17
b10000110101000 @
b10000 E
b1101001000 3
1'
#13413600
0'
#13417200
07
b101100001100001 @
1D
b10000 E
b1101001001 3
1'
#13420800
0'
#13424400
0D
1B
1A
17
b1010011111010100 @
b10000 E
b1101001010 3
1'
#13428000
0'
#13431600
07
b1101110001011110 @
0B
1D
1?
b0 >
b11001011 :
b1000111111110100100110000100000010001011010101001010000110100110011001111110000000111111110110000001111010001101011011111110000001000101001001101001110110100101000101000100000001011111000010010000000111111100011000110100111110000001100110111000001000001001 %
b1000111111110100100110000100000010001011010101001010000110100110011001111110000000111111110110000001111010001101011011111110000001000101001001101001110110100101000101000100000001011111000010010000000111111100011000110100111110000001100110111000001000001001 6
b1000111111110100100110000100000010001011010101001010000110100110011001111110000000111111110110000001111010001101011011111110000001000101001001101001110110100101000101000100000001011111000010010000000111111100011000110100111110000001100110111000001000001001 ;
b10000 E
b1101001011 3
1'
#13435200
0'
#13438800
0D
1B
07
b101010001000 @
b10000 E
b1101001100 3
1'
#13442400
0'
#13446000
17
b1110100100111001 @
0B
1D
0C
b1 >
b11001100 :
b1111111101001001100001000000100010110101010010100001101001100110011111100000001111111101100000011110100011010110111111100000010001010010011010011101101001010001010001000000010111110000100100000001111111000110001101001111100000011001101110000010000010011 %
b1111111101001001100001000000100010110101010010100001101001100110011111100000001111111101100000011110100011010110111111100000010001010010011010011101101001010001010001000000010111110000100100000001111111000110001101001111100000011001101110000010000010011 6
b1111111101001001100001000000100010110101010010100001101001100110011111100000001111111101100000011110100011010110111111100000010001010010011010011101101001010001010001000000010111110000100100000001111111000110001101001111100000011001101110000010000010011 ;
b10000 E
b1101001101 3
1'
#13449600
0'
#13453200
0D
1B
0A
07
b10001100101111 @
b10000 E
b1101001110 3
1'
#13456800
0'
#13460400
17
b1000011111000100 @
0B
1D
0?
b0 >
b11001101 :
b11111111010010011000010000001000101101010100101000011010011001100111111000000011111111011000000111101000110101101111111000000100010100100110100111011010010100010100010000000101111100001001000000011111110001100011010011111000000110011011100000100000100110 %
b11111111010010011000010000001000101101010100101000011010011001100111111000000011111111011000000111101000110101101111111000000100010100100110100111011010010100010100010000000101111100001001000000011111110001100011010011111000000110011011100000100000100110 6
b11111111010010011000010000001000101101010100101000011010011001100111111000000011111111011000000111101000110101101111111000000100010100100110100111011010010100010100010000000101111100001001000000011111110001100011010011111000000110011011100000100000100110 ;
b10000 E
b1101001111 3
1'
#13464000
0'
#13467600
0D
1B
17
b1100111110111100 @
b10000 E
b1101010000 3
1'
#13471200
0'
#13474800
07
b111001111010 @
0B
1D
1C
b1 >
b11001110 :
b111111110100100110000100000010001011010101001010000110100110011001111110000000111111110110000001111010001101011011111110000001000101001001101001110110100101000101000100000001011111000010010000000111111100011000110100111110000001100110111000001000001001100 %
b111111110100100110000100000010001011010101001010000110100110011001111110000000111111110110000001111010001101011011111110000001000101001001101001110110100101000101000100000001011111000010010000000111111100011000110100111110000001100110111000001000001001100 6
b111111110100100110000100000010001011010101001010000110100110011001111110000000111111110110000001111010001101011011111110000001000101001001101001110110100101000101000100000001011111000010010000000111111100011000110100111110000001100110111000001000001001100 ;
b10000 E
b1101010001 3
1'
#13478400
0'
#13482000
0D
1B
1A
17
b1101001000011100 @
b10000 E
b1101010010 3
1'
#13485600
0'
#13489200
17
b10000100000001 @
0B
1D
1?
b0 >
b11001111 :
b1111111101001001100001000000100010110101010010100001101001100110011111100000001111111101100000011110100011010110111111100000010001010010011010011101101001010001010001000000010111110000100100000001111111000110001101001111100000011001101110000010000010011001 %
b1111111101001001100001000000100010110101010010100001101001100110011111100000001111111101100000011110100011010110111111100000010001010010011010011101101001010001010001000000010111110000100100000001111111000110001101001111100000011001101110000010000010011001 6
b1111111101001001100001000000100010110101010010100001101001100110011111100000001111111101100000011110100011010110111111100000010001010010011010011101101001010001010001000000010111110000100100000001111111000110001101001111100000011001101110000010000010011001 ;
b10000 E
b1101010011 3
1'
#13492800
0'
#13496400
0D
07
b1100111101100101 @
b10000 E
b1101010100 3
1'
#13500000
0'
#13503600
17
b1100001001100000 @
1D
0C
b10000 E
b1101010101 3
1'
#13507200
0'
#13510800
0D
1B
0A
07
b10100111111 @
b10000 E
b1101010110 3
1'
#13514400
0'
#13518000
17
b1110011010110100 @
0B
1D
0?
b11010000 :
b1111111010010011000010000001000101101010100101000011010011001100111111000000011111111011000000111101000110101101111111000000100010100100110100111011010010100010100010000000101111100001001000000011111110001100011010011111000000110011011100000100000100110010 %
b1111111010010011000010000001000101101010100101000011010011001100111111000000011111111011000000111101000110101101111111000000100010100100110100111011010010100010100010000000101111100001001000000011111110001100011010011111000000110011011100000100000100110010 6
b1111111010010011000010000001000101101010100101000011010011001100111111000000011111111011000000111101000110101101111111000000100010100100110100111011010010100010100010000000101111100001001000000011111110001100011010011111000000110011011100000100000100110010 ;
b10000 E
b1101010111 3
1'
#13521600
0'
#13525200
0D
1B
07
b100110100011110 @
b10000 E
b1101011000 3
1'
#13528800
0'
#13532400
17
b1110101111110001 @
0B
1D
b1 >
b11010001 :
b1111110100100110000100000010001011010101001010000110100110011001111110000000111111110110000001111010001101011011111110000001000101001001101001110110100101000101000100000001011111000010010000000111111100011000110100111110000001100110111000001000001001100100 %
b1111110100100110000100000010001011010101001010000110100110011001111110000000111111110110000001111010001101011011111110000001000101001001101001110110100101000101000100000001011111000010010000000111111100011000110100111110000001100110111000001000001001100100 6
b1111110100100110000100000010001011010101001010000110100110011001111110000000111111110110000001111010001101011011111110000001000101001001101001110110100101000101000100000001011111000010010000000111111100011000110100111110000001100110111000001000001001100100 ;
b10000 E
b1101011001 3
1'
#13536000
0'
#13539600
0D
1B
17
b10100000111 @
b10000 E
b1101011010 3
1'
#13543200
0'
#13546800
07
b1111010000110100 @
0B
1D
1C
b10 >
b11010010 :
b1111101001001100001000000100010110101010010100001101001100110011111100000001111111101100000011110100011010110111111100000010001010010011010011101101001010001010001000000010111110000100100000001111111000110001101001111100000011001101110000010000010011001000 %
b1111101001001100001000000100010110101010010100001101001100110011111100000001111111101100000011110100011010110111111100000010001010010011010011101101001010001010001000000010111110000100100000001111111000110001101001111100000011001101110000010000010011001000 6
b1111101001001100001000000100010110101010010100001101001100110011111100000001111111101100000011110100011010110111111100000010001010010011010011101101001010001010001000000010111110000100100000001111111000110001101001111100000011001101110000010000010011001000 ;
b10000 E
b1101011011 3
1'
#13550400
0'
#13554000
0D
1B
1A
07
b1100010001000101 @
b10000 E
b1101011100 3
1'
#13557600
0'
#13561200
17
b1011001011101111 @
0B
1D
0C
1?
b0 >
b11010011 :
b1111010010011000010000001000101101010100101000011010011001100111111000000011111111011000000111101000110101101111111000000100010100100110100111011010010100010100010000000101111100001001000000011111110001100011010011111000000110011011100000100000100110010001 %
b1111010010011000010000001000101101010100101000011010011001100111111000000011111111011000000111101000110101101111111000000100010100100110100111011010010100010100010000000101111100001001000000011111110001100011010011111000000110011011100000100000100110010001 6
b1111010010011000010000001000101101010100101000011010011001100111111000000011111111011000000111101000110101101111111000000100010100100110100111011010010100010100010000000101111100001001000000011111110001100011010011111000000110011011100000100000100110010001 ;
b10000 E
b1101011101 3
1'
#13564800
0'
#13568400
0D
1B
0A
07
b1000001100100110 @
b10000 E
b1101011110 3
1'
#13572000
0'
#13575600
07
b1010101011001111 @
0B
1D
0?
b11010100 :
b1110100100110000100000010001011010101001010000110100110011001111110000000111111110110000001111010001101011011111110000001000101001001101001110110100101000101000100000001011111000010010000000111111100011000110100111110000001100110111000001000001001100100010 %
b1110100100110000100000010001011010101001010000110100110011001111110000000111111110110000001111010001101011011111110000001000101001001101001110110100101000101000100000001011111000010010000000111111100011000110100111110000001100110111000001000001001100100010 6
b1110100100110000100000010001011010101001010000110100110011001111110000000111111110110000001111010001101011011111110000001000101001001101001110110100101000101000100000001011111000010010000000111111100011000110100111110000001100110111000001000001001100100010 ;
b10000 E
b1101011111 3
1'
#13579200
0'
#13582800
0D
07
b1101111000110 @
b10000 E
b1101100000 3
1'
#13586400
0'
#13590000
17
b10010101111110 @
1D
b10000 E
b1101100001 3
1'
#13593600
0'
#13597200
0D
1B
17
b110000110000010 @
b10000 E
b1101100010 3
1'
#13600800
0'
#13604400
07
b1101111101000000 @
0B
1D
1C
b1 >
b11010101 :
b1101001001100001000000100010110101010010100001101001100110011111100000001111111101100000011110100011010110111111100000010001010010011010011101101001010001010001000000010111110000100100000001111111000110001101001111100000011001101110000010000010011001000100 %
b1101001001100001000000100010110101010010100001101001100110011111100000001111111101100000011110100011010110111111100000010001010010011010011101101001010001010001000000010111110000100100000001111111000110001101001111100000011001101110000010000010011001000100 6
b1101001001100001000000100010110101010010100001101001100110011111100000001111111101100000011110100011010110111111100000010001010010011010011101101001010001010001000000010111110000100100000001111111000110001101001111100000011001101110000010000010011001000100 ;
b10000 E
b1101100011 3
1'
#13608000
0'
#13611600
0D
1B
1A
17
b1100001100100110 @
b10000 E
b1101100100 3
1'
#13615200
0'
#13618800
17
b110011100101 @
0B
1D
1?
b0 >
b11010110 :
b1010010011000010000001000101101010100101000011010011001100111111000000011111111011000000111101000110101101111111000000100010100100110100111011010010100010100010000000101111100001001000000011111110001100011010011111000000110011011100000100000100110010001001 %
b1010010011000010000001000101101010100101000011010011001100111111000000011111111011000000111101000110101101111111000000100010100100110100111011010010100010100010000000101111100001001000000011111110001100011010011111000000110011011100000100000100110010001001 6
b1010010011000010000001000101101010100101000011010011001100111111000000011111111011000000111101000110101101111111000000100010100100110100111011010010100010100010000000101111100001001000000011111110001100011010011111000000110011011100000100000100110010001001 ;
b10000 E
b1101100101 3
1'
#13622400
0'
#13626000
0D
17
b100110010100110 @
b10000 E
b1101100110 3
1'
#13629600
0'
#13633200
17
b100010000011100 @
1D
b10000 E
b1101100111 3
1'
#13636800
0'
#13640400
0D
17
b10111110001000 @
b10000 E
b1101101000 3
1'
#13644000
0'
#13647600
17
b110000000101001 @
1D
b10000 E
b1101101001 3
1'
#13651200
0'
#13654800
0D
17
b1010000110000111 @
b10000 E
b1101101010 3
1'
#13658400
0'
#13662000
17
b110101110001110 @
1D
b10000 E
b1101101011 3
1'
#13665600
0'
#13669200
0D
07
b1101010010111 @
b10000 E
b1101101100 3
1'
#13672800
0'
#13676400
17
b1111010011001001 @
1D
0C
b10000 E
b1101101101 3
1'
#13680000
0'
#13683600
0D
1B
0A
07
b1011101000010110 @
b10000 E
b1101101110 3
1'
#13687200
0'
#13690800
07
b11111101011010 @
0B
1D
0?
b11010111 :
b100100110000100000010001011010101001010000110100110011001111110000000111111110110000001111010001101011011111110000001000101001001101001110110100101000101000100000001011111000010010000000111111100011000110100111110000001100110111000001000001001100100010010 %
b100100110000100000010001011010101001010000110100110011001111110000000111111110110000001111010001101011011111110000001000101001001101001110110100101000101000100000001011111000010010000000111111100011000110100111110000001100110111000001000001001100100010010 6
b100100110000100000010001011010101001010000110100110011001111110000000111111110110000001111010001101011011111110000001000101001001101001110110100101000101000100000001011111000010010000000111111100011000110100111110000001100110111000001000001001100100010010 ;
b10000 E
b1101101111 3
1'
#13694400
0'
#13698000
0D
17
b1001010000011000 @
b10000 E
b1101110000 3
1'
#13701600
0'
#13705200
17
b111010011110010 @
1D
1C
b10000 E
b1101110001 3
1'
#13708800
0'
#13712400
0D
07
b10111101011011 @
b10000 E
b1101110010 3
1'
#13716000
0'
#13719600
07
b1101101111101110 @
1D
0C
b10000 E
b1101110011 3
1'
#13723200
0'
#13726800
0D
17
b1111011010101 @
b10000 E
b1101110100 3
1'
#13730400
0'
#13734000
17
b1001001000101000 @
1D
1C
b10000 E
b1101110101 3
1'
#13737600
0'
#13741200
0D
07
b1110110001001111 @
b10000 E
b1101110110 3
1'
#13744800
0'
#13748400
17
b1000001110000010 @
1D
0C
b10000 E
b1101110111 3
1'
#13752000
0'
#13755600
0D
1B
07
b1100000010101010 @
b10000 E
b1101111000 3
1'
#13759200
0'
#13762800
07
b110011010000100 @
0B
1D
b1 >
b11011000 :
b1001001100001000000100010110101010010100001101001100110011111100000001111111101100000011110100011010110111111100000010001010010011010011101101001010001010001000000010111110000100100000001111111000110001101001111100000011001101110000010000010011001000100100 %
b1001001100001000000100010110101010010100001101001100110011111100000001111111101100000011110100011010110111111100000010001010010011010011101101001010001010001000000010111110000100100000001111111000110001101001111100000011001101110000010000010011001000100100 6
b1001001100001000000100010110101010010100001101001100110011111100000001111111101100000011110100011010110111111100000010001010010011010011101101001010001010001000000010111110000100100000001111111000110001101001111100000011001101110000010000010011001000100100 ;
b10000 E
b1101111001 3
1'
#13766400
0'
#13770000
0D
07
b1001010111000011 @
b10000 E
b1101111010 3
1'
#13773600
0'
#13777200
07
b1001001111001100 @
1D
b10000 E
b1101111011 3
1'
#13780800
0'
#13784400
0D
17
b100100010111100 @
b10000 E
b1101111100 3
1'
#13788000
0'
#13791600
07
b1000001100111 @
1D
1C
b10000 E
b1101111101 3
1'
#13795200
0'
#13798800
0D
1B
1A
17
b1101001100100111 @
b10000 E
b1101111110 3
1'
#13802400
0'
#13806000
07
b1000011111010111 @
0B
1D
1?
b0 >
b11011001 :
b10011000010000001000101101010100101000011010011001100111111000000011111111011000000111101000110101101111111000000100010100100110100111011010010100010100010000000101111100001001000000011111110001100011010011111000000110011011100000100000100110010001001001 %
b10011000010000001000101101010100101000011010011001100111111000000011111111011000000111101000110101101111111000000100010100100110100111011010010100010100010000000101111100001001000000011111110001100011010011111000000110011011100000100000100110010001001001 6
b10011000010000001000101101010100101000011010011001100111111000000011111111011000000111101000110101101111111000000100010100100110100111011010010100010100010000000101111100001001000000011111110001100011010011111000000110011011100000100000100110010001001001 ;
b10000 E
b1101111111 3
1'
#13809600
0'
#13813200
0D
1B
17
b1010011010011000 @
b10000 E
b1110000000 3
1'
#13816800
0'
#13820400
07
b1001000001010101 @
0B
1D
b1 >
b11011010 :
b100110000100000010001011010101001010000110100110011001111110000000111111110110000001111010001101011011111110000001000101001001101001110110100101000101000100000001011111000010010000000111111100011000110100111110000001100110111000001000001001100100010010011 %
b100110000100000010001011010101001010000110100110011001111110000000111111110110000001111010001101011011111110000001000101001001101001110110100101000101000100000001011111000010010000000111111100011000110100111110000001100110111000001000001001100100010010011 6
b100110000100000010001011010101001010000110100110011001111110000000111111110110000001111010001101011011111110000001000101001001101001110110100101000101000100000001011111000010010000000111111100011000110100111110000001100110111000001000001001100100010010011 ;
b10000 E
b1110000001 3
1'
#13824000
0'
#13827600
0D
1B
07
b110101111110001 @
b10000 E
b1110000010 3
1'
#13831200
0'
#13834800
07
b1100010000001101 @
0B
1D
0C
b10 >
b11011011 :
b1001100001000000100010110101010010100001101001100110011111100000001111111101100000011110100011010110111111100000010001010010011010011101101001010001010001000000010111110000100100000001111111000110001101001111100000011001101110000010000010011001000100100111 %
b1001100001000000100010110101010010100001101001100110011111100000001111111101100000011110100011010110111111100000010001010010011010011101101001010001010001000000010111110000100100000001111111000110001101001111100000011001101110000010000010011001000100100111 6
b1001100001000000100010110101010010100001101001100110011111100000001111111101100000011110100011010110111111100000010001010010011010011101101001010001010001000000010111110000100100000001111111000110001101001111100000011001101110000010000010011001000100100111 ;
b10000 E
b1110000011 3
1'
#13838400
0'
#13842000
0D
07
b1001100011111110 @
b10000 E
b1110000100 3
1'
#13845600
0'
#13849200
07
b1001011010110010 @
1D
b10000 E
b1110000101 3
1'
#13852800
0'
#13856400
0D
17
b1100111110101101 @
b10000 E
b1110000110 3
1'
#13860000
0'
#13863600
17
b111110111101010 @
1D
1C
b10000 E
b1110000111 3
1'
#13867200
0'
#13870800
0D
07
b10001111010011 @
b10000 E
b1110001000 3
1'
#13874400
0'
#13878000
17
b100101110011011 @
1D
0C
b10000 E
b1110001001 3
1'
#13881600
0'
#13885200
0D
1B
0A
17
b1101100101010000 @
b10000 E
b1110001010 3
1'
#13888800
0'
#13892400
07
b1101111100011001 @
0B
1D
1C
0?
b0 >
b11011100 :
b11000010000001000101101010100101000011010011001100111111000000011111111011000000111101000110101101111111000000100010100100110100111011010010100010100010000000101111100001001000000011111110001100011010011111000000110011011100000100000100110010001001001110 %
b11000010000001000101101010100101000011010011001100111111000000011111111011000000111101000110101101111111000000100010100100110100111011010010100010100010000000101111100001001000000011111110001100011010011111000000110011011100000100000100110010001001001110 6
b11000010000001000101101010100101000011010011001100111111000000011111111011000000111101000110101101111111000000100010100100110100111011010010100010100010000000101111100001001000000011111110001100011010011111000000110011011100000100000100110010001001001110 ;
b10000 E
b1110001011 3
1'
#13896000
0'
#13899600
0D
1B
1A
07
b1111011111011010 @
b10000 E
b1110001100 3
1'
#13903200
0'
#13906800
07
b1110100001101001 @
0B
1D
0C
1?
b11011101 :
b110000100000010001011010101001010000110100110011001111110000000111111110110000001111010001101011011111110000001000101001001101001110110100101000101000100000001011111000010010000000111111100011000110100111110000001100110111000001000001001100100010010011101 %
b110000100000010001011010101001010000110100110011001111110000000111111110110000001111010001101011011111110000001000101001001101001110110100101000101000100000001011111000010010000000111111100011000110100111110000001100110111000001000001001100100010010011101 6
b110000100000010001011010101001010000110100110011001111110000000111111110110000001111010001101011011111110000001000101001001101001110110100101000101000100000001011111000010010000000111111100011000110100111110000001100110111000001000001001100100010010011101 ;
b10000 E
b1110001101 3
1'
#13910400
0'
#13914000
0D
17
b1101100111110 @
b10000 E
b1110001110 3
1'
#13917600
0'
#13921200
17
b100101001110100 @
1D
1C
b10000 E
b1110001111 3
1'
#13924800
0'
#13928400
0D
17
b111110001010 @
b10000 E
b1110010000 3
1'
#13932000
0'
#13935600
17
b1111011010111100 @
1D
b10000 E
b1110010001 3
1'
#13939200
0'
#13942800
0D
17
b1001111011000110 @
b10000 E
b1110010010 3
1'
#13946400
0'
#13950000
07
b1101001110110110 @
1D
b10000 E
b1110010011 3
1'
#13953600
0'
#13957200
0D
1B
07
b100101110110001 @
b10000 E
b1110010100 3
1'
#13960800
0'
#13964400
17
b1010100101000 @
0B
1D
0C
b1 >
b11011110 :
b1100001000000100010110101010010100001101001100110011111100000001111111101100000011110100011010110111111100000010001010010011010011101101001010001010001000000010111110000100100000001111111000110001101001111100000011001101110000010000010011001000100100111011 %
b1100001000000100010110101010010100001101001100110011111100000001111111101100000011110100011010110111111100000010001010010011010011101101001010001010001000000010111110000100100000001111111000110001101001111100000011001101110000010000010011001000100100111011 6
b1100001000000100010110101010010100001101001100110011111100000001111111101100000011110100011010110111111100000010001010010011010011101101001010001010001000000010111110000100100000001111111000110001101001111100000011001101110000010000010011001000100100111011 ;
b10000 E
b1110010101 3
1'
#13968000
0'
#13971600
0D
1B
0A
17
b1010001100101100 @
b10000 E
b1110010110 3
1'
#13975200
0'
#13978800
07
b100011111001001 @
0B
1D
1C
0?
b0 >
b11011111 :
b1000010000001000101101010100101000011010011001100111111000000011111111011000000111101000110101101111111000000100010100100110100111011010010100010100010000000101111100001001000000011111110001100011010011111000000110011011100000100000100110010001001001110110 %
b1000010000001000101101010100101000011010011001100111111000000011111111011000000111101000110101101111111000000100010100100110100111011010010100010100010000000101111100001001000000011111110001100011010011111000000110011011100000100000100110010001001001110110 6
b1000010000001000101101010100101000011010011001100111111000000011111111011000000111101000110101101111111000000100010100100110100111011010010100010100010000000101111100001001000000011111110001100011010011111000000110011011100000100000100110010001001001110110 ;
b10000 E
b1110010111 3
1'
#13982400
0'
#13986000
0D
1B
1A
07
b1001100011011010 @
b10000 E
b1110011000 3
1'
#13989600
0'
#13993200
17
b110011111011000 @
0B
1D
0C
1?
b11100000 :
b100000010001011010101001010000110100110011001111110000000111111110110000001111010001101011011111110000001000101001001101001110110100101000101000100000001011111000010010000000111111100011000110100111110000001100110111000001000001001100100010010011101101 %
b100000010001011010101001010000110100110011001111110000000111111110110000001111010001101011011111110000001000101001001101001110110100101000101000100000001011111000010010000000111111100011000110100111110000001100110111000001000001001100100010010011101101 6
b100000010001011010101001010000110100110011001111110000000111111110110000001111010001101011011111110000001000101001001101001110110100101000101000100000001011111000010010000000111111100011000110100111110000001100110111000001000001001100100010010011101101 ;
b10000 E
b1110011001 3
1'
#13996800
0'
#14000400
0D
1B
0A
17
b1100101010110000 @
b10000 E
b1110011010 3
1'
#14004000
0'
#14007600
17
b1011011001110001 @
0B
1D
1C
0?
b11100001 :
b1000000100010110101010010100001101001100110011111100000001111111101100000011110100011010110111111100000010001010010011010011101101001010001010001000000010111110000100100000001111111000110001101001111100000011001101110000010000010011001000100100111011010 %
b1000000100010110101010010100001101001100110011111100000001111111101100000011110100011010110111111100000010001010010011010011101101001010001010001000000010111110000100100000001111111000110001101001111100000011001101110000010000010011001000100100111011010 6
b1000000100010110101010010100001101001100110011111100000001111111101100000011110100011010110111111100000010001010010011010011101101001010001010001000000010111110000100100000001111111000110001101001111100000011001101110000010000010011001000100100111011010 ;
b10000 E
b1110011011 3
1'
#14011200
0'
#14014800
0D
17
b1101101010101100 @
b10000 E
b1110011100 3
1'
#14018400
0'
#14022000
07
b1010001111000011 @
1D
b10000 E
b1110011101 3
1'
#14025600
0'
#14029200
0D
1B
1A
17
b11100001110111 @
b10000 E
b1110011110 3
1'
#14032800
0'
#14036400
07
b1000011011001011 @
0B
1D
1?
b11100010 :
b10000001000101101010100101000011010011001100111111000000011111111011000000111101000110101101111111000000100010100100110100111011010010100010100010000000101111100001001000000011111110001100011010011111000000110011011100000100000100110010001001001110110101 %
b10000001000101101010100101000011010011001100111111000000011111111011000000111101000110101101111111000000100010100100110100111011010010100010100010000000101111100001001000000011111110001100011010011111000000110011011100000100000100110010001001001110110101 6
b10000001000101101010100101000011010011001100111111000000011111111011000000111101000110101101111111000000100010100100110100111011010010100010100010000000101111100001001000000011111110001100011010011111000000110011011100000100000100110010001001001110110101 ;
b10000 E
b1110011111 3
1'
#14040000
0'
#14043600
0D
1B
17
b1010100111111 @
b10000 E
b1110100000 3
1'
#14047200
0'
#14050800
07
b11111101001000 @
0B
1D
b1 >
b11100011 :
b100000010001011010101001010000110100110011001111110000000111111110110000001111010001101011011111110000001000101001001101001110110100101000101000100000001011111000010010000000111111100011000110100111110000001100110111000001000001001100100010010011101101011 %
b100000010001011010101001010000110100110011001111110000000111111110110000001111010001101011011111110000001000101001001101001110110100101000101000100000001011111000010010000000111111100011000110100111110000001100110111000001000001001100100010010011101101011 6
b100000010001011010101001010000110100110011001111110000000111111110110000001111010001101011011111110000001000101001001101001110110100101000101000100000001011111000010010000000111111100011000110100111110000001100110111000001000001001100100010010011101101011 ;
b10000 E
b1110100001 3
1'
#14054400
0'
#14058000
0D
1B
17
b1001011001111111 @
b10000 E
b1110100010 3
1'
#14061600
0'
#14065200
17
b1011011011111001 @
0B
1D
b10 >
b11100100 :
b1000000100010110101010010100001101001100110011111100000001111111101100000011110100011010110111111100000010001010010011010011101101001010001010001000000010111110000100100000001111111000110001101001111100000011001101110000010000010011001000100100111011010111 %
b1000000100010110101010010100001101001100110011111100000001111111101100000011110100011010110111111100000010001010010011010011101101001010001010001000000010111110000100100000001111111000110001101001111100000011001101110000010000010011001000100100111011010111 6
b1000000100010110101010010100001101001100110011111100000001111111101100000011110100011010110111111100000010001010010011010011101101001010001010001000000010111110000100100000001111111000110001101001111100000011001101110000010000010011001000100100111011010111 ;
b10000 E
b1110100011 3
1'
#14068800
0'
#14072400
0D
07
b1010110010101111 @
b10000 E
b1110100100 3
1'
#14076000
0'
#14079600
07
b111100111011100 @
1D
0C
b10000 E
b1110100101 3
1'
#14083200
0'
#14086800
0D
07
b1001100000011111 @
b10000 E
b1110100110 3
1'
#14090400
0'
#14094000
07
b1110110111000110 @
1D
b10000 E
b1110100111 3
1'
#14097600
0'
#14101200
0D
17
b111011110011110 @
b10000 E
b1110101000 3
1'
#14104800
0'
#14108400
07
b1010100100001010 @
1D
1C
b10000 E
b1110101001 3
1'
#14112000
0'
#14115600
0D
1B
07
b1000001010010000 @
b10000 E
b1110101010 3
1'
#14119200
0'
#14122800
17
b10110001111110 @
0B
1D
0C
b11 >
b11100101 :
b1000101101010100101000011010011001100111111000000011111111011000000111101000110101101111111000000100010100100110100111011010010100010100010000000101111100001001000000011111110001100011010011111000000110011011100000100000100110010001001001110110101111 %
b1000101101010100101000011010011001100111111000000011111111011000000111101000110101101111111000000100010100100110100111011010010100010100010000000101111100001001000000011111110001100011010011111000000110011011100000100000100110010001001001110110101111 6
b1000101101010100101000011010011001100111111000000011111111011000000111101000110101101111111000000100010100100110100111011010010100010100010000000101111100001001000000011111110001100011010011111000000110011011100000100000100110010001001001110110101111 ;
b10000 E
b1110101011 3
1'
#14126400
0'
#14130000
0D
1B
0A
07
b1000001111100 @
b10000 E
b1110101100 3
1'
#14133600
0'
#14137200
07
b110110100101111 @
0B
1D
0?
b0 >
b11100110 :
b10001011010101001010000110100110011001111110000000111111110110000001111010001101011011111110000001000101001001101001110110100101000101000100000001011111000010010000000111111100011000110100111110000001100110111000001000001001100100010010011101101011110 %
b10001011010101001010000110100110011001111110000000111111110110000001111010001101011011111110000001000101001001101001110110100101000101000100000001011111000010010000000111111100011000110100111110000001100110111000001000001001100100010010011101101011110 6
b10001011010101001010000110100110011001111110000000111111110110000001111010001101011011111110000001000101001001101001110110100101000101000100000001011111000010010000000111111100011000110100111110000001100110111000001000001001100100010010011101101011110 ;
b10000 E
b1110101101 3
1'
#14140800
0'
#14144400
0D
07
b1011000001011000 @
b10000 E
b1110101110 3
1'
#14148000
0'
#14151600
07
b101010101001110 @
1D
b10000 E
b1110101111 3
1'
#14155200
0'
#14158800
0D
17
b1001111111001011 @
b10000 E
b1110110000 3
1'
#14162400
0'
#14166000
07
b101010001110110 @
1D
1C
b10000 E
b1110110001 3
1'
#14169600
0'
#14173200
0D
1B
1A
07
b1010011111010 @
b10000 E
b1110110010 3
1'
#14176800
0'
#14180400
17
b1011001010001111 @
0B
1D
0C
1?
b11100111 :
b100010110101010010100001101001100110011111100000001111111101100000011110100011010110111111100000010001010010011010011101101001010001010001000000010111110000100100000001111111000110001101001111100000011001101110000010000010011001000100100111011010111101 %
b100010110101010010100001101001100110011111100000001111111101100000011110100011010110111111100000010001010010011010011101101001010001010001000000010111110000100100000001111111000110001101001111100000011001101110000010000010011001000100100111011010111101 6
b100010110101010010100001101001100110011111100000001111111101100000011110100011010110111111100000010001010010011010011101101001010001010001000000010111110000100100000001111111000110001101001111100000011001101110000010000010011001000100100111011010111101 ;
b10000 E
b1110110011 3
1'
#14184000
0'
#14187600
0D
1B
0A
17
b110101110001110 @
b10000 E
b1110110100 3
1'
#14191200
0'
#14194800
17
b1111101011000001 @
0B
1D
1C
0?
b11101000 :
b1000101101010100101000011010011001100111111000000011111111011000000111101000110101101111111000000100010100100110100111011010010100010100010000000101111100001001000000011111110001100011010011111000000110011011100000100000100110010001001001110110101111010 %
b1000101101010100101000011010011001100111111000000011111111011000000111101000110101101111111000000100010100100110100111011010010100010100010000000101111100001001000000011111110001100011010011111000000110011011100000100000100110010001001001110110101111010 6
b1000101101010100101000011010011001100111111000000011111111011000000111101000110101101111111000000100010100100110100111011010010100010100010000000101111100001001000000011111110001100011010011111000000110011011100000100000100110010001001001110110101111010 ;
b10000 E
b1110110101 3
1'
#14198400
0'
#14202000
0D
07
b1101001010110001 @
b10000 E
b1110110110 3
1'
#14205600
0'
#14209200
17
b1100110100001010 @
1D
0C
b10000 E
b1110110111 3
1'
#14212800
0'
#14216400
0D
1B
17
b1011100110100 @
b10000 E
b1110111000 3
1'
#14220000
0'
#14223600
17
b11000100110000 @
0B
1D
1C
b1 >
b11101001 :
b10001011010101001010000110100110011001111110000000111111110110000001111010001101011011111110000001000101001001101001110110100101000101000100000001011111000010010000000111111100011000110100111110000001100110111000001000001001100100010010011101101011110100 %
b10001011010101001010000110100110011001111110000000111111110110000001111010001101011011111110000001000101001001101001110110100101000101000100000001011111000010010000000111111100011000110100111110000001100110111000001000001001100100010010011101101011110100 6
b10001011010101001010000110100110011001111110000000111111110110000001111010001101011011111110000001000101001001101001110110100101000101000100000001011111000010010000000111111100011000110100111110000001100110111000001000001001100100010010011101101011110100 ;
b10000 E
b1110111001 3
1'
#14227200
0'
#14230800
0D
07
b1101000111111001 @
b10000 E
b1110111010 3
1'
#14234400
0'
#14238000
17
b110101111101011 @
1D
0C
b10000 E
b1110111011 3
1'
#14241600
0'
#14245200
0D
1B
07
b11011010010000 @
b10000 E
b1110111100 3
1'
#14248800
0'
#14252400
07
b111001001001101 @
0B
1D
b10 >
b11101010 :
b100010110101010010100001101001100110011111100000001111111101100000011110100011010110111111100000010001010010011010011101101001010001010001000000010111110000100100000001111111000110001101001111100000011001101110000010000010011001000100100111011010111101000 %
b100010110101010010100001101001100110011111100000001111111101100000011110100011010110111111100000010001010010011010011101101001010001010001000000010111110000100100000001111111000110001101001111100000011001101110000010000010011001000100100111011010111101000 6
b100010110101010010100001101001100110011111100000001111111101100000011110100011010110111111100000010001010010011010011101101001010001010001000000010111110000100100000001111111000110001101001111100000011001101110000010000010011001000100100111011010111101000 ;
b10000 E
b1110111101 3
1'
#14256000
0'
#14259600
0D
07
b1011010101001001 @
b10000 E
b1110111110 3
1'
#14263200
0'
#14266800
07
b101101001100000 @
1D
b10000 E
b1110111111 3
1'
#14270400
0'
#14274000
0D
17
b1111110101100011 @
b10000 E
b1111000000 3
1'
#14277600
0'
#14281200
17
b110010101001100 @
1D
1C
b10000 E
b1111000001 3
1'
#14284800
0'
#14288400
0D
07
b101000111101010 @
b10000 E
b1111000010 3
1'
#14292000
0'
#14295600
07
b1110110001100010 @
1D
0C
b10000 E
b1111000011 3
1'
#14299200
0'
#14302800
0D
17
b1011001110110001 @
b10000 E
b1111000100 3
1'
#14306400
0'
#14310000
17
b10 @
1D
1C
b10000 E
b1111000101 3
1'
#14313600
0'
#14317200
0D
17
b1010001100100110 @
b10000 E
b1111000110 3
1'
#14320800
0'
#14324400
17
b1100001111001000 @
1D
b10000 E
b1111000111 3
1'
#14328000
0'
#14331600
0D
07
b100110110011100 @
b10000 E
b1111001000 3
1'
#14335200
0'
#14338800
07
b1111010101111011 @
1D
0C
b10000 E
b1111001001 3
1'
#14342400
0'
#14346000
0D
07
b101011110010111 @
b10000 E
b1111001010 3
1'
#14349600
0'
#14353200
17
b1000011111100110 @
1D
b10000 E
b1111001011 3
1'
#14356800
0'
#14360400
0D
1B
07
b1101000010111111 @
b10000 E
b1111001100 3
1'
#14364000
0'
#14367600
07
b1001000011011 @
0B
1D
b11 >
b11101011 :
b1000101101010100101000011010011001100111111000000011111111011000000111101000110101101111111000000100010100100110100111011010010100010100010000000101111100001001000000011111110001100011010011111000000110011011100000100000100110010001001001110110101111010000 %
b1000101101010100101000011010011001100111111000000011111111011000000111101000110101101111111000000100010100100110100111011010010100010100010000000101111100001001000000011111110001100011010011111000000110011011100000100000100110010001001001110110101111010000 6
b1000101101010100101000011010011001100111111000000011111111011000000111101000110101101111111000000100010100100110100111011010010100010100010000000101111100001001000000011111110001100011010011111000000110011011100000100000100110010001001001110110101111010000 ;
b10000 E
b1111001101 3
1'
#14371200
0'
#14374800
0D
07
b101101011001111 @
b10000 E
b1111001110 3
1'
#14378400
0'
#14382000
07
b1010011110111010 @
1D
b10000 E
b1111001111 3
1'
#14385600
0'
#14389200
0D
07
b1101001100111000 @
b10000 E
b1111010000 3
1'
#14392800
0'
#14396400
17
b10111010001111 @
1D
b10000 E
b1111010001 3
1'
#14400000
0'
#14403600
0D
1B
07
b1000001101010001 @
b10000 E
b1111010010 3
1'
#14407200
0'
#14410800
17
b1111000000111011 @
0B
1D
b100 >
b11101100 :
b1011010101001010000110100110011001111110000000111111110110000001111010001101011011111110000001000101001001101001110110100101000101000100000001011111000010010000000111111100011000110100111110000001100110111000001000001001100100010010011101101011110100000 %
b1011010101001010000110100110011001111110000000111111110110000001111010001101011011111110000001000101001001101001110110100101000101000100000001011111000010010000000111111100011000110100111110000001100110111000001000001001100100010010011101101011110100000 6
b1011010101001010000110100110011001111110000000111111110110000001111010001101011011111110000001000101001001101001110110100101000101000100000001011111000010010000000111111100011000110100111110000001100110111000001000001001100100010010011101101011110100000 ;
b10000 E
b1111010011 3
1'
#14414400
0'
#14418000
0D
1B
07
b1011011110111000 @
b10000 E
b1111010100 3
1'
#14421600
0'
#14425200
17
b1010001111011010 @
0B
1D
b101 >
b11101101 :
b10110101010010100001101001100110011111100000001111111101100000011110100011010110111111100000010001010010011010011101101001010001010001000000010111110000100100000001111111000110001101001111100000011001101110000010000010011001000100100111011010111101000000 %
b10110101010010100001101001100110011111100000001111111101100000011110100011010110111111100000010001010010011010011101101001010001010001000000010111110000100100000001111111000110001101001111100000011001101110000010000010011001000100100111011010111101000000 6
b10110101010010100001101001100110011111100000001111111101100000011110100011010110111111100000010001010010011010011101101001010001010001000000010111110000100100000001111111000110001101001111100000011001101110000010000010011001000100100111011010111101000000 ;
b10000 E
b1111010101 3
1'
#14428800
0'
#14432400
0D
1B
07
b111101011101100 @
b10000 E
b1111010110 3
1'
#14436000
0'
#14439600
07
b1111001100100100 @
0B
1D
b110 >
b11101110 :
b101101010100101000011010011001100111111000000011111111011000000111101000110101101111111000000100010100100110100111011010010100010100010000000101111100001001000000011111110001100011010011111000000110011011100000100000100110010001001001110110101111010000000 %
b101101010100101000011010011001100111111000000011111111011000000111101000110101101111111000000100010100100110100111011010010100010100010000000101111100001001000000011111110001100011010011111000000110011011100000100000100110010001001001110110101111010000000 6
b101101010100101000011010011001100111111000000011111111011000000111101000110101101111111000000100010100100110100111011010010100010100010000000101111100001001000000011111110001100011010011111000000110011011100000100000100110010001001001110110101111010000000 ;
b10000 E
b1111010111 3
1'
#14443200
0'
#14446800
0D
17
b1000101001010101 @
b10000 E
b1111011000 3
1'
#14450400
0'
#14454000
07
b1101110001101110 @
1D
1C
b10000 E
b1111011001 3
1'
#14457600
0'
#14461200
0D
1B
1A
07
b11100000000100 @
b10000 E
b1111011010 3
1'
#14464800
0'
#14468400
17
b1101011100100101 @
0B
1D
0C
1?
b0 >
b11101111 :
b1011010101001010000110100110011001111110000000111111110110000001111010001101011011111110000001000101001001101001110110100101000101000100000001011111000010010000000111111100011000110100111110000001100110111000001000001001100100010010011101101011110100000001 %
b1011010101001010000110100110011001111110000000111111110110000001111010001101011011111110000001000101001001101001110110100101000101000100000001011111000010010000000111111100011000110100111110000001100110111000001000001001100100010010011101101011110100000001 6
b1011010101001010000110100110011001111110000000111111110110000001111010001101011011111110000001000101001001101001110110100101000101000100000001011111000010010000000111111100011000110100111110000001100110111000001000001001100100010010011101101011110100000001 ;
b10000 E
b1111011011 3
1'
#14472000
0'
#14475600
0D
1B
0A
17
b111110101 @
b10000 E
b1111011100 3
1'
#14479200
0'
#14482800
07
b111101010001001 @
0B
1D
1C
0?
b11110000 :
b110101010010100001101001100110011111100000001111111101100000011110100011010110111111100000010001010010011010011101101001010001010001000000010111110000100100000001111111000110001101001111100000011001101110000010000010011001000100100111011010111101000000010 %
b110101010010100001101001100110011111100000001111111101100000011110100011010110111111100000010001010010011010011101101001010001010001000000010111110000100100000001111111000110001101001111100000011001101110000010000010011001000100100111011010111101000000010 6
b110101010010100001101001100110011111100000001111111101100000011110100011010110111111100000010001010010011010011101101001010001010001000000010111110000100100000001111111000110001101001111100000011001101110000010000010011001000100100111011010111101000000010 ;
b10000 E
b1111011101 3
1'
#14486400
0'
#14490000
0D
1B
1A
07
b1100001100101000 @
b10000 E
b1111011110 3
1'
#14493600
0'
#14497200
07
b11110001100011 @
0B
1D
0C
1?
b11110001 :
b1101010100101000011010011001100111111000000011111111011000000111101000110101101111111000000100010100100110100111011010010100010100010000000101111100001001000000011111110001100011010011111000000110011011100000100000100110010001001001110110101111010000000101 %
b1101010100101000011010011001100111111000000011111111011000000111101000110101101111111000000100010100100110100111011010010100010100010000000101111100001001000000011111110001100011010011111000000110011011100000100000100110010001001001110110101111010000000101 6
b1101010100101000011010011001100111111000000011111111011000000111101000110101101111111000000100010100100110100111011010010100010100010000000101111100001001000000011111110001100011010011111000000110011011100000100000100110010001001001110110101111010000000101 ;
b10000 E
b1111011111 3
1'
#14500800
0'
#14504400
0D
07
b111111010010101 @
b10000 E
b1111100000 3
1'
#14508000
0'
#14511600
07
b1011010000100010 @
1D
b10000 E
b1111100001 3
1'
#14515200
0'
#14518800
0D
07
b1100001110111110 @
b10000 E
b1111100010 3
1'
#14522400
0'
#14526000
17
b1101110011101101 @
1D
b10000 E
b1111100011 3
1'
#14529600
0'
#14533200
0D
1B
0A
17
b1011010001000011 @
b10000 E
b1111100100 3
1'
#14536800
0'
#14540400
07
b1111000111101001 @
0B
1D
1C
0?
b11110010 :
b1010101001010000110100110011001111110000000111111110110000001111010001101011011111110000001000101001001101001110110100101000101000100000001011111000010010000000111111100011000110100111110000001100110111000001000001001100100010010011101101011110100000001010 %
b1010101001010000110100110011001111110000000111111110110000001111010001101011011111110000001000101001001101001110110100101000101000100000001011111000010010000000111111100011000110100111110000001100110111000001000001001100100010010011101101011110100000001010 6
b1010101001010000110100110011001111110000000111111110110000001111010001101011011111110000001000101001001101001110110100101000101000100000001011111000010010000000111111100011000110100111110000001100110111000001000001001100100010010011101101011110100000001010 ;
b10000 E
b1111100101 3
1'
#14544000
0'
#14547600
0D
1B
1A
17
b1000011110011011 @
b10000 E
b1111100110 3
1'
#14551200
0'
#14554800
17
b101111111101010 @
0B
1D
1?
b11110011 :
b101010010100001101001100110011111100000001111111101100000011110100011010110111111100000010001010010011010011101101001010001010001000000010111110000100100000001111111000110001101001111100000011001101110000010000010011001000100100111011010111101000000010101 %
b101010010100001101001100110011111100000001111111101100000011110100011010110111111100000010001010010011010011101101001010001010001000000010111110000100100000001111111000110001101001111100000011001101110000010000010011001000100100111011010111101000000010101 6
b101010010100001101001100110011111100000001111111101100000011110100011010110111111100000010001010010011010011101101001010001010001000000010111110000100100000001111111000110001101001111100000011001101110000010000010011001000100100111011010111101000000010101 ;
b10000 E
b1111100111 3
1'
#14558400
0'
#14562000
0D
17
b10001001101110 @
b10000 E
b1111101000 3
1'
#14565600
0'
#14569200
07
b110010101110010 @
1D
b10000 E
b1111101001 3
1'
#14572800
0'
#14576400
0D
1B
07
b110111000101001 @
b10000 E
b1111101010 3
1'
#14580000
0'
#14583600
07
b1010101010010 @
0B
1D
0C
b1 >
b11110100 :
b1010100101000011010011001100111111000000011111111011000000111101000110101101111111000000100010100100110100111011010010100010100010000000101111100001001000000011111110001100011010011111000000110011011100000100000100110010001001001110110101111010000000101011 %
b1010100101000011010011001100111111000000011111111011000000111101000110101101111111000000100010100100110100111011010010100010100010000000101111100001001000000011111110001100011010011111000000110011011100000100000100110010001001001110110101111010000000101011 6
b1010100101000011010011001100111111000000011111111011000000111101000110101101111111000000100010100100110100111011010010100010100010000000101111100001001000000011111110001100011010011111000000110011011100000100000100110010001001001110110101111010000000101011 ;
b10000 E
b1111101011 3
1'
#14587200
0'
#14590800
0D
17
b1000001011111011 @
b10000 E
b1111101100 3
1'
#14594400
0'
#14598000
07
b1111110110110101 @
1D
1C
b10000 E
b1111101101 3
1'
#14601600
0'
#14605200
0D
1B
07
b111001101 @
b10000 E
b1111101110 3
1'
#14608800
0'
#14612400
17
b100011101100001 @
0B
1D
0C
b10 >
b11110101 :
b101001010000110100110011001111110000000111111110110000001111010001101011011111110000001000101001001101001110110100101000101000100000001011111000010010000000111111100011000110100111110000001100110111000001000001001100100010010011101101011110100000001010111 %
b101001010000110100110011001111110000000111111110110000001111010001101011011111110000001000101001001101001110110100101000101000100000001011111000010010000000111111100011000110100111110000001100110111000001000001001100100010010011101101011110100000001010111 6
b101001010000110100110011001111110000000111111110110000001111010001101011011111110000001000101001001101001110110100101000101000100000001011111000010010000000111111100011000110100111110000001100110111000001000001001100100010010011101101011110100000001010111 ;
b10000 E
b1111101111 3
1'
#14616000
0'
#14619600
0D
1B
0A
17
b101010110110000 @
b10000 E
b1111110000 3
1'
#14623200
0'
#14626800
07
b110111110101001 @
0B
1D
1C
0?
b0 >
b11110110 :
b1010010100001101001100110011111100000001111111101100000011110100011010110111111100000010001010010011010011101101001010001010001000000010111110000100100000001111111000110001101001111100000011001101110000010000010011001000100100111011010111101000000010101110 %
b1010010100001101001100110011111100000001111111101100000011110100011010110111111100000010001010010011010011101101001010001010001000000010111110000100100000001111111000110001101001111100000011001101110000010000010011001000100100111011010111101000000010101110 6
b1010010100001101001100110011111100000001111111101100000011110100011010110111111100000010001010010011010011101101001010001010001000000010111110000100100000001111111000110001101001111100000011001101110000010000010011001000100100111011010111101000000010101110 ;
b10000 E
b1111110001 3
1'
#14630400
0'
#14634000
0D
1B
1A
17
b1011011000000011 @
b10000 E
b1111110010 3
1'
#14637600
0'
#14641200
17
b1111010100101001 @
0B
1D
1?
b11110111 :
b100101000011010011001100111111000000011111111011000000111101000110101101111111000000100010100100110100111011010010100010100010000000101111100001001000000011111110001100011010011111000000110011011100000100000100110010001001001110110101111010000000101011101 %
b100101000011010011001100111111000000011111111011000000111101000110101101111111000000100010100100110100111011010010100010100010000000101111100001001000000011111110001100011010011111000000110011011100000100000100110010001001001110110101111010000000101011101 6
b100101000011010011001100111111000000011111111011000000111101000110101101111111000000100010100100110100111011010010100010100010000000101111100001001000000011111110001100011010011111000000110011011100000100000100110010001001001110110101111010000000101011101 ;
b10000 E
b1111110011 3
1'
#14644800
0'
#14648400
0D
17
b10010011010110 @
b10000 E
b1111110100 3
1'
#14652000
0'
#14655600
17
b1011000001000001 @
1D
b10000 E
b1111110101 3
1'
#14659200
0'
#14662800
0D
07
b1000001010001011 @
b10000 E
b1111110110 3
1'
#14666400
0'
#14670000
17
b1110000110100001 @
1D
0C
b10000 E
b1111110111 3
1'
#14673600
0'
#14677200
0D
1B
0A
17
b1111011000110010 @
b10000 E
b1111111000 3
1'
#14680800
0'
#14684400
07
b10001111100000 @
0B
1D
1C
0?
b11111000 :
b1001010000110100110011001111110000000111111110110000001111010001101011011111110000001000101001001101001110110100101000101000100000001011111000010010000000111111100011000110100111110000001100110111000001000001001100100010010011101101011110100000001010111010 %
b1001010000110100110011001111110000000111111110110000001111010001101011011111110000001000101001001101001110110100101000101000100000001011111000010010000000111111100011000110100111110000001100110111000001000001001100100010010011101101011110100000001010111010 6
b1001010000110100110011001111110000000111111110110000001111010001101011011111110000001000101001001101001110110100101000101000100000001011111000010010000000111111100011000110100111110000001100110111000001000001001100100010010011101101011110100000001010111010 ;
b10000 E
b1111111001 3
1'
#14688000
0'
#14691600
0D
1B
1A
07
b1110111110011000 @
b10000 E
b1111111010 3
1'
#14695200
0'
#14698800
07
b1110010110110011 @
0B
1D
0C
1?
b11111001 :
b10100001101001100110011111100000001111111101100000011110100011010110111111100000010001010010011010011101101001010001010001000000010111110000100100000001111111000110001101001111100000011001101110000010000010011001000100100111011010111101000000010101110101 %
b10100001101001100110011111100000001111111101100000011110100011010110111111100000010001010010011010011101101001010001010001000000010111110000100100000001111111000110001101001111100000011001101110000010000010011001000100100111011010111101000000010101110101 6
b10100001101001100110011111100000001111111101100000011110100011010110111111100000010001010010011010011101101001010001010001000000010111110000100100000001111111000110001101001111100000011001101110000010000010011001000100100111011010111101000000010101110101 ;
b10000 E
b1111111011 3
1'
#14702400
0'
#14706000
0D
07
b1111011100110100 @
b10000 E
b1111111100 3
1'
#14709600
0'
#14713200
07
b101000000000101 @
1D
b10000 E
b1111111101 3
1'
#14716800
0'
#14720400
0D
07
b1000000010101 @
b10000 E
b1111111110 3
1'
#14724000
0'
#14727600
17
b1111100001110010 @
1D
b10000 E
b1111111111 3
1'
#14731200
0'
#14734800
0D
1B
0A
17
b101111011010100 @
b10000 E
b10000000000 3
1'
#14738400
0'
#14742000
07
b1011010101010111 @
0B
1D
1C
0?
b11111010 :
b101000011010011001100111111000000011111111011000000111101000110101101111111000000100010100100110100111011010010100010100010000000101111100001001000000011111110001100011010011111000000110011011100000100000100110010001001001110110101111010000000101011101010 %
b101000011010011001100111111000000011111111011000000111101000110101101111111000000100010100100110100111011010010100010100010000000101111100001001000000011111110001100011010011111000000110011011100000100000100110010001001001110110101111010000000101011101010 6
b101000011010011001100111111000000011111111011000000111101000110101101111111000000100010100100110100111011010010100010100010000000101111100001001000000011111110001100011010011111000000110011011100000100000100110010001001001110110101111010000000101011101010 ;
b10000 E
b10000000001 3
1'
#14745600
0'
#14749200
0D
1B
1A
17
b111001111110 @
b10000 E
b10000000010 3
1'
#14752800
0'
#14756400
07
b1010000100011111 @
0B
1D
1?
b11111011 :
b1010000110100110011001111110000000111111110110000001111010001101011011111110000001000101001001101001110110100101000101000100000001011111000010010000000111111100011000110100111110000001100110111000001000001001100100010010011101101011110100000001010111010101 %
b1010000110100110011001111110000000111111110110000001111010001101011011111110000001000101001001101001110110100101000101000100000001011111000010010000000111111100011000110100111110000001100110111000001000001001100100010010011101101011110100000001010111010101 6
b1010000110100110011001111110000000111111110110000001111010001101011011111110000001000101001001101001110110100101000101000100000001011111000010010000000111111100011000110100111110000001100110111000001000001001100100010010011101101011110100000001010111010101 ;
b10000 E
b10000000011 3
1'
#14760000
0'
#14763600
0D
1B
17
b1010011101011111 @
b10000 E
b10000000100 3
1'
#14767200
0'
#14770800
07
b1010100100011000 @
0B
1D
b1 >
b11111100 :
b100001101001100110011111100000001111111101100000011110100011010110111111100000010001010010011010011101101001010001010001000000010111110000100100000001111111000110001101001111100000011001101110000010000010011001000100100111011010111101000000010101110101011 %
b100001101001100110011111100000001111111101100000011110100011010110111111100000010001010010011010011101101001010001010001000000010111110000100100000001111111000110001101001111100000011001101110000010000010011001000100100111011010111101000000010101110101011 6
b100001101001100110011111100000001111111101100000011110100011010110111111100000010001010010011010011101101001010001010001000000010111110000100100000001111111000110001101001111100000011001101110000010000010011001000100100111011010111101000000010101110101011 ;
b10000 E
b10000000101 3
1'
#14774400
0'
#14778000
0D
1B
07
b1010110000100010 @
b10000 E
b10000000110 3
1'
#14781600
0'
#14785200
07
b1010011111101010 @
0B
1D
0C
b10 >
b11111101 :
b1000011010011001100111111000000011111111011000000111101000110101101111111000000100010100100110100111011010010100010100010000000101111100001001000000011111110001100011010011111000000110011011100000100000100110010001001001110110101111010000000101011101010111 %
b1000011010011001100111111000000011111111011000000111101000110101101111111000000100010100100110100111011010010100010100010000000101111100001001000000011111110001100011010011111000000110011011100000100000100110010001001001110110101111010000000101011101010111 6
b1000011010011001100111111000000011111111011000000111101000110101101111111000000100010100100110100111011010010100010100010000000101111100001001000000011111110001100011010011111000000110011011100000100000100110010001001001110110101111010000000101011101010111 ;
b10000 E
b10000000111 3
1'
#14788800
0'
#14792400
0D
17
b1110010110001110 @
b10000 E
b10000001000 3
1'
#14796000
0'
#14799600
17
b1100000010111001 @
1D
1C
b10000 E
b10000001001 3
1'
#14803200
0'
#14806800
0D
07
b1111010010110110 @
b10000 E
b10000001010 3
1'
#14810400
0'
#14814000
07
b1001110010010101 @
1D
0C
b10000 E
b10000001011 3
1'
#14817600
0'
#14821200
0D
17
b1010110110011010 @
b10000 E
b10000001100 3
1'
#14824800
0'
#14828400
07
b111100011000 @
1D
1C
b10000 E
b10000001101 3
1'
#14832000
0'
#14835600
0D
1B
17
b101101111111100 @
b10000 E
b10000001110 3
1'
#14839200
0'
#14842800
07
b1111010000100 @
0B
1D
b11 >
b11111110 :
b110100110011001111110000000111111110110000001111010001101011011111110000001000101001001101001110110100101000101000100000001011111000010010000000111111100011000110100111110000001100110111000001000001001100100010010011101101011110100000001010111010101111 %
b110100110011001111110000000111111110110000001111010001101011011111110000001000101001001101001110110100101000101000100000001011111000010010000000111111100011000110100111110000001100110111000001000001001100100010010011101101011110100000001010111010101111 6
b110100110011001111110000000111111110110000001111010001101011011111110000001000101001001101001110110100101000101000100000001011111000010010000000111111100011000110100111110000001100110111000001000001001100100010010011101101011110100000001010111010101111 ;
b10000 E
b10000001111 3
1'
#14846400
0'
#14850000
0D
1B
07
b100101111001111 @
b10000 E
b10000010000 3
1'
#14853600
0'
#14857200
07
b1100010100110000 @
0B
1D
0C
b100 >
b11111111 :
b1101001100110011111100000001111111101100000011110100011010110111111100000010001010010011010011101101001010001010001000000010111110000100100000001111111000110001101001111100000011001101110000010000010011001000100100111011010111101000000010101110101011111 %
b1101001100110011111100000001111111101100000011110100011010110111111100000010001010010011010011101101001010001010001000000010111110000100100000001111111000110001101001111100000011001101110000010000010011001000100100111011010111101000000010101110101011111 6
b1101001100110011111100000001111111101100000011110100011010110111111100000010001010010011010011101101001010001010001000000010111110000100100000001111111000110001101001111100000011001101110000010000010011001000100100111011010111101000000010101110101011111 ;
b10000 E
b10000010001 3
1'
#14860800
0'
#14864400
0D
17
b111111011001011 @
b10000 E
b10000010010 3
1'
#14868000
0'
#14871600
17
b10101000 @
1D
1C
b10000 E
b10000010011 3
1'
#14875200
0'
#14878800
0D
07
b1101000001111111 @
b10000 E
b10000010100 3
1'
#14882400
0'
#14886000
07
b100100110100001 @
1D
0C
b10000 E
b10000010101 3
1'
#14889600
0'
#14893200
0D
07
b1101101100000000 @
b10000 E
b10000010110 3
1'
#14896800
0'
#14900400
07
b111011001111111 @
1D
b10000 E
b10000010111 3
1'
#14904000
0'
#14907600
0D
17
b1111110100010111 @
b10000 E
b10000011000 3
1'
#14911200
0'
#14914800
17
b100010110100011 @
1D
1C
b10000 E
b10000011001 3
1'
#14918400
0'
#14922000
0D
17
b11110000100110 @
b10000 E
b10000011010 3
1'
#14925600
0'
#14929200
17
b1111101110000111 @
1D
b10000 E
b10000011011 3
1'
#14932800
0'
#14936400
0D
07
b10101011001000 @
b10000 E
b10000011100 3
1'
#14940000
0'
#14943600
07
b110001110101111 @
1D
0C
b10000 E
b10000011101 3
1'
#14947200
0'
#14950800
0D
07
b101110001000111 @
b10000 E
b10000011110 3
1'
#14954400
0'
#14958000
07
b110111101100101 @
1D
b10000 E
b10000011111 3
1'
#14961600
0'
#14965200
0D
07
b1111111000010101 @
b10000 E
b10000100000 3
1'
#14968800
0'
#14972400
07
b1010110010100110 @
1D
b10000 E
b10000100001 3
1'
#14976000
0'
#14979600
0D
07
b111000110010000 @
b10000 E
b10000100010 3
1'
#14983200
0'
#14986800
07
b1101111100110010 @
1D
b10000 E
b10000100011 3
1'
#14990400
0'
#14994000
0D
07
b1011011001 @
b10000 E
b10000100100 3
1'
#14997600
0'
#15001200
17
b10010111010100 @
1D
b10000 E
b10000100101 3
1'
#15004800
0'
#15008400
0D
1B
0A
07
b1111011011110101 @
b10000 E
b10000100110 3
1'
#15012000
0'
#15015600
b10 &
b10 8
07
b1100000110000 @
0B
1D
0?
b0 >
1#
1<
b11010011001100111111000000011111111011000000111101000110101101111111000000100010100100110100111011010010100010100010000000101111100001001000000011111110001100011010011111000000110011011100000100000100110010001001001110110101111010000000101011101010111110 %
b11010011001100111111000000011111111011000000111101000110101101111111000000100010100100110100111011010010100010100010000000101111100001001000000011111110001100011010011111000000110011011100000100000100110010001001001110110101111010000000101011101010111110 6
b11010011001100111111000000011111111011000000111101000110101101111111000000100010100100110100111011010010100010100010000000101111100001001000000011111110001100011010011111000000110011011100000100000100110010001001001110110101111010000000101011101010111110 ;
b10000 E
b10000100111 3
1'
#15019200
0'
#15022800
0D
07
b1101010011010001 @
b10000 E
b110011101011111011010010111001001110001001111010011000000100000001010000110111001101111001000000110100001100101011000010110110001110100011010000010000001110100011001010111001101110100001000000110011001100001011010010110110001110101011100100110010100101001 L
b11010011001100111111000000011111111011000000111101000110101101111111000000100010100100110100111011010010100010100010000000101111100001001000000011111110001100011010011111000000110011011100000100000100110010001001001110110101111010000000101011101010111110 )
b10000101000 3
1'
#15026400
0'
#15030000
07
b11000011000101 @
1D
b10000 E
1'
#15033600
0'
#15037200
0D
07
b1010001011011001 @
b10000 E
1'
#15040800
0'
#15044400
07
b1011010101111010 @
1D
b10000 E
1'
#15048000
0'
#15051600
0D
07
b1010101000110 @
b10000 E
1'
#15055200
0'
#15058800
17
b100010000000010 @
1D
b10000 E
1'
#15062400
0'
#15066000
0D
1B
17
b11101100110101 @
b10000 E
1'
#15069600
0'
#15073200
17
b1101011000010100 @
0B
1D
1C
b1 >
b10000 E
1'
#15076800
0'
#15080400
0D
07
b1100001011101010 @
b10000 E
1'
#15084000
0'
#15087600
07
b1011110011110100 @
1D
0C
b10000 E
1'
#15091200
0'
#15094800
0D
17
b101001110010010 @
b10000 E
1'
#15098400
0'
#15102000
07
b110011000000011 @
1D
1C
b10000 E
1'
#15105600
0'
#15109200
0D
1B
1A
07
b1101000011001000 @
b10000 E
1'
#15112800
0'
#15116400
17
b1010010011001100 @
0B
1D
0C
1?
b0 >
b10000 E
1'
#15120000
0'
#15123600
0D
1B
0A
17
b1000010011111011 @
b10000 E
1'
#15127200
0'
#15130800
17
b1010010011000011 @
0B
1D
1C
0?
b10000 E
1'
#15134400
0'
#15138000
0D
17
b1000100110101010 @
b10000 E
1'
#15141600
0'
#15145200
07
b1110111010111110 @
1D
b10000 E
1'
#15148800
0'
#15152400
0D
1B
1A
17
b1001000110100101 @
b10000 E
1'
#15156000
0'
#15159600
17
b1011000001110111 @
0B
1D
1?
b10000 E
1'
#15163200
0'
#15166800
0D
b0 E
1'
