$date
	Wed Aug 12 14:13:40 2026
$end
$version
	Icarus Verilog
$end
$timescale
	1ps
$end
$scope module tb_i2c_master $end
$var wire 1 ! pready $end
$var wire 1 " scl_pad $end
$var wire 1 # sda_pad $end
$var wire 32 $ prdata [31:0] $end
$var wire 1 % irq $end
$var reg 1 & clk $end
$var reg 4 ' paddr [3:0] $end
$var reg 1 ( penable $end
$var reg 1 ) psel $end
$var reg 32 * pwdata [31:0] $end
$var reg 1 + pwrite $end
$var reg 32 , rdata [31:0] $end
$var reg 1 - rst_n $end
$var integer 32 . error_count [31:0] $end
$var integer 32 / scl_edges [31:0] $end
$var integer 32 0 sda_edges [31:0] $end
$scope module uut $end
$var wire 1 & clk $end
$var wire 4 1 paddr [3:0] $end
$var wire 1 ( penable $end
$var wire 1 ! pready $end
$var wire 1 ) psel $end
$var wire 32 2 pwdata [31:0] $end
$var wire 1 + pwrite $end
$var wire 1 - rst_n $end
$var wire 1 " scl_pad $end
$var wire 1 # sda_pad $end
$var wire 1 3 phase_tick $end
$var wire 1 % irq $end
$var parameter 3 4 IS_ACK $end
$var parameter 3 5 IS_IDLE $end
$var parameter 3 6 IS_READ $end
$var parameter 3 7 IS_START $end
$var parameter 3 8 IS_STOP $end
$var parameter 3 9 IS_WRITE $end
$var reg 1 : ack_out $end
$var reg 3 ; bit_idx [2:0] $end
$var reg 1 < busy $end
$var reg 1 = cmd_ack $end
$var reg 1 > cmd_read $end
$var reg 1 ? cmd_start $end
$var reg 1 @ cmd_stop $end
$var reg 1 A cmd_write $end
$var reg 3 B istate [2:0] $end
$var reg 2 C phase [1:0] $end
$var reg 32 D prdata [31:0] $end
$var reg 16 E presc_cnt [15:0] $end
$var reg 16 F prescale [15:0] $end
$var reg 8 G rx_data [7:0] $end
$var reg 1 H scl_o $end
$var reg 1 I sda_o $end
$var reg 8 J shift [7:0] $end
$var reg 8 K tx_data [7:0] $end
$upscope $end
$scope task apb_read $end
$var reg 4 L addr [3:0] $end
$var reg 32 M data [31:0] $end
$upscope $end
$scope task apb_write $end
$var reg 4 N addr [3:0] $end
$var reg 32 O data [31:0] $end
$upscope $end
$scope task check $end
$var reg 64 P expected [63:0] $end
$var reg 64 Q got [63:0] $end
$var reg 256 R msg [255:0] $end
$upscope $end
$upscope $end
$enddefinitions $end
$comment Show the parameter values. $end
$dumpall
b10 9
b101 8
b1 7
b11 6
b0 5
b100 4
$end
#0
$dumpvars
bx R
bx Q
bx P
bx O
bx N
bx M
bx L
b0 K
b0 J
1I
1H
b0 G
b1100011 F
b0 E
b0 D
b0 C
b0 B
0A
0@
0?
0>
0=
0<
b0 ;
x:
13
b0 2
b0 1
b0 0
b10 /
b0 .
0-
bx ,
0+
b0 *
0)
0(
b0 '
0&
1%
b0 $
1#
1"
1!
$end
#3600
1&
#7200
0&
#10800
1&
#14400
0&
#18000
1&
#21600
0&
#25200
1&
#28800
0&
#32400
1&
#36000
0&
#39600
1&
#43200
0&
#46800
1&
#50400
0&
#54000
1&
#57600
0&
#61200
1&
#64800
0&
#68400
03
b1100011 E
1-
1&
#72000
0&
#75600
b1100010 E
1&
#79200
0&
#82800
b1100001 E
1&
#86400
0&
#90000
b1100000 E
1&
#93600
0&
#97200
b1011111 E
1&
#100800
0&
#104400
b1011110 E
b111000001110010011001010110000101100100011110010011110100110001001000000110000101100110011101000110010101110010001000000111001001100101011100110110010101110100 R
b1 P
b1 Q
1&
#108000
0&
#111600
b1011101 E
1&
#115200
0&
#118800
b1011100 E
1&
#122400
0&
#126000
b1011011 E
1&
#129600
0&
#133200
b1011010 E
1&
#136800
0&
#140400
b1011001 E
b1000101 O
b0 N
b1010011010001000100000100100000011010010110010001101100011001010011110100110001001000000010100001110000011101010110110001101100011001010110010000100000011101010111000000101001 R
1&
#144000
0&
#147600
b1011000 E
1&
#148600
1+
1)
b1000101 *
b1000101 2
#151200
0&
#154800
b1010111 E
1&
#155800
1(
#158400
0&
#162000
b1000101 F
b1010110 E
1&
#164000
b0 L
0+
0(
0)
#165600
0&
#169200
b1010101 E
1&
#170200
1)
#172800
0&
#176400
b1010100 E
1&
#177400
1(
#180000
0&
#183600
b1010011 E
b1000101 $
b1000101 D
1&
#184600
b1000101 M
#185600
b10100000 O
b100 N
b101000001110010011001010111001101100011011000010110110001100101011100100010000001110010011001010110000101100100011000100110000101100011011010110010000000111101001000000011011000111001 R
b1000101 P
b1000101 Q
b1000101 ,
0(
0)
#187200
0&
#190800
b1010010 E
1&
#191800
1+
1)
b10100000 *
b10100000 2
b100 '
b100 1
#194400
0&
#198000
b1010001 E
1&
#199000
1(
#201600
0&
#205200
b10100000 K
b1010000 E
1&
#207200
b101 O
b1000 N
0+
0(
0)
#208800
0&
#212400
b1001111 E
1&
#213400
1+
1)
b101 *
b101 2
b1000 '
b1000 1
#216000
0&
#219600
b1001110 E
1&
#220600
1(
#223200
0&
#226800
b1001101 E
1?
1A
1&
#228800
b0 /
0+
0(
0)
#230400
0&
#234000
0?
b1 B
b111 ;
b10100000 J
0%
1<
b1001100 E
1&
#237600
0&
#241200
b1001011 E
1&
#244800
0&
#248400
b1001010 E
1&
#252000
0&
#255600
b1001001 E
1&
#259200
0&
#262800
b1001000 E
1&
#266400
0&
#270000
b1000111 E
1&
#273600
0&
#277200
b1000110 E
1&
#280800
0&
#284400
b1000101 E
1&
#288000
0&
#291600
b1000100 E
1&
#295200
0&
#298800
b1000011 E
1&
#302400
0&
#306000
b1000010 E
1&
#309600
0&
#313200
b1000001 E
1&
#316800
0&
#320400
b1000000 E
1&
#324000
0&
#327600
b111111 E
1&
#331200
0&
#334800
b111110 E
1&
#338400
0&
#342000
b111101 E
1&
#345600
0&
#349200
b111100 E
1&
#352800
0&
#356400
b111011 E
1&
#360000
0&
#363600
b111010 E
1&
#367200
0&
#370800
b111001 E
1&
#374400
0&
#378000
b111000 E
1&
#381600
0&
#385200
b110111 E
1&
#388800
0&
#392400
b110110 E
1&
#396000
0&
#399600
b110101 E
1&
#403200
0&
#406800
b110100 E
1&
#410400
0&
#414000
b110011 E
1&
#417600
0&
#421200
b110010 E
1&
#424800
0&
#428400
b110001 E
1&
#432000
0&
#435600
b110000 E
1&
#439200
0&
#442800
b101111 E
1&
#446400
0&
#450000
b101110 E
1&
#453600
0&
#457200
b101101 E
1&
#460800
0&
#464400
b101100 E
1&
#468000
0&
#471600
b101011 E
1&
#475200
0&
#478800
b101010 E
1&
#482400
0&
#486000
b101001 E
1&
#489600
0&
#493200
b101000 E
1&
#496800
0&
#500400
b100111 E
1&
#504000
0&
#507600
b100110 E
1&
#511200
0&
#514800
b100101 E
1&
#518400
0&
#522000
b100100 E
1&
#525600
0&
#529200
b100011 E
1&
#532800
0&
#536400
b100010 E
1&
#540000
0&
#543600
b100001 E
1&
#547200
0&
#550800
b100000 E
1&
#554400
0&
#558000
b11111 E
1&
#561600
0&
#565200
b11110 E
1&
#568800
0&
#572400
b11101 E
1&
#576000
0&
#579600
b11100 E
1&
#583200
0&
#586800
b11011 E
1&
#590400
0&
#594000
b11010 E
1&
#597600
0&
#601200
b11001 E
1&
#604800
0&
#608400
b11000 E
1&
#612000
0&
#615600
b10111 E
1&
#619200
0&
#622800
b10110 E
1&
#626400
0&
#630000
b10101 E
1&
#633600
0&
#637200
b10100 E
1&
#640800
0&
#644400
b10011 E
1&
#648000
0&
#651600
b10010 E
1&
#655200
0&
#658800
b10001 E
1&
#662400
0&
#666000
b10000 E
1&
#669600
0&
#673200
b1111 E
1&
#676800
0&
#680400
b1110 E
1&
#684000
0&
#687600
b1101 E
1&
#691200
0&
#694800
b1100 E
1&
#698400
0&
#702000
b1011 E
1&
#705600
0&
#709200
b1010 E
1&
#712800
0&
#716400
b1001 E
1&
#720000
0&
#723600
b1000 E
1&
#727200
0&
#730800
b111 E
1&
#734400
0&
#738000
b110 E
1&
#741600
0&
#745200
b101 E
1&
#748800
0&
#752400
b100 E
1&
#756000
0&
#759600
b11 E
1&
#763200
0&
#766800
b10 E
1&
#770400
0&
#774000
b1 E
1&
#777600
0&
#781200
13
b0 E
1&
#784800
0&
#788400
0#
b1 C
0I
03
b1000101 E
1&
#792000
0&
#795600
b1000100 E
1&
#799200
0&
#802800
b1000011 E
1&
#806400
0&
#810000
b1000010 E
1&
#813600
0&
#817200
b1000001 E
1&
#820800
0&
#824400
b1000000 E
1&
#828000
0&
#831600
b111111 E
1&
#835200
0&
#838800
b111110 E
1&
#842400
0&
#846000
b111101 E
1&
#849600
0&
#853200
b111100 E
1&
#856800
0&
#860400
b111011 E
1&
#864000
0&
#867600
b111010 E
1&
#871200
0&
#874800
b111001 E
1&
#878400
0&
#882000
b111000 E
1&
#885600
0&
#889200
b110111 E
1&
#892800
0&
#896400
b110110 E
1&
#900000
0&
#903600
b110101 E
1&
#907200
0&
#910800
b110100 E
1&
#914400
0&
#918000
b110011 E
1&
#921600
0&
#925200
b110010 E
1&
#928800
0&
#932400
b110001 E
1&
#936000
0&
#939600
b110000 E
1&
#943200
0&
#946800
b101111 E
1&
#950400
0&
#954000
b101110 E
1&
#957600
0&
#961200
b101101 E
1&
#964800
0&
#968400
b101100 E
1&
#972000
0&
#975600
b101011 E
1&
#979200
0&
#982800
b101010 E
1&
#986400
0&
#990000
b101001 E
1&
#993600
0&
#997200
b101000 E
1&
#1000800
0&
#1004400
b100111 E
1&
#1008000
0&
#1011600
b100110 E
1&
#1015200
0&
#1018800
b100101 E
1&
#1022400
0&
#1026000
b100100 E
1&
#1029600
0&
#1033200
b100011 E
1&
#1036800
0&
#1040400
b100010 E
1&
#1044000
0&
#1047600
b100001 E
1&
#1051200
0&
#1054800
b100000 E
1&
#1058400
0&
#1062000
b11111 E
1&
#1065600
0&
#1069200
b11110 E
1&
#1072800
0&
#1076400
b11101 E
1&
#1080000
0&
#1083600
b11100 E
1&
#1087200
0&
#1090800
b11011 E
1&
#1094400
0&
#1098000
b11010 E
1&
#1101600
0&
#1105200
b11001 E
1&
#1108800
0&
#1112400
b11000 E
1&
#1116000
0&
#1119600
b10111 E
1&
#1123200
0&
#1126800
b10110 E
1&
#1130400
0&
#1134000
b10101 E
1&
#1137600
0&
#1141200
b10100 E
1&
#1144800
0&
#1148400
b10011 E
1&
#1152000
0&
#1155600
b10010 E
1&
#1159200
0&
#1162800
b10001 E
1&
#1166400
0&
#1170000
b10000 E
1&
#1173600
0&
#1177200
b1111 E
1&
#1180800
0&
#1184400
b1110 E
1&
#1188000
0&
#1191600
b1101 E
1&
#1195200
0&
#1198800
b1100 E
1&
#1202400
0&
#1206000
b1011 E
1&
#1209600
0&
#1213200
b1010 E
1&
#1216800
0&
#1220400
b1001 E
1&
#1224000
0&
#1227600
b1000 E
1&
#1231200
0&
#1234800
b111 E
1&
#1238400
0&
#1242000
b110 E
1&
#1245600
0&
#1249200
b101 E
1&
#1252800
0&
#1256400
b100 E
1&
#1260000
0&
#1263600
b11 E
1&
#1267200
0&
#1270800
b10 E
1&
#1274400
0&
#1278000
b1 E
1&
#1281600
0&
#1285200
13
b0 E
1&
#1288800
0&
#1292400
b1 /
0"
b10 C
0H
03
b1000101 E
1&
#1296000
0&
#1299600
b1000100 E
1&
#1303200
0&
#1306800
b1000011 E
1&
#1310400
0&
#1314000
b1000010 E
1&
#1317600
0&
#1321200
b1000001 E
1&
#1324800
0&
#1328400
b1000000 E
1&
#1332000
0&
#1335600
b111111 E
1&
#1339200
0&
#1342800
b111110 E
1&
#1346400
0&
#1350000
b111101 E
1&
#1353600
0&
#1357200
b111100 E
1&
#1360800
0&
#1364400
b111011 E
1&
#1368000
0&
#1371600
b111010 E
1&
#1375200
0&
#1378800
b111001 E
1&
#1382400
0&
#1386000
b111000 E
1&
#1389600
0&
#1393200
b110111 E
1&
#1396800
0&
#1400400
b110110 E
1&
#1404000
0&
#1407600
b110101 E
1&
#1411200
0&
#1414800
b110100 E
1&
#1418400
0&
#1422000
b110011 E
1&
#1425600
0&
#1429200
b110010 E
1&
#1432800
0&
#1436400
b110001 E
1&
#1440000
0&
#1443600
b110000 E
1&
#1447200
0&
#1450800
b101111 E
1&
#1454400
0&
#1458000
b101110 E
1&
#1461600
0&
#1465200
b101101 E
1&
#1468800
0&
#1472400
b101100 E
1&
#1476000
0&
#1479600
b101011 E
1&
#1483200
0&
#1486800
b101010 E
1&
#1490400
0&
#1494000
b101001 E
1&
#1497600
0&
#1501200
b101000 E
1&
#1504800
0&
#1508400
b100111 E
1&
#1512000
0&
#1515600
b100110 E
1&
#1519200
0&
#1522800
b100101 E
1&
#1526400
0&
#1530000
b100100 E
1&
#1533600
0&
#1537200
b100011 E
1&
#1540800
0&
#1544400
b100010 E
1&
#1548000
0&
#1551600
b100001 E
1&
#1555200
0&
#1558800
b100000 E
1&
#1562400
0&
#1566000
b11111 E
1&
#1569600
0&
#1573200
b11110 E
1&
#1576800
0&
#1580400
b11101 E
1&
#1584000
0&
#1587600
b11100 E
1&
#1591200
0&
#1594800
b11011 E
1&
#1598400
0&
#1602000
b11010 E
1&
#1605600
0&
#1609200
b11001 E
1&
#1612800
0&
#1616400
b11000 E
1&
#1620000
0&
#1623600
b10111 E
1&
#1627200
0&
#1630800
b10110 E
1&
#1634400
0&
#1638000
b10101 E
1&
#1641600
0&
#1645200
b10100 E
1&
#1648800
0&
#1652400
b10011 E
1&
#1656000
0&
#1659600
b10010 E
1&
#1663200
0&
#1666800
b10001 E
1&
#1670400
0&
#1674000
b10000 E
1&
#1677600
0&
#1681200
b1111 E
1&
#1684800
0&
#1688400
b1110 E
1&
#1692000
0&
#1695600
b1101 E
1&
#1699200
0&
#1702800
b1100 E
1&
#1706400
0&
#1710000
b1011 E
1&
#1713600
0&
#1717200
b1010 E
1&
#1720800
0&
#1724400
b1001 E
1&
#1728000
0&
#1731600
b1000 E
1&
#1735200
0&
#1738800
b111 E
1&
#1742400
0&
#1746000
b110 E
1&
#1749600
0&
#1753200
b101 E
1&
#1756800
0&
#1760400
b100 E
1&
#1764000
0&
#1767600
b11 E
1&
#1771200
0&
#1774800
b10 E
1&
#1778400
0&
#1782000
b1 E
1&
#1785600
0&
#1789200
13
b0 E
1&
#1792800
0&
#1796400
b11 C
03
b1000101 E
1&
#1800000
0&
#1803600
b1000100 E
1&
#1807200
0&
#1810800
b1000011 E
1&
#1814400
0&
#1818000
b1000010 E
1&
#1821600
0&
#1825200
b1000001 E
1&
#1828800
0&
#1832400
b1000000 E
1&
#1836000
0&
#1839600
b111111 E
1&
#1843200
0&
#1846800
b111110 E
1&
#1850400
0&
#1854000
b111101 E
1&
#1857600
0&
#1861200
b111100 E
1&
#1864800
0&
#1868400
b111011 E
1&
#1872000
0&
#1875600
b111010 E
1&
#1879200
0&
#1882800
b111001 E
1&
#1886400
0&
#1890000
b111000 E
1&
#1893600
0&
#1897200
b110111 E
1&
#1900800
0&
#1904400
b110110 E
1&
#1908000
0&
#1911600
b110101 E
1&
#1915200
0&
#1918800
b110100 E
1&
#1922400
0&
#1926000
b110011 E
1&
#1929600
0&
#1933200
b110010 E
1&
#1936800
0&
#1940400
b110001 E
1&
#1944000
0&
#1947600
b110000 E
1&
#1951200
0&
#1954800
b101111 E
1&
#1958400
0&
#1962000
b101110 E
1&
#1965600
0&
#1969200
b101101 E
1&
#1972800
0&
#1976400
b101100 E
1&
#1980000
0&
#1983600
b101011 E
1&
#1987200
0&
#1990800
b101010 E
1&
#1994400
0&
#1998000
b101001 E
1&
#2001600
0&
#2005200
b101000 E
1&
#2008800
0&
#2012400
b100111 E
1&
#2016000
0&
#2019600
b100110 E
1&
#2023200
0&
#2026800
b100101 E
1&
#2030400
0&
#2034000
b100100 E
1&
#2037600
0&
#2041200
b100011 E
1&
#2044800
0&
#2048400
b100010 E
1&
#2052000
0&
#2055600
b100001 E
1&
#2059200
0&
#2062800
b100000 E
1&
#2066400
0&
#2070000
b11111 E
1&
#2073600
0&
#2077200
b11110 E
1&
#2080800
0&
#2084400
b11101 E
1&
#2088000
0&
#2091600
b11100 E
1&
#2095200
0&
#2098800
b11011 E
1&
#2102400
0&
#2106000
b11010 E
1&
#2109600
0&
#2113200
b11001 E
1&
#2116800
0&
#2120400
b11000 E
1&
#2124000
0&
#2127600
b10111 E
1&
#2131200
0&
#2134800
b10110 E
1&
#2138400
0&
#2142000
b10101 E
1&
#2145600
0&
#2149200
b10100 E
1&
#2152800
0&
#2156400
b10011 E
1&
#2160000
0&
#2163600
b10010 E
1&
#2167200
0&
#2170800
b10001 E
1&
#2174400
0&
#2178000
b10000 E
1&
#2181600
0&
#2185200
b1111 E
1&
#2188800
0&
#2192400
b1110 E
1&
#2196000
0&
#2199600
b1101 E
1&
#2203200
0&
#2206800
b1100 E
1&
#2210400
0&
#2214000
b1011 E
1&
#2217600
0&
#2221200
b1010 E
1&
#2224800
0&
#2228400
b1001 E
1&
#2232000
0&
#2235600
b1000 E
1&
#2239200
0&
#2242800
b111 E
1&
#2246400
0&
#2250000
b110 E
1&
#2253600
0&
#2257200
b101 E
1&
#2260800
0&
#2264400
b100 E
1&
#2268000
0&
#2271600
b11 E
1&
#2275200
0&
#2278800
b10 E
1&
#2282400
0&
#2286000
b1 E
1&
#2289600
0&
#2293200
13
b0 E
1&
#2296800
0&
#2300400
b0 C
b10 B
03
b1000101 E
1&
#2304000
0&
#2307600
b1000100 E
1&
#2311200
0&
#2314800
b1000011 E
1&
#2318400
0&
#2322000
b1000010 E
1&
#2325600
0&
#2329200
b1000001 E
1&
#2332800
0&
#2336400
b1000000 E
1&
#2340000
0&
#2343600
b111111 E
1&
#2347200
0&
#2350800
b111110 E
1&
#2354400
0&
#2358000
b111101 E
1&
#2361600
0&
#2365200
b111100 E
1&
#2368800
0&
#2372400
b111011 E
1&
#2376000
0&
#2379600
b111010 E
1&
#2383200
0&
#2386800
b111001 E
1&
#2390400
0&
#2394000
b111000 E
1&
#2397600
0&
#2401200
b110111 E
1&
#2404800
0&
#2408400
b110110 E
1&
#2412000
0&
#2415600
b110101 E
1&
#2419200
0&
#2422800
b110100 E
1&
#2426400
0&
#2430000
b110011 E
1&
#2433600
0&
#2437200
b110010 E
1&
#2440800
0&
#2444400
b110001 E
1&
#2448000
0&
#2451600
b110000 E
1&
#2455200
0&
#2458800
b101111 E
1&
#2462400
0&
#2466000
b101110 E
1&
#2469600
0&
#2473200
b101101 E
1&
#2476800
0&
#2480400
b101100 E
1&
#2484000
0&
#2487600
b101011 E
1&
#2491200
0&
#2494800
b101010 E
1&
#2498400
0&
#2502000
b101001 E
1&
#2505600
0&
#2509200
b101000 E
1&
#2512800
0&
#2516400
b100111 E
1&
#2520000
0&
#2523600
b100110 E
1&
#2527200
0&
#2530800
b100101 E
1&
#2534400
0&
#2538000
b100100 E
1&
#2541600
0&
#2545200
b100011 E
1&
#2548800
0&
#2552400
b100010 E
1&
#2556000
0&
#2559600
b100001 E
1&
#2563200
0&
#2566800
b100000 E
1&
#2570400
0&
#2574000
b11111 E
1&
#2577600
0&
#2581200
b11110 E
1&
#2584800
0&
#2588400
b11101 E
1&
#2592000
0&
#2595600
b11100 E
1&
#2599200
0&
#2602800
b11011 E
1&
#2606400
0&
#2610000
b11010 E
1&
#2613600
0&
#2617200
b11001 E
1&
#2620800
0&
#2624400
b11000 E
1&
#2628000
0&
#2631600
b10111 E
1&
#2635200
0&
#2638800
b10110 E
1&
#2642400
0&
#2646000
b10101 E
1&
#2649600
0&
#2653200
b10100 E
1&
#2656800
0&
#2660400
b10011 E
1&
#2664000
0&
#2667600
b10010 E
1&
#2671200
0&
#2674800
b10001 E
1&
#2678400
0&
#2682000
b10000 E
1&
#2685600
0&
#2689200
b1111 E
1&
#2692800
0&
#2696400
b1110 E
1&
#2700000
0&
#2703600
b1101 E
1&
#2707200
0&
#2710800
b1100 E
1&
#2714400
0&
#2718000
b1011 E
1&
#2721600
0&
#2725200
b1010 E
1&
#2728800
0&
#2732400
b1001 E
1&
#2736000
0&
#2739600
b1000 E
1&
#2743200
0&
#2746800
b111 E
1&
#2750400
0&
#2754000
b110 E
1&
#2757600
0&
#2761200
b101 E
1&
#2764800
0&
#2768400
b100 E
1&
#2772000
0&
#2775600
b11 E
1&
#2779200
0&
#2782800
b10 E
1&
#2786400
0&
#2790000
b1 E
1&
#2793600
0&
#2797200
13
b0 E
1&
#2800800
0&
#2804400
1#
b1 C
1I
03
b1000101 E
1&
#2808000
0&
#2811600
b1000100 E
1&
#2815200
0&
#2818800
b1000011 E
1&
#2822400
0&
#2826000
b1000010 E
1&
#2829600
0&
#2833200
b1000001 E
1&
#2836800
0&
#2840400
b1000000 E
1&
#2844000
0&
#2847600
b111111 E
1&
#2851200
0&
#2854800
b111110 E
1&
#2858400
0&
#2862000
b111101 E
1&
#2865600
0&
#2869200
b111100 E
1&
#2872800
0&
#2876400
b111011 E
1&
#2880000
0&
#2883600
b111010 E
1&
#2887200
0&
#2890800
b111001 E
1&
#2894400
0&
#2898000
b111000 E
1&
#2901600
0&
#2905200
b110111 E
1&
#2908800
0&
#2912400
b110110 E
1&
#2916000
0&
#2919600
b110101 E
1&
#2923200
0&
#2926800
b110100 E
1&
#2930400
0&
#2934000
b110011 E
1&
#2937600
0&
#2941200
b110010 E
1&
#2944800
0&
#2948400
b110001 E
1&
#2952000
0&
#2955600
b110000 E
1&
#2959200
0&
#2962800
b101111 E
1&
#2966400
0&
#2970000
b101110 E
1&
#2973600
0&
#2977200
b101101 E
1&
#2980800
0&
#2984400
b101100 E
1&
#2988000
0&
#2991600
b101011 E
1&
#2995200
0&
#2998800
b101010 E
1&
#3002400
0&
#3006000
b101001 E
1&
#3009600
0&
#3013200
b101000 E
1&
#3016800
0&
#3020400
b100111 E
1&
#3024000
0&
#3027600
b100110 E
1&
#3031200
0&
#3034800
b100101 E
1&
#3038400
0&
#3042000
b100100 E
1&
#3045600
0&
#3049200
b100011 E
1&
#3052800
0&
#3056400
b100010 E
1&
#3060000
0&
#3063600
b100001 E
1&
#3067200
0&
#3070800
b100000 E
1&
#3074400
0&
#3078000
b11111 E
1&
#3081600
0&
#3085200
b11110 E
1&
#3088800
0&
#3092400
b11101 E
1&
#3096000
0&
#3099600
b11100 E
1&
#3103200
0&
#3106800
b11011 E
1&
#3110400
0&
#3114000
b11010 E
1&
#3117600
0&
#3121200
b11001 E
1&
#3124800
0&
#3128400
b11000 E
1&
#3132000
0&
#3135600
b10111 E
1&
#3139200
0&
#3142800
b10110 E
1&
#3146400
0&
#3150000
b10101 E
1&
#3153600
0&
#3157200
b10100 E
1&
#3160800
0&
#3164400
b10011 E
1&
#3168000
0&
#3171600
b10010 E
1&
#3175200
0&
#3178800
b10001 E
1&
#3182400
0&
#3186000
b10000 E
1&
#3189600
0&
#3193200
b1111 E
1&
#3196800
0&
#3200400
b1110 E
1&
#3204000
0&
#3207600
b1101 E
1&
#3211200
0&
#3214800
b1100 E
1&
#3218400
0&
#3222000
b1011 E
1&
#3225600
0&
#3229200
b1010 E
1&
#3232800
0&
#3236400
b1001 E
1&
#3240000
0&
#3243600
b1000 E
1&
#3247200
0&
#3250800
b111 E
1&
#3254400
0&
#3258000
b110 E
1&
#3261600
0&
#3265200
b101 E
1&
#3268800
0&
#3272400
b100 E
1&
#3276000
0&
#3279600
b11 E
1&
#3283200
0&
#3286800
b10 E
1&
#3290400
0&
#3294000
b1 E
1&
#3297600
0&
#3301200
13
b0 E
1&
#3304800
0&
#3308400
b10 /
1"
b10 C
1H
03
b1000101 E
1&
#3312000
0&
#3315600
b1000100 E
1&
#3319200
0&
#3322800
b1000011 E
1&
#3326400
0&
#3330000
b1000010 E
1&
#3333600
0&
#3337200
b1000001 E
1&
#3340800
0&
#3344400
b1000000 E
1&
#3348000
0&
#3351600
b111111 E
1&
#3355200
0&
#3358800
b111110 E
1&
#3362400
0&
#3366000
b111101 E
1&
#3369600
0&
#3373200
b111100 E
1&
#3376800
0&
#3380400
b111011 E
1&
#3384000
0&
#3387600
b111010 E
1&
#3391200
0&
#3394800
b111001 E
1&
#3398400
0&
#3402000
b111000 E
1&
#3405600
0&
#3409200
b110111 E
1&
#3412800
0&
#3416400
b110110 E
1&
#3420000
0&
#3423600
b110101 E
1&
#3427200
0&
#3430800
b110100 E
1&
#3434400
0&
#3438000
b110011 E
1&
#3441600
0&
#3445200
b110010 E
1&
#3448800
0&
#3452400
b110001 E
1&
#3456000
0&
#3459600
b110000 E
1&
#3463200
0&
#3466800
b101111 E
1&
#3470400
0&
#3474000
b101110 E
1&
#3477600
0&
#3481200
b101101 E
1&
#3484800
0&
#3488400
b101100 E
1&
#3492000
0&
#3495600
b101011 E
1&
#3499200
0&
#3502800
b101010 E
1&
#3506400
0&
#3510000
b101001 E
1&
#3513600
0&
#3517200
b101000 E
1&
#3520800
0&
#3524400
b100111 E
1&
#3528000
0&
#3531600
b100110 E
1&
#3535200
0&
#3538800
b100101 E
1&
#3542400
0&
#3546000
b100100 E
1&
#3549600
0&
#3553200
b100011 E
1&
#3556800
0&
#3560400
b100010 E
1&
#3564000
0&
#3567600
b100001 E
1&
#3571200
0&
#3574800
b100000 E
1&
#3578400
0&
#3582000
b11111 E
1&
#3585600
0&
#3589200
b11110 E
1&
#3592800
0&
#3596400
b11101 E
1&
#3600000
0&
#3603600
b11100 E
1&
#3607200
0&
#3610800
b11011 E
1&
#3614400
0&
#3618000
b11010 E
1&
#3621600
0&
#3625200
b11001 E
1&
#3628800
0&
#3632400
b11000 E
1&
#3636000
0&
#3639600
b10111 E
1&
#3643200
0&
#3646800
b10110 E
1&
#3650400
0&
#3654000
b10101 E
1&
#3657600
0&
#3661200
b10100 E
1&
#3664800
0&
#3668400
b10011 E
1&
#3672000
0&
#3675600
b10010 E
1&
#3679200
0&
#3682800
b10001 E
1&
#3686400
0&
#3690000
b10000 E
1&
#3693600
0&
#3697200
b1111 E
1&
#3700800
0&
#3704400
b1110 E
1&
#3708000
0&
#3711600
b1101 E
1&
#3715200
0&
#3718800
b1100 E
1&
#3722400
0&
#3726000
b1011 E
1&
#3729600
0&
#3733200
b1010 E
1&
#3736800
0&
#3740400
b1001 E
1&
#3744000
0&
#3747600
b1000 E
1&
#3751200
0&
#3754800
b111 E
1&
#3758400
0&
#3762000
b110 E
1&
#3765600
0&
#3769200
b101 E
1&
#3772800
0&
#3776400
b100 E
1&
#3780000
0&
#3783600
b11 E
1&
#3787200
0&
#3790800
b10 E
1&
#3794400
0&
#3798000
b1 E
1&
#3801600
0&
#3805200
13
b0 E
1&
#3808800
0&
#3812400
b11 C
03
b1000101 E
1&
#3816000
0&
#3819600
b1000100 E
1&
#3823200
0&
#3826800
b1000011 E
1&
#3830400
0&
#3834000
b1000010 E
1&
#3837600
0&
#3841200
b1000001 E
1&
#3844800
0&
#3848400
b1000000 E
1&
#3852000
0&
#3855600
b111111 E
1&
#3859200
0&
#3862800
b111110 E
1&
#3866400
0&
#3870000
b111101 E
1&
#3873600
0&
#3877200
b111100 E
1&
#3880800
0&
#3884400
b111011 E
1&
#3888000
0&
#3891600
b111010 E
1&
#3895200
0&
#3898800
b111001 E
1&
#3902400
0&
#3906000
b111000 E
1&
#3909600
0&
#3913200
b110111 E
1&
#3916800
0&
#3920400
b110110 E
1&
#3924000
0&
#3927600
b110101 E
1&
#3931200
0&
#3934800
b110100 E
1&
#3938400
0&
#3942000
b110011 E
1&
#3945600
0&
#3949200
b110010 E
1&
#3952800
0&
#3956400
b110001 E
1&
#3960000
0&
#3963600
b110000 E
1&
#3967200
0&
#3970800
b101111 E
1&
#3974400
0&
#3978000
b101110 E
1&
#3981600
0&
#3985200
b101101 E
1&
#3988800
0&
#3992400
b101100 E
1&
#3996000
0&
#3999600
b101011 E
1&
#4003200
0&
#4006800
b101010 E
1&
#4010400
0&
#4014000
b101001 E
1&
#4017600
0&
#4021200
b101000 E
1&
#4024800
0&
#4028400
b100111 E
1&
#4032000
0&
#4035600
b100110 E
1&
#4039200
0&
#4042800
b100101 E
1&
#4046400
0&
#4050000
b100100 E
1&
#4053600
0&
#4057200
b100011 E
1&
#4060800
0&
#4064400
b100010 E
1&
#4068000
0&
#4071600
b100001 E
1&
#4075200
0&
#4078800
b100000 E
1&
#4082400
0&
#4086000
b11111 E
1&
#4089600
0&
#4093200
b11110 E
1&
#4096800
0&
#4100400
b11101 E
1&
#4104000
0&
#4107600
b11100 E
1&
#4111200
0&
#4114800
b11011 E
1&
#4118400
0&
#4122000
b11010 E
1&
#4125600
0&
#4129200
b11001 E
1&
#4132800
0&
#4136400
b11000 E
1&
#4140000
0&
#4143600
b10111 E
1&
#4147200
0&
#4150800
b10110 E
1&
#4154400
0&
#4158000
b10101 E
1&
#4161600
0&
#4165200
b10100 E
1&
#4168800
0&
#4172400
b10011 E
1&
#4176000
0&
#4179600
b10010 E
1&
#4183200
0&
#4186800
b10001 E
1&
#4190400
0&
#4194000
b10000 E
1&
#4197600
0&
#4201200
b1111 E
1&
#4204800
0&
#4208400
b1110 E
1&
#4212000
0&
#4215600
b1101 E
1&
#4219200
0&
#4222800
b1100 E
1&
#4226400
0&
#4230000
b1011 E
1&
#4233600
0&
#4237200
b1010 E
1&
#4240800
0&
#4244400
b1001 E
1&
#4248000
0&
#4251600
b1000 E
1&
#4255200
0&
#4258800
b111 E
1&
#4262400
0&
#4266000
b110 E
1&
#4269600
0&
#4273200
b101 E
1&
#4276800
0&
#4280400
b100 E
1&
#4284000
0&
#4287600
b11 E
1&
#4291200
0&
#4294800
b10 E
1&
#4298400
0&
#4302000
b1 E
1&
#4305600
0&
#4309200
13
b0 E
1&
#4312800
0&
#4316400
b11 /
0"
b0 C
b110 ;
b1000000 J
0H
03
b1000101 E
1&
#4320000
0&
#4323600
b1000100 E
1&
#4327200
0&
#4330800
b1000011 E
1&
#4334400
0&
#4338000
b1000010 E
1&
#4341600
0&
#4345200
b1000001 E
1&
#4348800
0&
#4352400
b1000000 E
1&
#4356000
0&
#4359600
b111111 E
1&
#4363200
0&
#4366800
b111110 E
1&
#4370400
0&
#4374000
b111101 E
1&
#4377600
0&
#4381200
b111100 E
1&
#4384800
0&
#4388400
b111011 E
1&
#4392000
0&
#4395600
b111010 E
1&
#4399200
0&
#4402800
b111001 E
1&
#4406400
0&
#4410000
b111000 E
1&
#4413600
0&
#4417200
b110111 E
1&
#4420800
0&
#4424400
b110110 E
1&
#4428000
0&
#4431600
b110101 E
1&
#4435200
0&
#4438800
b110100 E
1&
#4442400
0&
#4446000
b110011 E
1&
#4449600
0&
#4453200
b110010 E
1&
#4456800
0&
#4460400
b110001 E
1&
#4464000
0&
#4467600
b110000 E
1&
#4471200
0&
#4474800
b101111 E
1&
#4478400
0&
#4482000
b101110 E
1&
#4485600
0&
#4489200
b101101 E
1&
#4492800
0&
#4496400
b101100 E
1&
#4500000
0&
#4503600
b101011 E
1&
#4507200
0&
#4510800
b101010 E
1&
#4514400
0&
#4518000
b101001 E
1&
#4521600
0&
#4525200
b101000 E
1&
#4528800
0&
#4532400
b100111 E
1&
#4536000
0&
#4539600
b100110 E
1&
#4543200
0&
#4546800
b100101 E
1&
#4550400
0&
#4554000
b100100 E
1&
#4557600
0&
#4561200
b100011 E
1&
#4564800
0&
#4568400
b100010 E
1&
#4572000
0&
#4575600
b100001 E
1&
#4579200
0&
#4582800
b100000 E
1&
#4586400
0&
#4590000
b11111 E
1&
#4593600
0&
#4597200
b11110 E
1&
#4600800
0&
#4604400
b11101 E
1&
#4608000
0&
#4611600
b11100 E
1&
#4615200
0&
#4618800
b11011 E
1&
#4622400
0&
#4626000
b11010 E
1&
#4629600
0&
#4633200
b11001 E
1&
#4636800
0&
#4640400
b11000 E
1&
#4644000
0&
#4647600
b10111 E
1&
#4651200
0&
#4654800
b10110 E
1&
#4658400
0&
#4662000
b10101 E
1&
#4665600
0&
#4669200
b10100 E
1&
#4672800
0&
#4676400
b10011 E
1&
#4680000
0&
#4683600
b10010 E
1&
#4687200
0&
#4690800
b10001 E
1&
#4694400
0&
#4698000
b10000 E
1&
#4701600
0&
#4705200
b1111 E
1&
#4708800
0&
#4712400
b1110 E
1&
#4716000
0&
#4719600
b1101 E
1&
#4723200
0&
#4726800
b1100 E
1&
#4730400
0&
#4734000
b1011 E
1&
#4737600
0&
#4741200
b1010 E
1&
#4744800
0&
#4748400
b1001 E
1&
#4752000
0&
#4755600
b1000 E
1&
#4759200
0&
#4762800
b111 E
1&
#4766400
0&
#4770000
b110 E
1&
#4773600
0&
#4777200
b101 E
1&
#4780800
0&
#4784400
b100 E
1&
#4788000
0&
#4791600
b11 E
1&
#4795200
0&
#4798800
b10 E
1&
#4802400
0&
#4806000
b1 E
1&
#4809600
0&
#4813200
13
b0 E
1&
#4816800
0&
#4820400
0#
b1 C
0I
03
b1000101 E
1&
#4824000
0&
#4827600
b1000100 E
1&
#4831200
0&
#4834800
b1000011 E
1&
#4838400
0&
#4842000
b1000010 E
1&
#4845600
0&
#4849200
b1000001 E
1&
#4852800
0&
#4856400
b1000000 E
1&
#4860000
0&
#4863600
b111111 E
1&
#4867200
0&
#4870800
b111110 E
1&
#4874400
0&
#4878000
b111101 E
1&
#4881600
0&
#4885200
b111100 E
1&
#4888800
0&
#4892400
b111011 E
1&
#4896000
0&
#4899600
b111010 E
1&
#4903200
0&
#4906800
b111001 E
1&
#4910400
0&
#4914000
b111000 E
1&
#4917600
0&
#4921200
b110111 E
1&
#4924800
0&
#4928400
b110110 E
1&
#4932000
0&
#4935600
b110101 E
1&
#4939200
0&
#4942800
b110100 E
1&
#4946400
0&
#4950000
b110011 E
1&
#4953600
0&
#4957200
b110010 E
1&
#4960800
0&
#4964400
b110001 E
1&
#4968000
0&
#4971600
b110000 E
1&
#4975200
0&
#4978800
b101111 E
1&
#4982400
0&
#4986000
b101110 E
1&
#4989600
0&
#4993200
b101101 E
1&
#4996800
0&
#5000400
b101100 E
1&
#5004000
0&
#5007600
b101011 E
1&
#5011200
0&
#5014800
b101010 E
1&
#5018400
0&
#5022000
b101001 E
1&
#5025600
0&
#5029200
b101000 E
1&
#5032800
0&
#5036400
b100111 E
1&
#5040000
0&
#5043600
b100110 E
1&
#5047200
0&
#5050800
b100101 E
1&
#5054400
0&
#5058000
b100100 E
1&
#5061600
0&
#5065200
b100011 E
1&
#5068800
0&
#5072400
b100010 E
1&
#5076000
0&
#5079600
b100001 E
1&
#5083200
0&
#5086800
b100000 E
1&
#5090400
0&
#5094000
b11111 E
1&
#5097600
0&
#5101200
b11110 E
1&
#5104800
0&
#5108400
b11101 E
1&
#5112000
0&
#5115600
b11100 E
1&
#5119200
0&
#5122800
b11011 E
1&
#5126400
0&
#5130000
b11010 E
1&
#5133600
0&
#5137200
b11001 E
1&
#5140800
0&
#5144400
b11000 E
1&
#5148000
0&
#5151600
b10111 E
1&
#5155200
0&
#5158800
b10110 E
1&
#5162400
0&
#5166000
b10101 E
1&
#5169600
0&
#5173200
b10100 E
1&
#5176800
0&
#5180400
b10011 E
1&
#5184000
0&
#5187600
b10010 E
1&
#5191200
0&
#5194800
b10001 E
1&
#5198400
0&
#5202000
b10000 E
1&
#5205600
0&
#5209200
b1111 E
1&
#5212800
0&
#5216400
b1110 E
1&
#5220000
0&
#5223600
b1101 E
1&
#5227200
0&
#5230800
b1100 E
1&
#5234400
0&
#5238000
b1011 E
1&
#5241600
0&
#5245200
b1010 E
1&
#5248800
0&
#5252400
b1001 E
1&
#5256000
0&
#5259600
b1000 E
1&
#5263200
0&
#5266800
b111 E
1&
#5270400
0&
#5274000
b110 E
1&
#5277600
0&
#5281200
b101 E
1&
#5284800
0&
#5288400
b100 E
1&
#5292000
0&
#5295600
b11 E
1&
#5299200
0&
#5302800
b10 E
1&
#5306400
0&
#5310000
b1 E
1&
#5313600
0&
#5317200
13
b0 E
1&
#5320800
0&
#5324400
b100 /
1"
b10 C
1H
03
b1000101 E
1&
#5328000
0&
#5331600
b1000100 E
1&
#5335200
0&
#5338800
b1000011 E
1&
#5342400
0&
#5346000
b1000010 E
1&
#5349600
0&
#5353200
b1000001 E
1&
#5356800
0&
#5360400
b1000000 E
1&
#5364000
0&
#5367600
b111111 E
1&
#5371200
0&
#5374800
b111110 E
1&
#5378400
0&
#5382000
b111101 E
1&
#5385600
0&
#5389200
b111100 E
1&
#5392800
0&
#5396400
b111011 E
1&
#5400000
0&
#5403600
b111010 E
1&
#5407200
0&
#5410800
b111001 E
1&
#5414400
0&
#5418000
b111000 E
1&
#5421600
0&
#5425200
b110111 E
1&
#5428800
0&
#5432400
b110110 E
1&
#5436000
0&
#5439600
b110101 E
1&
#5443200
0&
#5446800
b110100 E
1&
#5450400
0&
#5454000
b110011 E
1&
#5457600
0&
#5461200
b110010 E
1&
#5464800
0&
#5468400
b110001 E
1&
#5472000
0&
#5475600
b110000 E
1&
#5479200
0&
#5482800
b101111 E
1&
#5486400
0&
#5490000
b101110 E
1&
#5493600
0&
#5497200
b101101 E
1&
#5500800
0&
#5504400
b101100 E
1&
#5508000
0&
#5511600
b101011 E
1&
#5515200
0&
#5518800
b101010 E
1&
#5522400
0&
#5526000
b101001 E
1&
#5529600
0&
#5533200
b101000 E
1&
#5536800
0&
#5540400
b100111 E
1&
#5544000
0&
#5547600
b100110 E
1&
#5551200
0&
#5554800
b100101 E
1&
#5558400
0&
#5562000
b100100 E
1&
#5565600
0&
#5569200
b100011 E
1&
#5572800
0&
#5576400
b100010 E
1&
#5580000
0&
#5583600
b100001 E
1&
#5587200
0&
#5590800
b100000 E
1&
#5594400
0&
#5598000
b11111 E
1&
#5601600
0&
#5605200
b11110 E
1&
#5608800
0&
#5612400
b11101 E
1&
#5616000
0&
#5619600
b11100 E
1&
#5623200
0&
#5626800
b11011 E
1&
#5630400
0&
#5634000
b11010 E
1&
#5637600
0&
#5641200
b11001 E
1&
#5644800
0&
#5648400
b11000 E
1&
#5652000
0&
#5655600
b10111 E
1&
#5659200
0&
#5662800
b10110 E
1&
#5666400
0&
#5670000
b10101 E
1&
#5673600
0&
#5677200
b10100 E
1&
#5680800
0&
#5684400
b10011 E
1&
#5688000
0&
#5691600
b10010 E
1&
#5695200
0&
#5698800
b10001 E
1&
#5702400
0&
#5706000
b10000 E
1&
#5709600
0&
#5713200
b1111 E
1&
#5716800
0&
#5720400
b1110 E
1&
#5724000
0&
#5727600
b1101 E
1&
#5731200
0&
#5734800
b1100 E
1&
#5738400
0&
#5742000
b1011 E
1&
#5745600
0&
#5749200
b1010 E
1&
#5752800
0&
#5756400
b1001 E
1&
#5760000
0&
#5763600
b1000 E
1&
#5767200
0&
#5770800
b111 E
1&
#5774400
0&
#5778000
b110 E
1&
#5781600
0&
#5785200
b101 E
1&
#5788800
0&
#5792400
b100 E
1&
#5796000
0&
#5799600
b11 E
1&
#5803200
0&
#5806800
b10 E
1&
#5810400
0&
#5814000
b1 E
1&
#5817600
0&
#5821200
13
b0 E
1&
#5824800
0&
#5828400
b11 C
03
b1000101 E
1&
#5832000
0&
#5835600
b1000100 E
1&
#5839200
0&
#5842800
b1000011 E
1&
#5846400
0&
#5850000
b1000010 E
1&
#5853600
0&
#5857200
b1000001 E
1&
#5860800
0&
#5864400
b1000000 E
1&
#5868000
0&
#5871600
b111111 E
1&
#5875200
0&
#5878800
b111110 E
1&
#5882400
0&
#5886000
b111101 E
1&
#5889600
0&
#5893200
b111100 E
1&
#5896800
0&
#5900400
b111011 E
1&
#5904000
0&
#5907600
b111010 E
1&
#5911200
0&
#5914800
b111001 E
1&
#5918400
0&
#5922000
b111000 E
1&
#5925600
0&
#5929200
b110111 E
1&
#5932800
0&
#5936400
b110110 E
1&
#5940000
0&
#5943600
b110101 E
1&
#5947200
0&
#5950800
b110100 E
1&
#5954400
0&
#5958000
b110011 E
1&
#5961600
0&
#5965200
b110010 E
1&
#5968800
0&
#5972400
b110001 E
1&
#5976000
0&
#5979600
b110000 E
1&
#5983200
0&
#5986800
b101111 E
1&
#5990400
0&
#5994000
b101110 E
1&
#5997600
0&
#6001200
b101101 E
1&
#6004800
0&
#6008400
b101100 E
1&
#6012000
0&
#6015600
b101011 E
1&
#6019200
0&
#6022800
b101010 E
1&
#6026400
0&
#6030000
b101001 E
1&
#6033600
0&
#6037200
b101000 E
1&
#6040800
0&
#6044400
b100111 E
1&
#6048000
0&
#6051600
b100110 E
1&
#6055200
0&
#6058800
b100101 E
1&
#6062400
0&
#6066000
b100100 E
1&
#6069600
0&
#6073200
b100011 E
1&
#6076800
0&
#6080400
b100010 E
1&
#6084000
0&
#6087600
b100001 E
1&
#6091200
0&
#6094800
b100000 E
1&
#6098400
0&
#6102000
b11111 E
1&
#6105600
0&
#6109200
b11110 E
1&
#6112800
0&
#6116400
b11101 E
1&
#6120000
0&
#6123600
b11100 E
1&
#6127200
0&
#6130800
b11011 E
1&
#6134400
0&
#6138000
b11010 E
1&
#6141600
0&
#6145200
b11001 E
1&
#6148800
0&
#6152400
b11000 E
1&
#6156000
0&
#6159600
b10111 E
1&
#6163200
0&
#6166800
b10110 E
1&
#6170400
0&
#6174000
b10101 E
1&
#6177600
0&
#6181200
b10100 E
1&
#6184800
0&
#6188400
b10011 E
1&
#6192000
0&
#6195600
b10010 E
1&
#6199200
0&
#6202800
b10001 E
1&
#6206400
0&
#6210000
b10000 E
1&
#6213600
0&
#6217200
b1111 E
1&
#6220800
0&
#6224400
b1110 E
1&
#6228000
0&
#6231600
b1101 E
1&
#6235200
0&
#6238800
b1100 E
1&
#6242400
0&
#6246000
b1011 E
1&
#6249600
0&
#6253200
b1010 E
1&
#6256800
0&
#6260400
b1001 E
1&
#6264000
0&
#6267600
b1000 E
1&
#6271200
0&
#6274800
b111 E
1&
#6278400
0&
#6282000
b110 E
1&
#6285600
0&
#6289200
b101 E
1&
#6292800
0&
#6296400
b100 E
1&
#6300000
0&
#6303600
b11 E
1&
#6307200
0&
#6310800
b10 E
1&
#6314400
0&
#6318000
b1 E
1&
#6321600
0&
#6325200
13
b0 E
1&
#6328800
0&
#6332400
b101 /
0"
b0 C
b101 ;
b10000000 J
0H
03
b1000101 E
1&
#6336000
0&
#6339600
b1000100 E
1&
#6343200
0&
#6346800
b1000011 E
1&
#6350400
0&
#6354000
b1000010 E
1&
#6357600
0&
#6361200
b1000001 E
1&
#6364800
0&
#6368400
b1000000 E
1&
#6372000
0&
#6375600
b111111 E
1&
#6379200
0&
#6382800
b111110 E
1&
#6386400
0&
#6390000
b111101 E
1&
#6393600
0&
#6397200
b111100 E
1&
#6400800
0&
#6404400
b111011 E
1&
#6408000
0&
#6411600
b111010 E
1&
#6415200
0&
#6418800
b111001 E
1&
#6422400
0&
#6426000
b111000 E
1&
#6429600
0&
#6433200
b110111 E
1&
#6436800
0&
#6440400
b110110 E
1&
#6444000
0&
#6447600
b110101 E
1&
#6451200
0&
#6454800
b110100 E
1&
#6458400
0&
#6462000
b110011 E
1&
#6465600
0&
#6469200
b110010 E
1&
#6472800
0&
#6476400
b110001 E
1&
#6480000
0&
#6483600
b110000 E
1&
#6487200
0&
#6490800
b101111 E
1&
#6494400
0&
#6498000
b101110 E
1&
#6501600
0&
#6505200
b101101 E
1&
#6508800
0&
#6512400
b101100 E
1&
#6516000
0&
#6519600
b101011 E
1&
#6523200
0&
#6526800
b101010 E
1&
#6530400
0&
#6534000
b101001 E
1&
#6537600
0&
#6541200
b101000 E
1&
#6544800
0&
#6548400
b100111 E
1&
#6552000
0&
#6555600
b100110 E
1&
#6559200
0&
#6562800
b100101 E
1&
#6566400
0&
#6570000
b100100 E
1&
#6573600
0&
#6577200
b100011 E
1&
#6580800
0&
#6584400
b100010 E
1&
#6588000
0&
#6591600
b100001 E
1&
#6595200
0&
#6598800
b100000 E
1&
#6602400
0&
#6606000
b11111 E
1&
#6609600
0&
#6613200
b11110 E
1&
#6616800
0&
#6620400
b11101 E
1&
#6624000
0&
#6627600
b11100 E
1&
#6631200
0&
#6634800
b11011 E
1&
#6638400
0&
#6642000
b11010 E
1&
#6645600
0&
#6649200
b11001 E
1&
#6652800
0&
#6656400
b11000 E
1&
#6660000
0&
#6663600
b10111 E
1&
#6667200
0&
#6670800
b10110 E
1&
#6674400
0&
#6678000
b10101 E
1&
#6681600
0&
#6685200
b10100 E
1&
#6688800
0&
#6692400
b10011 E
1&
#6696000
0&
#6699600
b10010 E
1&
#6703200
0&
#6706800
b10001 E
1&
#6710400
0&
#6714000
b10000 E
1&
#6717600
0&
#6721200
b1111 E
1&
#6724800
0&
#6728400
b1110 E
1&
#6732000
0&
#6735600
b1101 E
1&
#6739200
0&
#6742800
b1100 E
1&
#6746400
0&
#6750000
b1011 E
1&
#6753600
0&
#6757200
b1010 E
1&
#6760800
0&
#6764400
b1001 E
1&
#6768000
0&
#6771600
b1000 E
1&
#6775200
0&
#6778800
b111 E
1&
#6782400
0&
#6786000
b110 E
1&
#6789600
0&
#6793200
b101 E
1&
#6796800
0&
#6800400
b100 E
1&
#6804000
0&
#6807600
b11 E
1&
#6811200
0&
#6814800
b10 E
1&
#6818400
0&
#6822000
b1 E
1&
#6825600
0&
#6829200
13
b0 E
1&
#6832800
0&
#6836400
1#
b1 C
1I
03
b1000101 E
1&
#6840000
0&
#6843600
b1000100 E
1&
#6847200
0&
#6850800
b1000011 E
1&
#6854400
0&
#6858000
b1000010 E
1&
#6861600
0&
#6865200
b1000001 E
1&
#6868800
0&
#6872400
b1000000 E
1&
#6876000
0&
#6879600
b111111 E
1&
#6883200
0&
#6886800
b111110 E
1&
#6890400
0&
#6894000
b111101 E
1&
#6897600
0&
#6901200
b111100 E
1&
#6904800
0&
#6908400
b111011 E
1&
#6912000
0&
#6915600
b111010 E
1&
#6919200
0&
#6922800
b111001 E
1&
#6926400
0&
#6930000
b111000 E
1&
#6933600
0&
#6937200
b110111 E
1&
#6940800
0&
#6944400
b110110 E
1&
#6948000
0&
#6951600
b110101 E
1&
#6955200
0&
#6958800
b110100 E
1&
#6962400
0&
#6966000
b110011 E
1&
#6969600
0&
#6973200
b110010 E
1&
#6976800
0&
#6980400
b110001 E
1&
#6984000
0&
#6987600
b110000 E
1&
#6991200
0&
#6994800
b101111 E
1&
#6998400
0&
#7002000
b101110 E
1&
#7005600
0&
#7009200
b101101 E
1&
#7012800
0&
#7016400
b101100 E
1&
#7020000
0&
#7023600
b101011 E
1&
#7027200
0&
#7030800
b101010 E
1&
#7034400
0&
#7038000
b101001 E
1&
#7041600
0&
#7045200
b101000 E
1&
#7048800
0&
#7052400
b100111 E
1&
#7056000
0&
#7059600
b100110 E
1&
#7063200
0&
#7066800
b100101 E
1&
#7070400
0&
#7074000
b100100 E
1&
#7077600
0&
#7081200
b100011 E
1&
#7084800
0&
#7088400
b100010 E
1&
#7092000
0&
#7095600
b100001 E
1&
#7099200
0&
#7102800
b100000 E
1&
#7106400
0&
#7110000
b11111 E
1&
#7113600
0&
#7117200
b11110 E
1&
#7120800
0&
#7124400
b11101 E
1&
#7128000
0&
#7131600
b11100 E
1&
#7135200
0&
#7138800
b11011 E
1&
#7142400
0&
#7146000
b11010 E
1&
#7149600
0&
#7153200
b11001 E
1&
#7156800
0&
#7160400
b11000 E
1&
#7164000
0&
#7167600
b10111 E
1&
#7171200
0&
#7174800
b10110 E
1&
#7178400
0&
#7182000
b10101 E
1&
#7185600
0&
#7189200
b10100 E
1&
#7192800
0&
#7196400
b10011 E
1&
#7200000
0&
#7203600
b10010 E
1&
#7207200
0&
#7210800
b10001 E
1&
#7214400
0&
#7218000
b10000 E
1&
#7221600
0&
#7225200
b1111 E
1&
#7228800
0&
#7232400
b1110 E
1&
#7236000
0&
#7239600
b1101 E
1&
#7243200
0&
#7246800
b1100 E
1&
#7250400
0&
#7254000
b1011 E
1&
#7257600
0&
#7261200
b1010 E
1&
#7264800
0&
#7268400
b1001 E
1&
#7272000
0&
#7275600
b1000 E
1&
#7279200
0&
#7282800
b111 E
1&
#7286400
0&
#7290000
b110 E
1&
#7293600
0&
#7297200
b101 E
1&
#7300800
0&
#7304400
b100 E
1&
#7308000
0&
#7311600
b11 E
1&
#7315200
0&
#7318800
b10 E
1&
#7322400
0&
#7326000
b1 E
1&
#7329600
0&
#7333200
13
b0 E
1&
#7336800
0&
#7340400
b110 /
1"
b10 C
1H
03
b1000101 E
1&
#7344000
0&
#7347600
b1000100 E
1&
#7351200
0&
#7354800
b1000011 E
1&
#7358400
0&
#7362000
b1000010 E
1&
#7365600
0&
#7369200
b1000001 E
1&
#7372800
0&
#7376400
b1000000 E
1&
#7380000
0&
#7383600
b111111 E
1&
#7387200
0&
#7390800
b111110 E
1&
#7394400
0&
#7398000
b111101 E
1&
#7401600
0&
#7405200
b111100 E
1&
#7408800
0&
#7412400
b111011 E
1&
#7416000
0&
#7419600
b111010 E
1&
#7423200
0&
#7426800
b111001 E
1&
#7430400
0&
#7434000
b111000 E
1&
#7437600
0&
#7441200
b110111 E
1&
#7444800
0&
#7448400
b110110 E
1&
#7452000
0&
#7455600
b110101 E
1&
#7459200
0&
#7462800
b110100 E
1&
#7466400
0&
#7470000
b110011 E
1&
#7473600
0&
#7477200
b110010 E
1&
#7480800
0&
#7484400
b110001 E
1&
#7488000
0&
#7491600
b110000 E
1&
#7495200
0&
#7498800
b101111 E
1&
#7502400
0&
#7506000
b101110 E
1&
#7509600
0&
#7513200
b101101 E
1&
#7516800
0&
#7520400
b101100 E
1&
#7524000
0&
#7527600
b101011 E
1&
#7531200
0&
#7534800
b101010 E
1&
#7538400
0&
#7542000
b101001 E
1&
#7545600
0&
#7549200
b101000 E
1&
#7552800
0&
#7556400
b100111 E
1&
#7560000
0&
#7563600
b100110 E
1&
#7567200
0&
#7570800
b100101 E
1&
#7574400
0&
#7578000
b100100 E
1&
#7581600
0&
#7585200
b100011 E
1&
#7588800
0&
#7592400
b100010 E
1&
#7596000
0&
#7599600
b100001 E
1&
#7603200
0&
#7606800
b100000 E
1&
#7610400
0&
#7614000
b11111 E
1&
#7617600
0&
#7621200
b11110 E
1&
#7624800
0&
#7628400
b11101 E
1&
#7632000
0&
#7635600
b11100 E
1&
#7639200
0&
#7642800
b11011 E
1&
#7646400
0&
#7650000
b11010 E
1&
#7653600
0&
#7657200
b11001 E
1&
#7660800
0&
#7664400
b11000 E
1&
#7668000
0&
#7671600
b10111 E
1&
#7675200
0&
#7678800
b10110 E
1&
#7682400
0&
#7686000
b10101 E
1&
#7689600
0&
#7693200
b10100 E
1&
#7696800
0&
#7700400
b10011 E
1&
#7704000
0&
#7707600
b10010 E
1&
#7711200
0&
#7714800
b10001 E
1&
#7718400
0&
#7722000
b10000 E
1&
#7725600
0&
#7729200
b1111 E
1&
#7732800
0&
#7736400
b1110 E
1&
#7740000
0&
#7743600
b1101 E
1&
#7747200
0&
#7750800
b1100 E
1&
#7754400
0&
#7758000
b1011 E
1&
#7761600
0&
#7765200
b1010 E
1&
#7768800
0&
#7772400
b1001 E
1&
#7776000
0&
#7779600
b1000 E
1&
#7783200
0&
#7786800
b111 E
1&
#7790400
0&
#7794000
b110 E
1&
#7797600
0&
#7801200
b101 E
1&
#7804800
0&
#7808400
b100 E
1&
#7812000
0&
#7815600
b11 E
1&
#7819200
0&
#7822800
b10 E
1&
#7826400
0&
#7830000
b1 E
1&
#7833600
0&
#7837200
13
b0 E
1&
#7840800
0&
#7844400
b11 C
03
b1000101 E
1&
#7848000
0&
#7851600
b1000100 E
1&
#7855200
0&
#7858800
b1000011 E
1&
#7862400
0&
#7866000
b1000010 E
1&
#7869600
0&
#7873200
b1000001 E
1&
#7876800
0&
#7880400
b1000000 E
1&
#7884000
0&
#7887600
b111111 E
1&
#7891200
0&
#7894800
b111110 E
1&
#7898400
0&
#7902000
b111101 E
1&
#7905600
0&
#7909200
b111100 E
1&
#7912800
0&
#7916400
b111011 E
1&
#7920000
0&
#7923600
b111010 E
1&
#7927200
0&
#7930800
b111001 E
1&
#7934400
0&
#7938000
b111000 E
1&
#7941600
0&
#7945200
b110111 E
1&
#7948800
0&
#7952400
b110110 E
1&
#7956000
0&
#7959600
b110101 E
1&
#7963200
0&
#7966800
b110100 E
1&
#7970400
0&
#7974000
b110011 E
1&
#7977600
0&
#7981200
b110010 E
1&
#7984800
0&
#7988400
b110001 E
1&
#7992000
0&
#7995600
b110000 E
1&
#7999200
0&
#8002800
b101111 E
1&
#8006400
0&
#8010000
b101110 E
1&
#8013600
0&
#8017200
b101101 E
1&
#8020800
0&
#8024400
b101100 E
1&
#8028000
0&
#8031600
b101011 E
1&
#8035200
0&
#8038800
b101010 E
1&
#8042400
0&
#8046000
b101001 E
1&
#8049600
0&
#8053200
b101000 E
1&
#8056800
0&
#8060400
b100111 E
1&
#8064000
0&
#8067600
b100110 E
1&
#8071200
0&
#8074800
b100101 E
1&
#8078400
0&
#8082000
b100100 E
1&
#8085600
0&
#8089200
b100011 E
1&
#8092800
0&
#8096400
b100010 E
1&
#8100000
0&
#8103600
b100001 E
1&
#8107200
0&
#8110800
b100000 E
1&
#8114400
0&
#8118000
b11111 E
1&
#8121600
0&
#8125200
b11110 E
1&
#8128800
0&
#8132400
b11101 E
1&
#8136000
0&
#8139600
b11100 E
1&
#8143200
0&
#8146800
b11011 E
1&
#8150400
0&
#8154000
b11010 E
1&
#8157600
0&
#8161200
b11001 E
1&
#8164800
0&
#8168400
b11000 E
1&
#8172000
0&
#8175600
b10111 E
1&
#8179200
0&
#8182800
b10110 E
1&
#8186400
0&
#8190000
b10101 E
1&
#8193600
0&
#8197200
b10100 E
1&
#8200800
0&
#8204400
b10011 E
1&
#8208000
0&
#8211600
b10010 E
1&
#8215200
0&
#8218800
b10001 E
1&
#8222400
0&
#8226000
b10000 E
1&
#8229600
0&
#8233200
b1111 E
1&
#8236800
0&
#8240400
b1110 E
1&
#8244000
0&
#8247600
b1101 E
1&
#8251200
0&
#8254800
b1100 E
1&
#8258400
0&
#8262000
b1011 E
1&
#8265600
0&
#8269200
b1010 E
1&
#8272800
0&
#8276400
b1001 E
1&
#8280000
0&
#8283600
b1000 E
1&
#8287200
0&
#8290800
b111 E
1&
#8294400
0&
#8298000
b110 E
1&
#8301600
0&
#8305200
b101 E
1&
#8308800
0&
#8312400
b100 E
1&
#8316000
0&
#8319600
b11 E
1&
#8323200
0&
#8326800
b10 E
1&
#8330400
0&
#8334000
b1 E
1&
#8337600
0&
#8341200
13
b0 E
1&
#8344800
0&
#8348400
b111 /
0"
b0 C
b100 ;
b0 J
0H
03
b1000101 E
1&
#8352000
0&
#8355600
b1000100 E
1&
#8359200
0&
#8362800
b1000011 E
1&
#8366400
0&
#8370000
b1000010 E
1&
#8373600
0&
#8377200
b1000001 E
1&
#8380800
0&
#8384400
b1000000 E
1&
#8388000
0&
#8391600
b111111 E
1&
#8395200
0&
#8398800
b111110 E
1&
#8402400
0&
#8406000
b111101 E
1&
#8409600
0&
#8413200
b111100 E
1&
#8416800
0&
#8420400
b111011 E
1&
#8424000
0&
#8427600
b111010 E
1&
#8431200
0&
#8434800
b111001 E
1&
#8438400
0&
#8442000
b111000 E
1&
#8445600
0&
#8449200
b110111 E
1&
#8452800
0&
#8456400
b110110 E
1&
#8460000
0&
#8463600
b110101 E
1&
#8467200
0&
#8470800
b110100 E
1&
#8474400
0&
#8478000
b110011 E
1&
#8481600
0&
#8485200
b110010 E
1&
#8488800
0&
#8492400
b110001 E
1&
#8496000
0&
#8499600
b110000 E
1&
#8503200
0&
#8506800
b101111 E
1&
#8510400
0&
#8514000
b101110 E
1&
#8517600
0&
#8521200
b101101 E
1&
#8524800
0&
#8528400
b101100 E
1&
#8532000
0&
#8535600
b101011 E
1&
#8539200
0&
#8542800
b101010 E
1&
#8546400
0&
#8550000
b101001 E
1&
#8553600
0&
#8557200
b101000 E
1&
#8560800
0&
#8564400
b100111 E
1&
#8568000
0&
#8571600
b100110 E
1&
#8575200
0&
#8578800
b100101 E
1&
#8582400
0&
#8586000
b100100 E
1&
#8589600
0&
#8593200
b100011 E
1&
#8596800
0&
#8600400
b100010 E
1&
#8604000
0&
#8607600
b100001 E
1&
#8611200
0&
#8614800
b100000 E
1&
#8618400
0&
#8622000
b11111 E
1&
#8625600
0&
#8629200
b11110 E
1&
#8632800
0&
#8636400
b11101 E
1&
#8640000
0&
#8643600
b11100 E
1&
#8647200
0&
#8650800
b11011 E
1&
#8654400
0&
#8658000
b11010 E
1&
#8661600
0&
#8665200
b11001 E
1&
#8668800
0&
#8672400
b11000 E
1&
#8676000
0&
#8679600
b10111 E
1&
#8683200
0&
#8686800
b10110 E
1&
#8690400
0&
#8694000
b10101 E
1&
#8697600
0&
#8701200
b10100 E
1&
#8704800
0&
#8708400
b10011 E
1&
#8712000
0&
#8715600
b10010 E
1&
#8719200
0&
#8722800
b10001 E
1&
#8726400
0&
#8730000
b10000 E
1&
#8733600
0&
#8737200
b1111 E
1&
#8740800
0&
#8744400
b1110 E
1&
#8748000
0&
#8751600
b1101 E
1&
#8755200
0&
#8758800
b1100 E
1&
#8762400
0&
#8766000
b1011 E
1&
#8769600
0&
#8773200
b1010 E
1&
#8776800
0&
#8780400
b1001 E
1&
#8784000
0&
#8787600
b1000 E
1&
#8791200
0&
#8794800
b111 E
1&
#8798400
0&
#8802000
b110 E
1&
#8805600
0&
#8809200
b101 E
1&
#8812800
0&
#8816400
b100 E
1&
#8820000
0&
#8823600
b11 E
1&
#8827200
0&
#8830800
b10 E
1&
#8834400
0&
#8838000
b1 E
1&
#8841600
0&
#8845200
13
b0 E
1&
#8848800
0&
#8852400
0#
b1 C
0I
03
b1000101 E
1&
#8856000
0&
#8859600
b1000100 E
1&
#8863200
0&
#8866800
b1000011 E
1&
#8870400
0&
#8874000
b1000010 E
1&
#8877600
0&
#8881200
b1000001 E
1&
#8884800
0&
#8888400
b1000000 E
1&
#8892000
0&
#8895600
b111111 E
1&
#8899200
0&
#8902800
b111110 E
1&
#8906400
0&
#8910000
b111101 E
1&
#8913600
0&
#8917200
b111100 E
1&
#8920800
0&
#8924400
b111011 E
1&
#8928000
0&
#8931600
b111010 E
1&
#8935200
0&
#8938800
b111001 E
1&
#8942400
0&
#8946000
b111000 E
1&
#8949600
0&
#8953200
b110111 E
1&
#8956800
0&
#8960400
b110110 E
1&
#8964000
0&
#8967600
b110101 E
1&
#8971200
0&
#8974800
b110100 E
1&
#8978400
0&
#8982000
b110011 E
1&
#8985600
0&
#8989200
b110010 E
1&
#8992800
0&
#8996400
b110001 E
1&
#9000000
0&
#9003600
b110000 E
1&
#9007200
0&
#9010800
b101111 E
1&
#9014400
0&
#9018000
b101110 E
1&
#9021600
0&
#9025200
b101101 E
1&
#9028800
0&
#9032400
b101100 E
1&
#9036000
0&
#9039600
b101011 E
1&
#9043200
0&
#9046800
b101010 E
1&
#9050400
0&
#9054000
b101001 E
1&
#9057600
0&
#9061200
b101000 E
1&
#9064800
0&
#9068400
b100111 E
1&
#9072000
0&
#9075600
b100110 E
1&
#9079200
0&
#9082800
b100101 E
1&
#9086400
0&
#9090000
b100100 E
1&
#9093600
0&
#9097200
b100011 E
1&
#9100800
0&
#9104400
b100010 E
1&
#9108000
0&
#9111600
b100001 E
1&
#9115200
0&
#9118800
b100000 E
1&
#9122400
0&
#9126000
b11111 E
1&
#9129600
0&
#9133200
b11110 E
1&
#9136800
0&
#9140400
b11101 E
1&
#9144000
0&
#9147600
b11100 E
1&
#9151200
0&
#9154800
b11011 E
1&
#9158400
0&
#9162000
b11010 E
1&
#9165600
0&
#9169200
b11001 E
1&
#9172800
0&
#9176400
b11000 E
1&
#9180000
0&
#9183600
b10111 E
1&
#9187200
0&
#9190800
b10110 E
1&
#9194400
0&
#9198000
b10101 E
1&
#9201600
0&
#9205200
b10100 E
1&
#9208800
0&
#9212400
b10011 E
1&
#9216000
0&
#9219600
b10010 E
1&
#9223200
0&
#9226800
b10001 E
1&
#9230400
0&
#9234000
b10000 E
1&
#9237600
0&
#9241200
b1111 E
1&
#9244800
0&
#9248400
b1110 E
1&
#9252000
0&
#9255600
b1101 E
1&
#9259200
0&
#9262800
b1100 E
1&
#9266400
0&
#9270000
b1011 E
1&
#9273600
0&
#9277200
b1010 E
1&
#9280800
0&
#9284400
b1001 E
1&
#9288000
0&
#9291600
b1000 E
1&
#9295200
0&
#9298800
b111 E
1&
#9302400
0&
#9306000
b110 E
1&
#9309600
0&
#9313200
b101 E
1&
#9316800
0&
#9320400
b100 E
1&
#9324000
0&
#9327600
b11 E
1&
#9331200
0&
#9334800
b10 E
1&
#9338400
0&
#9342000
b1 E
1&
#9345600
0&
#9349200
13
b0 E
1&
#9352800
0&
#9356400
b1000 /
1"
b10 C
1H
03
b1000101 E
1&
#9360000
0&
#9363600
b1000100 E
1&
#9367200
0&
#9370800
b1000011 E
1&
#9374400
0&
#9378000
b1000010 E
1&
#9381600
0&
#9385200
b1000001 E
1&
#9388800
0&
#9392400
b1000000 E
1&
#9396000
0&
#9399600
b111111 E
1&
#9403200
0&
#9406800
b111110 E
1&
#9410400
0&
#9414000
b111101 E
1&
#9417600
0&
#9421200
b111100 E
1&
#9424800
0&
#9428400
b111011 E
1&
#9432000
0&
#9435600
b111010 E
1&
#9439200
0&
#9442800
b111001 E
1&
#9446400
0&
#9450000
b111000 E
1&
#9453600
0&
#9457200
b110111 E
1&
#9460800
0&
#9464400
b110110 E
1&
#9468000
0&
#9471600
b110101 E
1&
#9475200
0&
#9478800
b110100 E
1&
#9482400
0&
#9486000
b110011 E
1&
#9489600
0&
#9493200
b110010 E
1&
#9496800
0&
#9500400
b110001 E
1&
#9504000
0&
#9507600
b110000 E
1&
#9511200
0&
#9514800
b101111 E
1&
#9518400
0&
#9522000
b101110 E
1&
#9525600
0&
#9529200
b101101 E
1&
#9532800
0&
#9536400
b101100 E
1&
#9540000
0&
#9543600
b101011 E
1&
#9547200
0&
#9550800
b101010 E
1&
#9554400
0&
#9558000
b101001 E
1&
#9561600
0&
#9565200
b101000 E
1&
#9568800
0&
#9572400
b100111 E
1&
#9576000
0&
#9579600
b100110 E
1&
#9583200
0&
#9586800
b100101 E
1&
#9590400
0&
#9594000
b100100 E
1&
#9597600
0&
#9601200
b100011 E
1&
#9604800
0&
#9608400
b100010 E
1&
#9612000
0&
#9615600
b100001 E
1&
#9619200
0&
#9622800
b100000 E
1&
#9626400
0&
#9630000
b11111 E
1&
#9633600
0&
#9637200
b11110 E
1&
#9640800
0&
#9644400
b11101 E
1&
#9648000
0&
#9651600
b11100 E
1&
#9655200
0&
#9658800
b11011 E
1&
#9662400
0&
#9666000
b11010 E
1&
#9669600
0&
#9673200
b11001 E
1&
#9676800
0&
#9680400
b11000 E
1&
#9684000
0&
#9687600
b10111 E
1&
#9691200
0&
#9694800
b10110 E
1&
#9698400
0&
#9702000
b10101 E
1&
#9705600
0&
#9709200
b10100 E
1&
#9712800
0&
#9716400
b10011 E
1&
#9720000
0&
#9723600
b10010 E
1&
#9727200
0&
#9730800
b10001 E
1&
#9734400
0&
#9738000
b10000 E
1&
#9741600
0&
#9745200
b1111 E
1&
#9748800
0&
#9752400
b1110 E
1&
#9756000
0&
#9759600
b1101 E
1&
#9763200
0&
#9766800
b1100 E
1&
#9770400
0&
#9774000
b1011 E
1&
#9777600
0&
#9781200
b1010 E
1&
#9784800
0&
#9788400
b1001 E
1&
#9792000
0&
#9795600
b1000 E
1&
#9799200
0&
#9802800
b111 E
1&
#9806400
0&
#9810000
b110 E
1&
#9813600
0&
#9817200
b101 E
1&
#9820800
0&
#9824400
b100 E
1&
#9828000
0&
#9831600
b11 E
1&
#9835200
0&
#9838800
b10 E
1&
#9842400
0&
#9846000
b1 E
1&
#9849600
0&
#9853200
13
b0 E
1&
#9856800
0&
#9860400
b11 C
03
b1000101 E
1&
#9864000
0&
#9867600
b1000100 E
1&
#9871200
0&
#9874800
b1000011 E
1&
#9878400
0&
#9882000
b1000010 E
1&
#9885600
0&
#9889200
b1000001 E
1&
#9892800
0&
#9896400
b1000000 E
1&
#9900000
0&
#9903600
b111111 E
1&
#9907200
0&
#9910800
b111110 E
1&
#9914400
0&
#9918000
b111101 E
1&
#9921600
0&
#9925200
b111100 E
1&
#9928800
0&
#9932400
b111011 E
1&
#9936000
0&
#9939600
b111010 E
1&
#9943200
0&
#9946800
b111001 E
1&
#9950400
0&
#9954000
b111000 E
1&
#9957600
0&
#9961200
b110111 E
1&
#9964800
0&
#9968400
b110110 E
1&
#9972000
0&
#9975600
b110101 E
1&
#9979200
0&
#9982800
b110100 E
1&
#9986400
0&
#9990000
b110011 E
1&
#9993600
0&
#9997200
b110010 E
1&
#10000800
0&
#10004400
b110001 E
1&
#10008000
0&
#10011600
b110000 E
1&
#10015200
0&
#10018800
b101111 E
1&
#10022400
0&
#10026000
b101110 E
1&
#10029600
0&
#10033200
b101101 E
1&
#10036800
0&
#10040400
b101100 E
1&
#10044000
0&
#10047600
b101011 E
1&
#10051200
0&
#10054800
b101010 E
1&
#10058400
0&
#10062000
b101001 E
1&
#10065600
0&
#10069200
b101000 E
1&
#10072800
0&
#10076400
b100111 E
1&
#10080000
0&
#10083600
b100110 E
1&
#10087200
0&
#10090800
b100101 E
1&
#10094400
0&
#10098000
b100100 E
1&
#10101600
0&
#10105200
b100011 E
1&
#10108800
0&
#10112400
b100010 E
1&
#10116000
0&
#10119600
b100001 E
1&
#10123200
0&
#10126800
b100000 E
1&
#10130400
0&
#10134000
b11111 E
1&
#10137600
0&
#10141200
b11110 E
1&
#10144800
0&
#10148400
b11101 E
1&
#10152000
0&
#10155600
b11100 E
1&
#10159200
0&
#10162800
b11011 E
1&
#10166400
0&
#10170000
b11010 E
1&
#10173600
0&
#10177200
b11001 E
1&
#10180800
0&
#10184400
b11000 E
1&
#10188000
0&
#10191600
b10111 E
1&
#10195200
0&
#10198800
b10110 E
1&
#10202400
0&
#10206000
b10101 E
1&
#10209600
0&
#10213200
b10100 E
1&
#10216800
0&
#10220400
b10011 E
1&
#10224000
0&
#10227600
b10010 E
1&
#10231200
0&
#10234800
b10001 E
1&
#10238400
0&
#10242000
b10000 E
1&
#10245600
0&
#10249200
b1111 E
1&
#10252800
0&
#10256400
b1110 E
1&
#10260000
0&
#10263600
b1101 E
1&
#10267200
0&
#10270800
b1100 E
1&
#10274400
0&
#10278000
b1011 E
1&
#10281600
0&
#10285200
b1010 E
1&
#10288800
0&
#10292400
b1001 E
1&
#10296000
0&
#10299600
b1000 E
1&
#10303200
0&
#10306800
b111 E
1&
#10310400
0&
#10314000
b110 E
1&
#10317600
0&
#10321200
b101 E
1&
#10324800
0&
#10328400
b100 E
1&
#10332000
0&
#10335600
b11 E
1&
#10339200
0&
#10342800
b10 E
1&
#10346400
0&
#10350000
b1 E
1&
#10353600
0&
#10357200
13
b0 E
1&
#10360800
0&
#10364400
b1001 /
0"
b0 C
b11 ;
0H
03
b1000101 E
1&
#10368000
0&
#10371600
b1000100 E
1&
#10375200
0&
#10378800
b1000011 E
1&
#10382400
0&
#10386000
b1000010 E
1&
#10389600
0&
#10393200
b1000001 E
1&
#10396800
0&
#10400400
b1000000 E
1&
#10404000
0&
#10407600
b111111 E
1&
#10411200
0&
#10414800
b111110 E
1&
#10418400
0&
#10422000
b111101 E
1&
#10425600
0&
#10429200
b111100 E
1&
#10432800
0&
#10436400
b111011 E
1&
#10440000
0&
#10443600
b111010 E
1&
#10447200
0&
#10450800
b111001 E
1&
#10454400
0&
#10458000
b111000 E
1&
#10461600
0&
#10465200
b110111 E
1&
#10468800
0&
#10472400
b110110 E
1&
#10476000
0&
#10479600
b110101 E
1&
#10483200
0&
#10486800
b110100 E
1&
#10490400
0&
#10494000
b110011 E
1&
#10497600
0&
#10501200
b110010 E
1&
#10504800
0&
#10508400
b110001 E
1&
#10512000
0&
#10515600
b110000 E
1&
#10519200
0&
#10522800
b101111 E
1&
#10526400
0&
#10530000
b101110 E
1&
#10533600
0&
#10537200
b101101 E
1&
#10540800
0&
#10544400
b101100 E
1&
#10548000
0&
#10551600
b101011 E
1&
#10555200
0&
#10558800
b101010 E
1&
#10562400
0&
#10566000
b101001 E
1&
#10569600
0&
#10573200
b101000 E
1&
#10576800
0&
#10580400
b100111 E
1&
#10584000
0&
#10587600
b100110 E
1&
#10591200
0&
#10594800
b100101 E
1&
#10598400
0&
#10602000
b100100 E
1&
#10605600
0&
#10609200
b100011 E
1&
#10612800
0&
#10616400
b100010 E
1&
#10620000
0&
#10623600
b100001 E
1&
#10627200
0&
#10630800
b100000 E
1&
#10634400
0&
#10638000
b11111 E
1&
#10641600
0&
#10645200
b11110 E
1&
#10648800
0&
#10652400
b11101 E
1&
#10656000
0&
#10659600
b11100 E
1&
#10663200
0&
#10666800
b11011 E
1&
#10670400
0&
#10674000
b11010 E
1&
#10677600
0&
#10681200
b11001 E
1&
#10684800
0&
#10688400
b11000 E
1&
#10692000
0&
#10695600
b10111 E
1&
#10699200
0&
#10702800
b10110 E
1&
#10706400
0&
#10710000
b10101 E
1&
#10713600
0&
#10717200
b10100 E
1&
#10720800
0&
#10724400
b10011 E
1&
#10728000
0&
#10731600
b10010 E
1&
#10735200
0&
#10738800
b10001 E
1&
#10742400
0&
#10746000
b10000 E
1&
#10749600
0&
#10753200
b1111 E
1&
#10756800
0&
#10760400
b1110 E
1&
#10764000
0&
#10767600
b1101 E
1&
#10771200
0&
#10774800
b1100 E
1&
#10778400
0&
#10782000
b1011 E
1&
#10785600
0&
#10789200
b1010 E
1&
#10792800
0&
#10796400
b1001 E
1&
#10800000
0&
#10803600
b1000 E
1&
#10807200
0&
#10810800
b111 E
1&
#10814400
0&
#10818000
b110 E
1&
#10821600
0&
#10825200
b101 E
1&
#10828800
0&
#10832400
b100 E
1&
#10836000
0&
#10839600
b11 E
1&
#10843200
0&
#10846800
b10 E
1&
#10850400
0&
#10854000
b1 E
1&
#10857600
0&
#10861200
13
b0 E
1&
#10864800
0&
#10868400
b1 C
03
b1000101 E
1&
#10872000
0&
#10875600
b1000100 E
1&
#10879200
0&
#10882800
b1000011 E
1&
#10886400
0&
#10890000
b1000010 E
1&
#10893600
0&
#10897200
b1000001 E
1&
#10900800
0&
#10904400
b1000000 E
1&
#10908000
0&
#10911600
b111111 E
1&
#10915200
0&
#10918800
b111110 E
1&
#10922400
0&
#10926000
b111101 E
1&
#10929600
0&
#10933200
b111100 E
1&
#10936800
0&
#10940400
b111011 E
1&
#10944000
0&
#10947600
b111010 E
1&
#10951200
0&
#10954800
b111001 E
1&
#10958400
0&
#10962000
b111000 E
1&
#10965600
0&
#10969200
b110111 E
1&
#10972800
0&
#10976400
b110110 E
1&
#10980000
0&
#10983600
b110101 E
1&
#10987200
0&
#10990800
b110100 E
1&
#10994400
0&
#10998000
b110011 E
1&
#11001600
0&
#11005200
b110010 E
1&
#11008800
0&
#11012400
b110001 E
1&
#11016000
0&
#11019600
b110000 E
1&
#11023200
0&
#11026800
b101111 E
1&
#11030400
0&
#11034000
b101110 E
1&
#11037600
0&
#11041200
b101101 E
1&
#11044800
0&
#11048400
b101100 E
1&
#11052000
0&
#11055600
b101011 E
1&
#11059200
0&
#11062800
b101010 E
1&
#11066400
0&
#11070000
b101001 E
1&
#11073600
0&
#11077200
b101000 E
1&
#11080800
0&
#11084400
b100111 E
1&
#11088000
0&
#11091600
b100110 E
1&
#11095200
0&
#11098800
b100101 E
1&
#11102400
0&
#11106000
b100100 E
1&
#11109600
0&
#11113200
b100011 E
1&
#11116800
0&
#11120400
b100010 E
1&
#11124000
0&
#11127600
b100001 E
1&
#11131200
0&
#11134800
b100000 E
1&
#11138400
0&
#11142000
b11111 E
1&
#11145600
0&
#11149200
b11110 E
1&
#11152800
0&
#11156400
b11101 E
1&
#11160000
0&
#11163600
b11100 E
1&
#11167200
0&
#11170800
b11011 E
1&
#11174400
0&
#11178000
b11010 E
1&
#11181600
0&
#11185200
b11001 E
1&
#11188800
0&
#11192400
b11000 E
1&
#11196000
0&
#11199600
b10111 E
1&
#11203200
0&
#11206800
b10110 E
1&
#11210400
0&
#11214000
b10101 E
1&
#11217600
0&
#11221200
b10100 E
1&
#11224800
0&
#11228400
b10011 E
1&
#11232000
0&
#11235600
b10010 E
1&
#11239200
0&
#11242800
b10001 E
1&
#11246400
0&
#11250000
b10000 E
1&
#11253600
0&
#11257200
b1111 E
1&
#11260800
0&
#11264400
b1110 E
1&
#11268000
0&
#11271600
b1101 E
1&
#11275200
0&
#11278800
b1100 E
1&
#11282400
0&
#11286000
b1011 E
1&
#11289600
0&
#11293200
b1010 E
1&
#11296800
0&
#11300400
b1001 E
1&
#11304000
0&
#11307600
b1000 E
1&
#11311200
0&
#11314800
b111 E
1&
#11318400
0&
#11322000
b110 E
1&
#11325600
0&
#11329200
b101 E
1&
#11332800
0&
#11336400
b100 E
1&
#11340000
0&
#11343600
b11 E
1&
#11347200
0&
#11350800
b10 E
1&
#11354400
0&
#11358000
b1 E
1&
#11361600
0&
#11365200
13
b0 E
1&
#11368800
0&
#11372400
b1010 /
1"
b10 C
1H
03
b1000101 E
1&
#11376000
0&
#11379600
b1000100 E
1&
#11383200
0&
#11386800
b1000011 E
1&
#11390400
0&
#11394000
b1000010 E
1&
#11397600
0&
#11401200
b1000001 E
1&
#11404800
0&
#11408400
b1000000 E
1&
#11412000
0&
#11415600
b111111 E
1&
#11419200
0&
#11422800
b111110 E
1&
#11426400
0&
#11430000
b111101 E
1&
#11433600
0&
#11437200
b111100 E
1&
#11440800
0&
#11444400
b111011 E
1&
#11448000
0&
#11451600
b111010 E
1&
#11455200
0&
#11458800
b111001 E
1&
#11462400
0&
#11466000
b111000 E
1&
#11469600
0&
#11473200
b110111 E
1&
#11476800
0&
#11480400
b110110 E
1&
#11484000
0&
#11487600
b110101 E
1&
#11491200
0&
#11494800
b110100 E
1&
#11498400
0&
#11502000
b110011 E
1&
#11505600
0&
#11509200
b110010 E
1&
#11512800
0&
#11516400
b110001 E
1&
#11520000
0&
#11523600
b110000 E
1&
#11527200
0&
#11530800
b101111 E
1&
#11534400
0&
#11538000
b101110 E
1&
#11541600
0&
#11545200
b101101 E
1&
#11548800
0&
#11552400
b101100 E
1&
#11556000
0&
#11559600
b101011 E
1&
#11563200
0&
#11566800
b101010 E
1&
#11570400
0&
#11574000
b101001 E
1&
#11577600
0&
#11581200
b101000 E
1&
#11584800
0&
#11588400
b100111 E
1&
#11592000
0&
#11595600
b100110 E
1&
#11599200
0&
#11602800
b100101 E
1&
#11606400
0&
#11610000
b100100 E
1&
#11613600
0&
#11617200
b100011 E
1&
#11620800
0&
#11624400
b100010 E
1&
#11628000
0&
#11631600
b100001 E
1&
#11635200
0&
#11638800
b100000 E
1&
#11642400
0&
#11646000
b11111 E
1&
#11649600
0&
#11653200
b11110 E
1&
#11656800
0&
#11660400
b11101 E
1&
#11664000
0&
#11667600
b11100 E
1&
#11671200
0&
#11674800
b11011 E
1&
#11678400
0&
#11682000
b11010 E
1&
#11685600
0&
#11689200
b11001 E
1&
#11692800
0&
#11696400
b11000 E
1&
#11700000
0&
#11703600
b10111 E
1&
#11707200
0&
#11710800
b10110 E
1&
#11714400
0&
#11718000
b10101 E
1&
#11721600
0&
#11725200
b10100 E
1&
#11728800
0&
#11732400
b10011 E
1&
#11736000
0&
#11739600
b10010 E
1&
#11743200
0&
#11746800
b10001 E
1&
#11750400
0&
#11754000
b10000 E
1&
#11757600
0&
#11761200
b1111 E
1&
#11764800
0&
#11768400
b1110 E
1&
#11772000
0&
#11775600
b1101 E
1&
#11779200
0&
#11782800
b1100 E
1&
#11786400
0&
#11790000
b1011 E
1&
#11793600
0&
#11797200
b1010 E
1&
#11800800
0&
#11804400
b1001 E
1&
#11808000
0&
#11811600
b1000 E
1&
#11815200
0&
#11818800
b111 E
1&
#11822400
0&
#11826000
b110 E
1&
#11829600
0&
#11833200
b101 E
1&
#11836800
0&
#11840400
b100 E
1&
#11844000
0&
#11847600
b11 E
1&
#11851200
0&
#11854800
b10 E
1&
#11858400
0&
#11862000
b1 E
1&
#11865600
0&
#11869200
13
b0 E
1&
#11872800
0&
#11876400
b11 C
03
b1000101 E
1&
#11880000
0&
#11883600
b1000100 E
1&
#11887200
0&
#11890800
b1000011 E
1&
#11894400
0&
#11898000
b1000010 E
1&
#11901600
0&
#11905200
b1000001 E
1&
#11908800
0&
#11912400
b1000000 E
1&
#11916000
0&
#11919600
b111111 E
1&
#11923200
0&
#11926800
b111110 E
1&
#11930400
0&
#11934000
b111101 E
1&
#11937600
0&
#11941200
b111100 E
1&
#11944800
0&
#11948400
b111011 E
1&
#11952000
0&
#11955600
b111010 E
1&
#11959200
0&
#11962800
b111001 E
1&
#11966400
0&
#11970000
b111000 E
1&
#11973600
0&
#11977200
b110111 E
1&
#11980800
0&
#11984400
b110110 E
1&
#11988000
0&
#11991600
b110101 E
1&
#11995200
0&
#11998800
b110100 E
1&
#12002400
0&
#12006000
b110011 E
1&
#12009600
0&
#12013200
b110010 E
1&
#12016800
0&
#12020400
b110001 E
1&
#12024000
0&
#12027600
b110000 E
1&
#12031200
0&
#12034800
b101111 E
1&
#12038400
0&
#12042000
b101110 E
1&
#12045600
0&
#12049200
b101101 E
1&
#12052800
0&
#12056400
b101100 E
1&
#12060000
0&
#12063600
b101011 E
1&
#12067200
0&
#12070800
b101010 E
1&
#12074400
0&
#12078000
b101001 E
1&
#12081600
0&
#12085200
b101000 E
1&
#12088800
0&
#12092400
b100111 E
1&
#12096000
0&
#12099600
b100110 E
1&
#12103200
0&
#12106800
b100101 E
1&
#12110400
0&
#12114000
b100100 E
1&
#12117600
0&
#12121200
b100011 E
1&
#12124800
0&
#12128400
b100010 E
1&
#12132000
0&
#12135600
b100001 E
1&
#12139200
0&
#12142800
b100000 E
1&
#12146400
0&
#12150000
b11111 E
1&
#12153600
0&
#12157200
b11110 E
1&
#12160800
0&
#12164400
b11101 E
1&
#12168000
0&
#12171600
b11100 E
1&
#12175200
0&
#12178800
b11011 E
1&
#12182400
0&
#12186000
b11010 E
1&
#12189600
0&
#12193200
b11001 E
1&
#12196800
0&
#12200400
b11000 E
1&
#12204000
0&
#12207600
b10111 E
1&
#12211200
0&
#12214800
b10110 E
1&
#12218400
0&
#12222000
b10101 E
1&
#12225600
0&
#12229200
b10100 E
1&
#12232800
0&
#12236400
b10011 E
1&
#12240000
0&
#12243600
b10010 E
1&
#12247200
0&
#12250800
b10001 E
1&
#12254400
0&
#12258000
b10000 E
1&
#12261600
0&
#12265200
b1111 E
1&
#12268800
0&
#12272400
b1110 E
1&
#12276000
0&
#12279600
b1101 E
1&
#12283200
0&
#12286800
b1100 E
1&
#12290400
0&
#12294000
b1011 E
1&
#12297600
0&
#12301200
b1010 E
1&
#12304800
0&
#12308400
b1001 E
1&
#12312000
0&
#12315600
b1000 E
1&
#12319200
0&
#12322800
b111 E
1&
#12326400
0&
#12330000
b110 E
1&
#12333600
0&
#12337200
b101 E
1&
#12340800
0&
#12344400
b100 E
1&
#12348000
0&
#12351600
b11 E
1&
#12355200
0&
#12358800
b10 E
1&
#12362400
0&
#12366000
b1 E
1&
#12369600
0&
#12373200
13
b0 E
1&
#12376800
0&
#12380400
b1011 /
0"
b0 C
b10 ;
0H
03
b1000101 E
1&
#12384000
0&
#12387600
b1000100 E
1&
#12391200
0&
#12394800
b1000011 E
1&
#12398400
0&
#12402000
b1000010 E
1&
#12405600
0&
#12409200
b1000001 E
1&
#12412800
0&
#12416400
b1000000 E
1&
#12420000
0&
#12423600
b111111 E
1&
#12427200
0&
#12430800
b111110 E
1&
#12434400
0&
#12438000
b111101 E
1&
#12441600
0&
#12445200
b111100 E
1&
#12448800
0&
#12452400
b111011 E
1&
#12456000
0&
#12459600
b111010 E
1&
#12463200
0&
#12466800
b111001 E
1&
#12470400
0&
#12474000
b111000 E
1&
#12477600
0&
#12481200
b110111 E
1&
#12484800
0&
#12488400
b110110 E
1&
#12492000
0&
#12495600
b110101 E
1&
#12499200
0&
#12502800
b110100 E
1&
#12506400
0&
#12510000
b110011 E
1&
#12513600
0&
#12517200
b110010 E
1&
#12520800
0&
#12524400
b110001 E
1&
#12528000
0&
#12531600
b110000 E
1&
#12535200
0&
#12538800
b101111 E
1&
#12542400
0&
#12546000
b101110 E
1&
#12549600
0&
#12553200
b101101 E
1&
#12556800
0&
#12560400
b101100 E
1&
#12564000
0&
#12567600
b101011 E
1&
#12571200
0&
#12574800
b101010 E
1&
#12578400
0&
#12582000
b101001 E
1&
#12585600
0&
#12589200
b101000 E
1&
#12592800
0&
#12596400
b100111 E
1&
#12600000
0&
#12603600
b100110 E
1&
#12607200
0&
#12610800
b100101 E
1&
#12614400
0&
#12618000
b100100 E
1&
#12621600
0&
#12625200
b100011 E
1&
#12628800
0&
#12632400
b100010 E
1&
#12636000
0&
#12639600
b100001 E
1&
#12643200
0&
#12646800
b100000 E
1&
#12650400
0&
#12654000
b11111 E
1&
#12657600
0&
#12661200
b11110 E
1&
#12664800
0&
#12668400
b11101 E
1&
#12672000
0&
#12675600
b11100 E
1&
#12679200
0&
#12682800
b11011 E
1&
#12686400
0&
#12690000
b11010 E
1&
#12693600
0&
#12697200
b11001 E
1&
#12700800
0&
#12704400
b11000 E
1&
#12708000
0&
#12711600
b10111 E
1&
#12715200
0&
#12718800
b10110 E
1&
#12722400
0&
#12726000
b10101 E
1&
#12729600
0&
#12733200
b10100 E
1&
#12736800
0&
#12740400
b10011 E
1&
#12744000
0&
#12747600
b10010 E
1&
#12751200
0&
#12754800
b10001 E
1&
#12758400
0&
#12762000
b10000 E
1&
#12765600
0&
#12769200
b1111 E
1&
#12772800
0&
#12776400
b1110 E
1&
#12780000
0&
#12783600
b1101 E
1&
#12787200
0&
#12790800
b1100 E
1&
#12794400
0&
#12798000
b1011 E
1&
#12801600
0&
#12805200
b1010 E
1&
#12808800
0&
#12812400
b1001 E
1&
#12816000
0&
#12819600
b1000 E
1&
#12823200
0&
#12826800
b111 E
1&
#12830400
0&
#12834000
b110 E
1&
#12837600
0&
#12841200
b101 E
1&
#12844800
0&
#12848400
b100 E
1&
#12852000
0&
#12855600
b11 E
1&
#12859200
0&
#12862800
b10 E
1&
#12866400
0&
#12870000
b1 E
1&
#12873600
0&
#12877200
13
b0 E
1&
#12880800
0&
#12884400
b1 C
03
b1000101 E
1&
#12888000
0&
#12891600
b1000100 E
1&
#12895200
0&
#12898800
b1000011 E
1&
#12902400
0&
#12906000
b1000010 E
1&
#12909600
0&
#12913200
b1000001 E
1&
#12916800
0&
#12920400
b1000000 E
1&
#12924000
0&
#12927600
b111111 E
1&
#12931200
0&
#12934800
b111110 E
1&
#12938400
0&
#12942000
b111101 E
1&
#12945600
0&
#12949200
b111100 E
1&
#12952800
0&
#12956400
b111011 E
1&
#12960000
0&
#12963600
b111010 E
1&
#12967200
0&
#12970800
b111001 E
1&
#12974400
0&
#12978000
b111000 E
1&
#12981600
0&
#12985200
b110111 E
1&
#12988800
0&
#12992400
b110110 E
1&
#12996000
0&
#12999600
b110101 E
1&
#13003200
0&
#13006800
b110100 E
1&
#13010400
0&
#13014000
b110011 E
1&
#13017600
0&
#13021200
b110010 E
1&
#13024800
0&
#13028400
b110001 E
1&
#13032000
0&
#13035600
b110000 E
1&
#13039200
0&
#13042800
b101111 E
1&
#13046400
0&
#13050000
b101110 E
1&
#13053600
0&
#13057200
b101101 E
1&
#13060800
0&
#13064400
b101100 E
1&
#13068000
0&
#13071600
b101011 E
1&
#13075200
0&
#13078800
b101010 E
1&
#13082400
0&
#13086000
b101001 E
1&
#13089600
0&
#13093200
b101000 E
1&
#13096800
0&
#13100400
b100111 E
1&
#13104000
0&
#13107600
b100110 E
1&
#13111200
0&
#13114800
b100101 E
1&
#13118400
0&
#13122000
b100100 E
1&
#13125600
0&
#13129200
b100011 E
1&
#13132800
0&
#13136400
b100010 E
1&
#13140000
0&
#13143600
b100001 E
1&
#13147200
0&
#13150800
b100000 E
1&
#13154400
0&
#13158000
b11111 E
1&
#13161600
0&
#13165200
b11110 E
1&
#13168800
0&
#13172400
b11101 E
1&
#13176000
0&
#13179600
b11100 E
1&
#13183200
0&
#13186800
b11011 E
1&
#13190400
0&
#13194000
b11010 E
1&
#13197600
0&
#13201200
b11001 E
1&
#13204800
0&
#13208400
b11000 E
1&
#13212000
0&
#13215600
b10111 E
1&
#13219200
0&
#13222800
b10110 E
1&
#13226400
0&
#13230000
b10101 E
1&
#13233600
0&
#13237200
b10100 E
1&
#13240800
0&
#13244400
b10011 E
1&
#13248000
0&
#13251600
b10010 E
1&
#13255200
0&
#13258800
b10001 E
1&
#13262400
0&
#13266000
b10000 E
1&
#13269600
0&
#13273200
b1111 E
1&
#13276800
0&
#13280400
b1110 E
1&
#13284000
0&
#13287600
b1101 E
1&
#13291200
0&
#13294800
b1100 E
1&
#13298400
0&
#13302000
b1011 E
1&
#13305600
0&
#13309200
b1010 E
1&
#13312800
0&
#13316400
b1001 E
1&
#13320000
0&
#13323600
b1000 E
1&
#13327200
0&
#13330800
b111 E
1&
#13334400
0&
#13338000
b110 E
1&
#13341600
0&
#13345200
b101 E
1&
#13348800
0&
#13352400
b100 E
1&
#13356000
0&
#13359600
b11 E
1&
#13363200
0&
#13366800
b10 E
1&
#13370400
0&
#13374000
b1 E
1&
#13377600
0&
#13381200
13
b0 E
1&
#13384800
0&
#13388400
b1100 /
1"
b10 C
1H
03
b1000101 E
1&
#13392000
0&
#13395600
b1000100 E
1&
#13399200
0&
#13402800
b1000011 E
1&
#13406400
0&
#13410000
b1000010 E
1&
#13413600
0&
#13417200
b1000001 E
1&
#13420800
0&
#13424400
b1000000 E
1&
#13428000
0&
#13431600
b111111 E
1&
#13435200
0&
#13438800
b111110 E
1&
#13442400
0&
#13446000
b111101 E
1&
#13449600
0&
#13453200
b111100 E
1&
#13456800
0&
#13460400
b111011 E
1&
#13464000
0&
#13467600
b111010 E
1&
#13471200
0&
#13474800
b111001 E
1&
#13478400
0&
#13482000
b111000 E
1&
#13485600
0&
#13489200
b110111 E
1&
#13492800
0&
#13496400
b110110 E
1&
#13500000
0&
#13503600
b110101 E
1&
#13507200
0&
#13510800
b110100 E
1&
#13514400
0&
#13518000
b110011 E
1&
#13521600
0&
#13525200
b110010 E
1&
#13528800
0&
#13532400
b110001 E
1&
#13536000
0&
#13539600
b110000 E
1&
#13543200
0&
#13546800
b101111 E
1&
#13550400
0&
#13554000
b101110 E
1&
#13557600
0&
#13561200
b101101 E
1&
#13564800
0&
#13568400
b101100 E
1&
#13572000
0&
#13575600
b101011 E
1&
#13579200
0&
#13582800
b101010 E
1&
#13586400
0&
#13590000
b101001 E
1&
#13593600
0&
#13597200
b101000 E
1&
#13600800
0&
#13604400
b100111 E
1&
#13608000
0&
#13611600
b100110 E
1&
#13615200
0&
#13618800
b100101 E
1&
#13622400
0&
#13626000
b100100 E
1&
#13629600
0&
#13633200
b100011 E
1&
#13636800
0&
#13640400
b100010 E
1&
#13644000
0&
#13647600
b100001 E
1&
#13651200
0&
#13654800
b100000 E
1&
#13658400
0&
#13662000
b11111 E
1&
#13665600
0&
#13669200
b11110 E
1&
#13672800
0&
#13676400
b11101 E
1&
#13680000
0&
#13683600
b11100 E
1&
#13687200
0&
#13690800
b11011 E
1&
#13694400
0&
#13698000
b11010 E
1&
#13701600
0&
#13705200
b11001 E
1&
#13708800
0&
#13712400
b11000 E
1&
#13716000
0&
#13719600
b10111 E
1&
#13723200
0&
#13726800
b10110 E
1&
#13730400
0&
#13734000
b10101 E
1&
#13737600
0&
#13741200
b10100 E
1&
#13744800
0&
#13748400
b10011 E
1&
#13752000
0&
#13755600
b10010 E
1&
#13759200
0&
#13762800
b10001 E
1&
#13766400
0&
#13770000
b10000 E
1&
#13773600
0&
#13777200
b1111 E
1&
#13780800
0&
#13784400
b1110 E
1&
#13788000
0&
#13791600
b1101 E
1&
#13795200
0&
#13798800
b1100 E
1&
#13802400
0&
#13806000
b1011 E
1&
#13809600
0&
#13813200
b1010 E
1&
#13816800
0&
#13820400
b1001 E
1&
#13824000
0&
#13827600
b1000 E
1&
#13831200
0&
#13834800
b111 E
1&
#13838400
0&
#13842000
b110 E
1&
#13845600
0&
#13849200
b101 E
1&
#13852800
0&
#13856400
b100 E
1&
#13860000
0&
#13863600
b11 E
1&
#13867200
0&
#13870800
b10 E
1&
#13874400
0&
#13878000
b1 E
1&
#13881600
0&
#13885200
13
b0 E
1&
#13888800
0&
#13892400
b11 C
03
b1000101 E
1&
#13896000
0&
#13899600
b1000100 E
1&
#13903200
0&
#13906800
b1000011 E
1&
#13910400
0&
#13914000
b1000010 E
1&
#13917600
0&
#13921200
b1000001 E
1&
#13924800
0&
#13928400
b1000000 E
1&
#13932000
0&
#13935600
b111111 E
1&
#13939200
0&
#13942800
b111110 E
1&
#13946400
0&
#13950000
b111101 E
1&
#13953600
0&
#13957200
b111100 E
1&
#13960800
0&
#13964400
b111011 E
1&
#13968000
0&
#13971600
b111010 E
1&
#13975200
0&
#13978800
b111001 E
1&
#13982400
0&
#13986000
b111000 E
1&
#13989600
0&
#13993200
b110111 E
1&
#13996800
0&
#14000400
b110110 E
1&
#14004000
0&
#14007600
b110101 E
1&
#14011200
0&
#14014800
b110100 E
1&
#14018400
0&
#14022000
b110011 E
1&
#14025600
0&
#14029200
b110010 E
1&
#14032800
0&
#14036400
b110001 E
1&
#14040000
0&
#14043600
b110000 E
1&
#14047200
0&
#14050800
b101111 E
1&
#14054400
0&
#14058000
b101110 E
1&
#14061600
0&
#14065200
b101101 E
1&
#14068800
0&
#14072400
b101100 E
1&
#14076000
0&
#14079600
b101011 E
1&
#14083200
0&
#14086800
b101010 E
1&
#14090400
0&
#14094000
b101001 E
1&
#14097600
0&
#14101200
b101000 E
1&
#14104800
0&
#14108400
b100111 E
1&
#14112000
0&
#14115600
b100110 E
1&
#14119200
0&
#14122800
b100101 E
1&
#14126400
0&
#14130000
b100100 E
1&
#14133600
0&
#14137200
b100011 E
1&
#14140800
0&
#14144400
b100010 E
1&
#14148000
0&
#14151600
b100001 E
1&
#14155200
0&
#14158800
b100000 E
1&
#14162400
0&
#14166000
b11111 E
1&
#14169600
0&
#14173200
b11110 E
1&
#14176800
0&
#14180400
b11101 E
1&
#14184000
0&
#14187600
b11100 E
1&
#14191200
0&
#14194800
b11011 E
1&
#14198400
0&
#14202000
b11010 E
1&
#14205600
0&
#14209200
b11001 E
1&
#14212800
0&
#14216400
b11000 E
1&
#14220000
0&
#14223600
b10111 E
1&
#14227200
0&
#14230800
b10110 E
1&
#14234400
0&
#14238000
b10101 E
1&
#14241600
0&
#14245200
b10100 E
1&
#14248800
0&
#14252400
b10011 E
1&
#14256000
0&
#14259600
b10010 E
1&
#14263200
0&
#14266800
b10001 E
1&
#14270400
0&
#14274000
b10000 E
1&
#14277600
0&
#14281200
b1111 E
1&
#14284800
0&
#14288400
b1110 E
1&
#14292000
0&
#14295600
b1101 E
1&
#14299200
0&
#14302800
b1100 E
1&
#14306400
0&
#14310000
b1011 E
1&
#14313600
0&
#14317200
b1010 E
1&
#14320800
0&
#14324400
b1001 E
1&
#14328000
0&
#14331600
b1000 E
1&
#14335200
0&
#14338800
b111 E
1&
#14342400
0&
#14346000
b110 E
1&
#14349600
0&
#14353200
b101 E
1&
#14356800
0&
#14360400
b100 E
1&
#14364000
0&
#14367600
b11 E
1&
#14371200
0&
#14374800
b10 E
1&
#14378400
0&
#14382000
b1 E
1&
#14385600
0&
#14389200
13
b0 E
1&
#14392800
0&
#14396400
b1101 /
0"
b0 C
b1 ;
0H
03
b1000101 E
1&
#14400000
0&
#14403600
b1000100 E
1&
#14407200
0&
#14410800
b1000011 E
1&
#14414400
0&
#14418000
b1000010 E
1&
#14421600
0&
#14425200
b1000001 E
1&
#14428800
0&
#14432400
b1000000 E
1&
#14436000
0&
#14439600
b111111 E
1&
#14443200
0&
#14446800
b111110 E
1&
#14450400
0&
#14454000
b111101 E
1&
#14457600
0&
#14461200
b111100 E
1&
#14464800
0&
#14468400
b111011 E
1&
#14472000
0&
#14475600
b111010 E
1&
#14479200
0&
#14482800
b111001 E
1&
#14486400
0&
#14490000
b111000 E
1&
#14493600
0&
#14497200
b110111 E
1&
#14500800
0&
#14504400
b110110 E
1&
#14508000
0&
#14511600
b110101 E
1&
#14515200
0&
#14518800
b110100 E
1&
#14522400
0&
#14526000
b110011 E
1&
#14529600
0&
#14533200
b110010 E
1&
#14536800
0&
#14540400
b110001 E
1&
#14544000
0&
#14547600
b110000 E
1&
#14551200
0&
#14554800
b101111 E
1&
#14558400
0&
#14562000
b101110 E
1&
#14565600
0&
#14569200
b101101 E
1&
#14572800
0&
#14576400
b101100 E
1&
#14580000
0&
#14583600
b101011 E
1&
#14587200
0&
#14590800
b101010 E
1&
#14594400
0&
#14598000
b101001 E
1&
#14601600
0&
#14605200
b101000 E
1&
#14608800
0&
#14612400
b100111 E
1&
#14616000
0&
#14619600
b100110 E
1&
#14623200
0&
#14626800
b100101 E
b10100000 O
b100 N
1&
#14630400
0&
#14634000
b100100 E
1&
#14635000
1+
1)
b10100000 *
b10100000 2
b100 '
b100 1
#14637600
0&
#14641200
b100011 E
1&
#14642200
1(
#14644800
0&
#14648400
b100010 E
1&
#14650400
b1 O
b1000 N
0+
0(
0)
#14652000
0&
#14655600
b100001 E
1&
#14656600
1+
1)
b1 *
b1 2
b1000 '
b1000 1
#14659200
0&
#14662800
b100000 E
1&
#14663800
1(
#14666400
0&
#14670000
b11111 E
1&
#14672000
0+
0(
0)
#14673600
0&
#14677200
b11110 E
1&
#14680800
0&
#14684400
b11101 E
1&
#14688000
0&
#14691600
b11100 E
1&
#14695200
0&
#14698800
b11011 E
1&
#14702400
0&
#14706000
b11010 E
1&
#14709600
0&
#14713200
b11001 E
1&
#14716800
0&
#14720400
b11000 E
1&
#14724000
0&
#14727600
b10111 E
1&
#14731200
0&
#14734800
b10110 E
1&
#14738400
0&
#14742000
b10101 E
1&
#14745600
0&
#14749200
b10100 E
1&
#14750200
1)
b0 '
b0 1
#14752800
0&
#14756400
b10011 E
1&
#14757400
1(
#14760000
0&
#14763600
b10000000000000000000000001000101 $
b10000000000000000000000001000101 D
b10010 E
1&
#14764600
b10000000000000000000000001000101 M
#14765600
b10000 O
b10000000000000000000000001000101 ,
0(
0)
#14767200
0&
#14770800
b10001 E
1&
#14771800
1+
1)
b10000 *
b10000 2
b1000 '
b1000 1
#14774400
0&
#14778000
b10000 E
1&
#14779000
1(
#14781600
0&
#14785200
b1111 E
1=
0A
1&
#14787200
0+
0(
0)
#14788800
0&
#14792400
b1110 E
1&
#14796000
0&
#14799600
b1101 E
1&
#14803200
0&
#14806800
b1100 E
1&
#14810400
0&
#14814000
b1011 E
1&
#14817600
0&
#14821200
b1010 E
1&
#14824800
0&
#14828400
b1001 E
1&
#14832000
0&
#14835600
b1000 E
1&
#14839200
0&
#14842800
b111 E
1&
#14846400
0&
#14850000
b110 E
1&
#14853600
0&
#14857200
b101 E
1&
#14860800
0&
#14864400
b100 E
1&
#14868000
0&
#14871600
b11 E
1&
#14875200
0&
#14878800
b10 E
1&
#14882400
0&
#14886000
b1 E
1&
#14889600
0&
#14893200
13
b0 E
1&
#14896800
0&
#14900400
b1 C
03
b1000101 E
1&
#14904000
0&
#14907600
b1000100 E
1&
#14911200
0&
#14914800
b1000011 E
1&
#14918400
0&
#14922000
b1000010 E
1&
#14925600
0&
#14929200
b1000001 E
1&
#14932800
0&
#14936400
b1000000 E
1&
#14940000
0&
#14943600
b111111 E
1&
#14947200
0&
#14950800
b111110 E
1&
#14954400
0&
#14958000
b111101 E
1&
#14961600
0&
#14965200
b111100 E
1&
#14968800
0&
#14972400
b111011 E
1&
#14976000
0&
#14979600
b111010 E
1&
#14983200
0&
#14986800
b111001 E
1&
#14990400
0&
#14994000
b111000 E
1&
#14997600
0&
#15001200
b110111 E
1&
#15004800
0&
#15008400
b110110 E
1&
#15012000
0&
#15015600
b110101 E
1&
#15019200
0&
#15022800
b110100 E
1&
#15026400
0&
#15030000
b110011 E
1&
#15033600
0&
#15037200
b110010 E
1&
#15040800
0&
#15044400
b110001 E
1&
#15048000
0&
#15051600
b110000 E
1&
#15055200
0&
#15058800
b101111 E
1&
#15062400
0&
#15066000
b101110 E
1&
#15069600
0&
#15073200
b101101 E
1&
#15076800
0&
#15080400
b101100 E
1&
#15084000
0&
#15087600
b101011 E
1&
#15091200
0&
#15094800
b101010 E
1&
#15098400
0&
#15102000
b101001 E
1&
#15105600
0&
#15109200
b101000 E
1&
#15112800
0&
#15116400
b100111 E
1&
#15120000
0&
#15123600
b100110 E
1&
#15127200
0&
#15130800
b100101 E
1&
#15134400
0&
#15138000
b100100 E
1&
#15141600
0&
#15145200
b100011 E
1&
#15148800
0&
#15152400
b100010 E
1&
#15156000
0&
#15159600
b100001 E
1&
#15163200
0&
#15166800
b100000 E
1&
#15170400
0&
#15174000
b11111 E
1&
#15177600
0&
#15181200
b11110 E
1&
#15184800
0&
#15188400
b11101 E
1&
#15192000
0&
#15195600
b11100 E
1&
#15199200
0&
#15202800
b11011 E
1&
#15206400
0&
#15210000
b11010 E
1&
#15213600
0&
#15217200
b11001 E
1&
#15220800
0&
#15224400
b11000 E
1&
#15228000
0&
#15231600
b10111 E
1&
#15235200
0&
#15238800
b10110 E
1&
#15242400
0&
#15246000
b10101 E
1&
#15249600
0&
#15253200
b10100 E
1&
#15256800
0&
#15260400
b10011 E
1&
#15264000
0&
#15267600
b10010 E
1&
#15271200
0&
#15274800
b10001 E
1&
#15278400
0&
#15282000
b10000 E
1&
#15285600
0&
#15289200
b1111 E
1&
#15292800
0&
#15296400
b1110 E
1&
#15300000
0&
#15303600
b1101 E
1&
#15307200
0&
#15310800
b1100 E
1&
#15314400
0&
#15318000
b1011 E
1&
#15321600
0&
#15325200
b1010 E
1&
#15328800
0&
#15332400
b1001 E
1&
#15336000
0&
#15339600
b1000 E
1&
#15343200
0&
#15346800
b111 E
1&
#15350400
0&
#15354000
b110 E
1&
#15357600
0&
#15361200
b101 E
1&
#15364800
0&
#15368400
b100 E
1&
#15372000
0&
#15375600
b11 E
1&
#15379200
0&
#15382800
b10 E
1&
#15386400
0&
#15390000
b1 E
1&
#15393600
0&
#15397200
13
b0 E
1&
#15400800
0&
#15404400
b1110 /
1"
b10 C
1H
03
b1000101 E
1&
#15408000
0&
#15411600
b1000100 E
1&
#15415200
0&
#15418800
b1000011 E
1&
#15422400
0&
#15426000
b1000010 E
1&
#15429600
0&
#15433200
b1000001 E
1&
#15436800
0&
#15440400
b1000000 E
1&
#15444000
0&
#15447600
b111111 E
1&
#15451200
0&
#15454800
b111110 E
1&
#15458400
0&
#15462000
b111101 E
1&
#15465600
0&
#15469200
b111100 E
1&
#15472800
0&
#15476400
b111011 E
1&
#15480000
0&
#15483600
b111010 E
1&
#15487200
0&
#15490800
b111001 E
1&
#15494400
0&
#15498000
b111000 E
1&
#15501600
0&
#15505200
b110111 E
1&
#15508800
0&
#15512400
b110110 E
1&
#15516000
0&
#15519600
b110101 E
1&
#15523200
0&
#15526800
b110100 E
1&
#15530400
0&
#15534000
b110011 E
1&
#15537600
0&
#15541200
b110010 E
1&
#15544800
0&
#15548400
b110001 E
1&
#15552000
0&
#15555600
b110000 E
1&
#15559200
0&
#15562800
b101111 E
1&
#15566400
0&
#15570000
b101110 E
1&
#15573600
0&
#15577200
b101101 E
1&
#15580800
0&
#15584400
b101100 E
1&
#15588000
0&
#15591600
b101011 E
1&
#15595200
0&
#15598800
b101010 E
1&
#15602400
0&
#15606000
b101001 E
1&
#15609600
0&
#15613200
b101000 E
1&
#15616800
0&
#15620400
b100111 E
1&
#15624000
0&
#15627600
b100110 E
1&
#15631200
0&
#15634800
b100101 E
1&
#15638400
0&
#15642000
b100100 E
1&
#15645600
0&
#15649200
b100011 E
1&
#15652800
0&
#15656400
b100010 E
1&
#15660000
0&
#15663600
b100001 E
1&
#15667200
0&
#15670800
b100000 E
1&
#15674400
0&
#15678000
b11111 E
1&
#15681600
0&
#15685200
b11110 E
1&
#15688800
0&
#15692400
b11101 E
1&
#15696000
0&
#15699600
b11100 E
1&
#15703200
0&
#15706800
b11011 E
1&
#15710400
0&
#15714000
b11010 E
1&
#15717600
0&
#15721200
b11001 E
1&
#15724800
0&
#15728400
b11000 E
1&
#15732000
0&
#15735600
b10111 E
1&
#15739200
0&
#15742800
b10110 E
1&
#15746400
0&
#15750000
b10101 E
1&
#15753600
0&
#15757200
b10100 E
1&
#15760800
0&
#15764400
b10011 E
1&
#15768000
0&
#15771600
b10010 E
1&
#15775200
0&
#15778800
b10001 E
1&
#15782400
0&
#15786000
b10000 E
1&
#15789600
0&
#15793200
b1111 E
1&
#15796800
0&
#15800400
b1110 E
1&
#15804000
0&
#15807600
b1101 E
1&
#15811200
0&
#15814800
b1100 E
1&
#15818400
0&
#15822000
b1011 E
1&
#15825600
0&
#15829200
b1010 E
1&
#15832800
0&
#15836400
b1001 E
1&
#15840000
0&
#15843600
b1000 E
1&
#15847200
0&
#15850800
b111 E
1&
#15854400
0&
#15858000
b110 E
1&
#15861600
0&
#15865200
b101 E
1&
#15868800
0&
#15872400
b100 E
1&
#15876000
0&
#15879600
b11 E
1&
#15883200
0&
#15886800
b10 E
1&
#15890400
0&
#15894000
b1 E
1&
#15897600
0&
#15901200
13
b0 E
1&
#15904800
0&
#15908400
b11 C
03
b1000101 E
1&
#15912000
0&
#15915600
b1000100 E
1&
#15919200
0&
#15922800
b1000011 E
1&
#15926400
0&
#15930000
b1000010 E
1&
#15933600
0&
#15937200
b1000001 E
1&
#15940800
0&
#15944400
b1000000 E
1&
#15948000
0&
#15951600
b111111 E
1&
#15955200
0&
#15958800
b111110 E
1&
#15962400
0&
#15966000
b111101 E
1&
#15969600
0&
#15973200
b111100 E
1&
#15976800
0&
#15980400
b111011 E
1&
#15984000
0&
#15987600
b111010 E
1&
#15991200
0&
#15994800
b111001 E
1&
#15998400
0&
#16002000
b111000 E
1&
#16005600
0&
#16009200
b110111 E
1&
#16012800
0&
#16016400
b110110 E
1&
#16020000
0&
#16023600
b110101 E
1&
#16027200
0&
#16030800
b110100 E
1&
#16034400
0&
#16038000
b110011 E
1&
#16041600
0&
#16045200
b110010 E
1&
#16048800
0&
#16052400
b110001 E
1&
#16056000
0&
#16059600
b110000 E
1&
#16063200
0&
#16066800
b101111 E
1&
#16070400
0&
#16074000
b101110 E
1&
#16077600
0&
#16081200
b101101 E
1&
#16084800
0&
#16088400
b101100 E
1&
#16092000
0&
#16095600
b101011 E
1&
#16099200
0&
#16102800
b101010 E
1&
#16106400
0&
#16110000
b101001 E
1&
#16113600
0&
#16117200
b101000 E
1&
#16120800
0&
#16124400
b100111 E
1&
#16128000
0&
#16131600
b100110 E
1&
#16135200
0&
#16138800
b100101 E
1&
#16142400
0&
#16146000
b100100 E
1&
#16149600
0&
#16153200
b100011 E
1&
#16156800
0&
#16160400
b100010 E
1&
#16164000
0&
#16167600
b100001 E
1&
#16171200
0&
#16174800
b100000 E
1&
#16178400
0&
#16182000
b11111 E
1&
#16185600
0&
#16189200
b11110 E
1&
#16192800
0&
#16196400
b11101 E
1&
#16200000
0&
#16203600
b11100 E
1&
#16207200
0&
#16210800
b11011 E
1&
#16214400
0&
#16218000
b11010 E
1&
#16221600
0&
#16225200
b11001 E
1&
#16228800
0&
#16232400
b11000 E
1&
#16236000
0&
#16239600
b10111 E
1&
#16243200
0&
#16246800
b10110 E
1&
#16250400
0&
#16254000
b10101 E
1&
#16257600
0&
#16261200
b10100 E
1&
#16264800
0&
#16268400
b10011 E
1&
#16272000
0&
#16275600
b10010 E
1&
#16279200
0&
#16282800
b10001 E
1&
#16286400
0&
#16290000
b10000 E
1&
#16293600
0&
#16297200
b1111 E
1&
#16300800
0&
#16304400
b1110 E
1&
#16308000
0&
#16311600
b1101 E
1&
#16315200
0&
#16318800
b1100 E
1&
#16322400
0&
#16326000
b1011 E
1&
#16329600
0&
#16333200
b1010 E
1&
#16336800
0&
#16340400
b1001 E
1&
#16344000
0&
#16347600
b1000 E
1&
#16351200
0&
#16354800
b111 E
1&
#16358400
0&
#16362000
b110 E
1&
#16365600
0&
#16369200
b101 E
1&
#16372800
0&
#16376400
b100 E
1&
#16380000
0&
#16383600
b11 E
1&
#16387200
0&
#16390800
b10 E
1&
#16394400
0&
#16398000
b1 E
1&
#16401600
0&
#16405200
13
b0 E
1&
#16408800
0&
#16412400
b1111 /
0"
b0 C
b0 ;
0H
03
b1000101 E
1&
#16416000
0&
#16419600
b1000100 E
1&
#16423200
0&
#16426800
b1000011 E
1&
#16430400
0&
#16434000
b1000010 E
1&
#16437600
0&
#16441200
b1000001 E
1&
#16444800
0&
#16448400
b1000000 E
1&
#16452000
0&
#16455600
b111111 E
1&
#16459200
0&
#16462800
b111110 E
1&
#16466400
0&
#16470000
b111101 E
1&
#16473600
0&
#16477200
b111100 E
1&
#16480800
0&
#16484400
b111011 E
1&
#16488000
0&
#16491600
b111010 E
1&
#16495200
0&
#16498800
b111001 E
1&
#16502400
0&
#16506000
b111000 E
1&
#16509600
0&
#16513200
b110111 E
1&
#16516800
0&
#16520400
b110110 E
1&
#16524000
0&
#16527600
b110101 E
1&
#16531200
0&
#16534800
b110100 E
1&
#16538400
0&
#16542000
b110011 E
1&
#16545600
0&
#16549200
b110010 E
1&
#16552800
0&
#16556400
b110001 E
1&
#16560000
0&
#16563600
b110000 E
1&
#16567200
0&
#16570800
b101111 E
1&
#16574400
0&
#16578000
b101110 E
1&
#16581600
0&
#16585200
b101101 E
1&
#16588800
0&
#16592400
b101100 E
1&
#16596000
0&
#16599600
b101011 E
1&
#16603200
0&
#16606800
b101010 E
1&
#16610400
0&
#16614000
b101001 E
1&
#16617600
0&
#16621200
b101000 E
1&
#16624800
0&
#16628400
b100111 E
1&
#16632000
0&
#16635600
b100110 E
1&
#16639200
0&
#16642800
b100101 E
1&
#16646400
0&
#16650000
b100100 E
1&
#16653600
0&
#16657200
b100011 E
1&
#16660800
0&
#16664400
b100010 E
1&
#16668000
0&
#16671600
b100001 E
1&
#16675200
0&
#16678800
b100000 E
1&
#16682400
0&
#16686000
b11111 E
1&
#16689600
0&
#16693200
b11110 E
1&
#16696800
0&
#16700400
b11101 E
1&
#16704000
0&
#16707600
b11100 E
1&
#16711200
0&
#16714800
b11011 E
1&
#16718400
0&
#16722000
b11010 E
1&
#16725600
0&
#16729200
b11001 E
1&
#16732800
0&
#16736400
b11000 E
1&
#16740000
0&
#16743600
b10111 E
1&
#16747200
0&
#16750800
b10110 E
1&
#16754400
0&
#16758000
b10101 E
1&
#16761600
0&
#16765200
b10100 E
1&
#16768800
0&
#16772400
b10011 E
1&
#16776000
0&
#16779600
b10010 E
1&
#16783200
0&
#16786800
b10001 E
1&
#16790400
0&
#16794000
b10000 E
1&
#16797600
0&
#16801200
b1111 E
1&
#16804800
0&
#16808400
b1110 E
1&
#16812000
0&
#16815600
b1101 E
1&
#16819200
0&
#16822800
b1100 E
1&
#16826400
0&
#16830000
b1011 E
1&
#16833600
0&
#16837200
b1010 E
1&
#16840800
0&
#16844400
b1001 E
1&
#16848000
0&
#16851600
b1000 E
1&
#16855200
0&
#16858800
b111 E
1&
#16862400
0&
#16866000
b110 E
1&
#16869600
0&
#16873200
b101 E
1&
#16876800
0&
#16880400
b100 E
1&
#16884000
0&
#16887600
b11 E
1&
#16891200
0&
#16894800
b10 E
1&
#16898400
0&
#16902000
b1 E
1&
#16905600
0&
#16909200
13
b0 E
1&
#16912800
0&
#16916400
b1 C
03
b1000101 E
1&
#16920000
0&
#16923600
b1000100 E
1&
#16927200
0&
#16930800
b1000011 E
1&
#16934400
0&
#16938000
b1000010 E
1&
#16941600
0&
#16945200
b1000001 E
1&
#16948800
0&
#16952400
b1000000 E
1&
#16956000
0&
#16959600
b111111 E
1&
#16963200
0&
#16966800
b111110 E
1&
#16970400
0&
#16974000
b111101 E
1&
#16977600
0&
#16981200
b111100 E
1&
#16984800
0&
#16988400
b111011 E
1&
#16992000
0&
#16995600
b111010 E
1&
#16999200
0&
#17002800
b111001 E
1&
#17006400
0&
#17010000
b111000 E
1&
#17013600
0&
#17017200
b110111 E
1&
#17020800
0&
#17024400
b110110 E
1&
#17028000
0&
#17031600
b110101 E
1&
#17035200
0&
#17038800
b110100 E
1&
#17042400
0&
#17046000
b110011 E
1&
#17049600
0&
#17053200
b110010 E
1&
#17056800
0&
#17060400
b110001 E
1&
#17064000
0&
#17067600
b110000 E
1&
#17071200
0&
#17074800
b101111 E
1&
#17078400
0&
#17082000
b101110 E
1&
#17085600
0&
#17089200
b101101 E
1&
#17092800
0&
#17096400
b101100 E
1&
#17100000
0&
#17103600
b101011 E
1&
#17107200
0&
#17110800
b101010 E
1&
#17114400
0&
#17118000
b101001 E
1&
#17121600
0&
#17125200
b101000 E
1&
#17128800
0&
#17132400
b100111 E
1&
#17136000
0&
#17139600
b100110 E
1&
#17143200
0&
#17146800
b100101 E
1&
#17150400
0&
#17154000
b100100 E
1&
#17157600
0&
#17161200
b100011 E
1&
#17164800
0&
#17168400
b100010 E
1&
#17172000
0&
#17175600
b100001 E
1&
#17179200
0&
#17182800
b100000 E
1&
#17186400
0&
#17190000
b11111 E
1&
#17193600
0&
#17197200
b11110 E
1&
#17200800
0&
#17204400
b11101 E
1&
#17208000
0&
#17211600
b11100 E
1&
#17215200
0&
#17218800
b11011 E
1&
#17222400
0&
#17226000
b11010 E
1&
#17229600
0&
#17233200
b11001 E
1&
#17236800
0&
#17240400
b11000 E
1&
#17244000
0&
#17247600
b10111 E
1&
#17251200
0&
#17254800
b10110 E
1&
#17258400
0&
#17262000
b10101 E
1&
#17265600
0&
#17269200
b10100 E
1&
#17272800
0&
#17276400
b10011 E
1&
#17280000
0&
#17283600
b10010 E
1&
#17287200
0&
#17290800
b10001 E
1&
#17294400
0&
#17298000
b10000 E
1&
#17301600
0&
#17305200
b1111 E
1&
#17308800
0&
#17312400
b1110 E
1&
#17316000
0&
#17319600
b1101 E
1&
#17323200
0&
#17326800
b1100 E
1&
#17330400
0&
#17334000
b1011 E
1&
#17337600
0&
#17341200
b1010 E
1&
#17344800
0&
#17348400
b1001 E
1&
#17352000
0&
#17355600
b1000 E
1&
#17359200
0&
#17362800
b111 E
1&
#17366400
0&
#17370000
b110 E
1&
#17373600
0&
#17377200
b101 E
1&
#17380800
0&
#17384400
b100 E
1&
#17388000
0&
#17391600
b11 E
1&
#17395200
0&
#17398800
b10 E
1&
#17402400
0&
#17406000
b1 E
1&
#17409600
0&
#17413200
13
b0 E
1&
#17416800
0&
#17420400
b10000 /
1"
b10 C
1H
03
b1000101 E
1&
#17424000
0&
#17427600
b1000100 E
1&
#17431200
0&
#17434800
b1000011 E
1&
#17438400
0&
#17442000
b1000010 E
1&
#17445600
0&
#17449200
b1000001 E
1&
#17452800
0&
#17456400
b1000000 E
1&
#17460000
0&
#17463600
b111111 E
1&
#17467200
0&
#17470800
b111110 E
1&
#17474400
0&
#17478000
b111101 E
1&
#17481600
0&
#17485200
b111100 E
1&
#17488800
0&
#17492400
b111011 E
1&
#17496000
0&
#17499600
b111010 E
1&
#17503200
0&
#17506800
b111001 E
1&
#17510400
0&
#17514000
b111000 E
1&
#17517600
0&
#17521200
b110111 E
1&
#17524800
0&
#17528400
b110110 E
1&
#17532000
0&
#17535600
b110101 E
1&
#17539200
0&
#17542800
b110100 E
1&
#17546400
0&
#17550000
b110011 E
1&
#17553600
0&
#17557200
b110010 E
1&
#17560800
0&
#17564400
b110001 E
1&
#17568000
0&
#17571600
b110000 E
1&
#17575200
0&
#17578800
b101111 E
1&
#17582400
0&
#17586000
b101110 E
1&
#17589600
0&
#17593200
b101101 E
1&
#17596800
0&
#17600400
b101100 E
1&
#17604000
0&
#17607600
b101011 E
1&
#17611200
0&
#17614800
b101010 E
1&
#17618400
0&
#17622000
b101001 E
1&
#17625600
0&
#17629200
b101000 E
1&
#17632800
0&
#17636400
b100111 E
1&
#17640000
0&
#17643600
b100110 E
1&
#17647200
0&
#17650800
b100101 E
1&
#17654400
0&
#17658000
b100100 E
1&
#17661600
0&
#17665200
b100011 E
1&
#17668800
0&
#17672400
b100010 E
1&
#17676000
0&
#17679600
b100001 E
1&
#17683200
0&
#17686800
b100000 E
1&
#17690400
0&
#17694000
b11111 E
1&
#17697600
0&
#17701200
b11110 E
1&
#17704800
0&
#17708400
b11101 E
1&
#17712000
0&
#17715600
b11100 E
1&
#17719200
0&
#17722800
b11011 E
1&
#17726400
0&
#17730000
b11010 E
1&
#17733600
0&
#17737200
b11001 E
1&
#17740800
0&
#17744400
b11000 E
1&
#17748000
0&
#17751600
b10111 E
1&
#17755200
0&
#17758800
b10110 E
1&
#17762400
0&
#17766000
b10101 E
1&
#17769600
0&
#17773200
b10100 E
1&
#17776800
0&
#17780400
b10011 E
1&
#17784000
0&
#17787600
b10010 E
1&
#17791200
0&
#17794800
b10001 E
1&
#17798400
0&
#17802000
b10000 E
1&
#17805600
0&
#17809200
b1111 E
1&
#17812800
0&
#17816400
b1110 E
1&
#17820000
0&
#17823600
b1101 E
1&
#17827200
0&
#17830800
b1100 E
1&
#17834400
0&
#17838000
b1011 E
1&
#17841600
0&
#17845200
b1010 E
1&
#17848800
0&
#17852400
b1001 E
1&
#17856000
0&
#17859600
b1000 E
1&
#17863200
0&
#17866800
b111 E
1&
#17870400
0&
#17874000
b110 E
1&
#17877600
0&
#17881200
b101 E
1&
#17884800
0&
#17888400
b100 E
1&
#17892000
0&
#17895600
b11 E
1&
#17899200
0&
#17902800
b10 E
1&
#17906400
0&
#17910000
b1 E
1&
#17913600
0&
#17917200
13
b0 E
1&
#17920800
0&
#17924400
b11 C
03
b1000101 E
1&
#17928000
0&
#17931600
b1000100 E
1&
#17935200
0&
#17938800
b1000011 E
1&
#17942400
0&
#17946000
b1000010 E
1&
#17949600
0&
#17953200
b1000001 E
1&
#17956800
0&
#17960400
b1000000 E
1&
#17964000
0&
#17967600
b111111 E
1&
#17971200
0&
#17974800
b111110 E
1&
#17978400
0&
#17982000
b111101 E
1&
#17985600
0&
#17989200
b111100 E
1&
#17992800
0&
#17996400
b111011 E
1&
#18000000
0&
#18003600
b111010 E
1&
#18007200
0&
#18010800
b111001 E
1&
#18014400
0&
#18018000
b111000 E
1&
#18021600
0&
#18025200
b110111 E
1&
#18028800
0&
#18032400
b110110 E
1&
#18036000
0&
#18039600
b110101 E
1&
#18043200
0&
#18046800
b110100 E
1&
#18050400
0&
#18054000
b110011 E
1&
#18057600
0&
#18061200
b110010 E
1&
#18064800
0&
#18068400
b110001 E
1&
#18072000
0&
#18075600
b110000 E
1&
#18079200
0&
#18082800
b101111 E
1&
#18086400
0&
#18090000
b101110 E
1&
#18093600
0&
#18097200
b101101 E
1&
#18100800
0&
#18104400
b101100 E
1&
#18108000
0&
#18111600
b101011 E
1&
#18115200
0&
#18118800
b101010 E
1&
#18122400
0&
#18126000
b101001 E
1&
#18129600
0&
#18133200
b101000 E
1&
#18136800
0&
#18140400
b100111 E
1&
#18144000
0&
#18147600
b100110 E
1&
#18151200
0&
#18154800
b100101 E
1&
#18158400
0&
#18162000
b100100 E
1&
#18165600
0&
#18169200
b100011 E
1&
#18172800
0&
#18176400
b100010 E
1&
#18180000
0&
#18183600
b100001 E
1&
#18187200
0&
#18190800
b100000 E
1&
#18194400
0&
#18198000
b11111 E
1&
#18201600
0&
#18205200
b11110 E
1&
#18208800
0&
#18212400
b11101 E
1&
#18216000
0&
#18219600
b11100 E
1&
#18223200
0&
#18226800
b11011 E
1&
#18230400
0&
#18234000
b11010 E
1&
#18237600
0&
#18241200
b11001 E
1&
#18244800
0&
#18248400
b11000 E
1&
#18252000
0&
#18255600
b10111 E
1&
#18259200
0&
#18262800
b10110 E
1&
#18266400
0&
#18270000
b10101 E
1&
#18273600
0&
#18277200
b10100 E
1&
#18280800
0&
#18284400
b10011 E
1&
#18288000
0&
#18291600
b10010 E
1&
#18295200
0&
#18298800
b10001 E
1&
#18302400
0&
#18306000
b10000 E
1&
#18309600
0&
#18313200
b1111 E
1&
#18316800
0&
#18320400
b1110 E
1&
#18324000
0&
#18327600
b1101 E
1&
#18331200
0&
#18334800
b1100 E
1&
#18338400
0&
#18342000
b1011 E
1&
#18345600
0&
#18349200
b1010 E
1&
#18352800
0&
#18356400
b1001 E
1&
#18360000
0&
#18363600
b1000 E
1&
#18367200
0&
#18370800
b111 E
1&
#18374400
0&
#18378000
b110 E
1&
#18381600
0&
#18385200
b101 E
1&
#18388800
0&
#18392400
b100 E
1&
#18396000
0&
#18399600
b11 E
1&
#18403200
0&
#18406800
b10 E
1&
#18410400
0&
#18414000
b1 E
1&
#18417600
0&
#18421200
13
b0 E
1&
#18424800
0&
#18428400
b10001 /
0"
b0 C
b100 B
0H
03
b1000101 E
1&
#18432000
0&
#18435600
b1000100 E
1&
#18439200
0&
#18442800
b1000011 E
1&
#18446400
0&
#18450000
b1000010 E
1&
#18453600
0&
#18457200
b1000001 E
1&
#18460800
0&
#18464400
b1000000 E
1&
#18468000
0&
#18471600
b111111 E
1&
#18475200
0&
#18478800
b111110 E
1&
#18482400
0&
#18486000
b111101 E
1&
#18489600
0&
#18493200
b111100 E
1&
#18496800
0&
#18500400
b111011 E
1&
#18504000
0&
#18507600
b111010 E
1&
#18511200
0&
#18514800
b111001 E
1&
#18518400
0&
#18522000
b111000 E
1&
#18525600
0&
#18529200
b110111 E
1&
#18532800
0&
#18536400
b110110 E
1&
#18540000
0&
#18543600
b110101 E
1&
#18547200
0&
#18550800
b110100 E
1&
#18554400
0&
#18558000
b110011 E
1&
#18561600
0&
#18565200
b110010 E
1&
#18568800
0&
#18572400
b110001 E
1&
#18576000
0&
#18579600
b110000 E
1&
#18583200
0&
#18586800
b101111 E
1&
#18590400
0&
#18594000
b101110 E
1&
#18597600
0&
#18601200
b101101 E
1&
#18604800
0&
#18608400
b101100 E
1&
#18612000
0&
#18615600
b101011 E
1&
#18619200
0&
#18622800
b101010 E
1&
#18626400
0&
#18630000
b101001 E
1&
#18633600
0&
#18637200
b101000 E
1&
#18640800
0&
#18644400
b100111 E
1&
#18648000
0&
#18651600
b100110 E
1&
#18655200
0&
#18658800
b100101 E
1&
#18662400
0&
#18666000
b100100 E
1&
#18669600
0&
#18673200
b100011 E
1&
#18676800
0&
#18680400
b100010 E
1&
#18684000
0&
#18687600
b100001 E
1&
#18691200
0&
#18694800
b100000 E
1&
#18698400
0&
#18702000
b11111 E
1&
#18705600
0&
#18709200
b11110 E
1&
#18712800
0&
#18716400
b11101 E
1&
#18720000
0&
#18723600
b11100 E
1&
#18727200
0&
#18730800
b11011 E
1&
#18734400
0&
#18738000
b11010 E
1&
#18741600
0&
#18745200
b11001 E
1&
#18748800
0&
#18752400
b11000 E
1&
#18756000
0&
#18759600
b10111 E
1&
#18763200
0&
#18766800
b10110 E
1&
#18770400
0&
#18774000
b10101 E
1&
#18777600
0&
#18781200
b10100 E
1&
#18784800
0&
#18788400
b10011 E
1&
#18792000
0&
#18795600
b10010 E
1&
#18799200
0&
#18802800
b10001 E
1&
#18806400
0&
#18810000
b10000 E
1&
#18813600
0&
#18817200
b1111 E
1&
#18820800
0&
#18824400
b1110 E
1&
#18828000
0&
#18831600
b1101 E
1&
#18835200
0&
#18838800
b1100 E
1&
#18842400
0&
#18846000
b1011 E
1&
#18849600
0&
#18853200
b1010 E
1&
#18856800
0&
#18860400
b1001 E
1&
#18864000
0&
#18867600
b1000 E
1&
#18871200
0&
#18874800
b111 E
1&
#18878400
0&
#18882000
b110 E
1&
#18885600
0&
#18889200
b101 E
1&
#18892800
0&
#18896400
b100 E
1&
#18900000
0&
#18903600
b11 E
1&
#18907200
0&
#18910800
b10 E
1&
#18914400
0&
#18918000
b1 E
1&
#18921600
0&
#18925200
13
b0 E
1&
#18928800
0&
#18932400
1#
b1 C
1I
03
b1000101 E
1&
#18936000
0&
#18939600
b1000100 E
1&
#18943200
0&
#18946800
b1000011 E
1&
#18950400
0&
#18954000
b1000010 E
1&
#18957600
0&
#18961200
b1000001 E
1&
#18964800
0&
#18968400
b1000000 E
1&
#18972000
0&
#18975600
b111111 E
1&
#18979200
0&
#18982800
b111110 E
1&
#18986400
0&
#18990000
b111101 E
1&
#18993600
0&
#18997200
b111100 E
1&
#19000800
0&
#19004400
b111011 E
1&
#19008000
0&
#19011600
b111010 E
1&
#19015200
0&
#19018800
b111001 E
1&
#19022400
0&
#19026000
b111000 E
1&
#19029600
0&
#19033200
b110111 E
1&
#19036800
0&
#19040400
b110110 E
1&
#19044000
0&
#19047600
b110101 E
1&
#19051200
0&
#19054800
b110100 E
1&
#19058400
0&
#19062000
b110011 E
1&
#19065600
0&
#19069200
b110010 E
1&
#19072800
0&
#19076400
b110001 E
1&
#19080000
0&
#19083600
b110000 E
1&
#19087200
0&
#19090800
b101111 E
1&
#19094400
0&
#19098000
b101110 E
1&
#19101600
0&
#19105200
b101101 E
1&
#19108800
0&
#19112400
b101100 E
1&
#19116000
0&
#19119600
b101011 E
1&
#19123200
0&
#19126800
b101010 E
1&
#19130400
0&
#19134000
b101001 E
1&
#19137600
0&
#19141200
b101000 E
1&
#19144800
0&
#19148400
b100111 E
1&
#19152000
0&
#19155600
b100110 E
1&
#19159200
0&
#19162800
b100101 E
1&
#19166400
0&
#19170000
b100100 E
1&
#19173600
0&
#19177200
b100011 E
1&
#19180800
0&
#19184400
b100010 E
1&
#19188000
0&
#19191600
b100001 E
1&
#19195200
0&
#19198800
b100000 E
1&
#19202400
0&
#19206000
b11111 E
1&
#19209600
0&
#19213200
b11110 E
1&
#19216800
0&
#19220400
b11101 E
1&
#19224000
0&
#19227600
b11100 E
1&
#19231200
0&
#19234800
b11011 E
1&
#19238400
0&
#19242000
b11010 E
1&
#19245600
0&
#19249200
b11001 E
1&
#19252800
0&
#19256400
b11000 E
1&
#19260000
0&
#19263600
b10111 E
1&
#19267200
0&
#19270800
b10110 E
1&
#19274400
0&
#19278000
b10101 E
1&
#19281600
0&
#19285200
b10100 E
1&
#19288800
0&
#19292400
b10011 E
1&
#19296000
0&
#19299600
b10010 E
1&
#19303200
0&
#19306800
b10001 E
1&
#19310400
0&
#19314000
b10000 E
1&
#19317600
0&
#19321200
b1111 E
1&
#19324800
0&
#19328400
b1110 E
1&
#19332000
0&
#19335600
b1101 E
1&
#19339200
0&
#19342800
b1100 E
1&
#19346400
0&
#19350000
b1011 E
1&
#19353600
0&
#19357200
b1010 E
1&
#19360800
0&
#19364400
b1001 E
1&
#19368000
0&
#19371600
b1000 E
1&
#19375200
0&
#19378800
b111 E
1&
#19382400
0&
#19386000
b110 E
1&
#19389600
0&
#19393200
b101 E
1&
#19396800
0&
#19400400
b100 E
1&
#19404000
0&
#19407600
b11 E
1&
#19411200
0&
#19414800
b10 E
1&
#19418400
0&
#19422000
b1 E
1&
#19425600
0&
#19429200
13
b0 E
1&
#19432800
0&
#19436400
b10010 /
1"
b10 C
1H
03
b1000101 E
1&
#19440000
0&
#19443600
b1000100 E
1&
#19447200
0&
#19450800
b1000011 E
1&
#19454400
0&
#19458000
b1000010 E
1&
#19461600
0&
#19465200
b1000001 E
1&
#19468800
0&
#19472400
b1000000 E
1&
#19476000
0&
#19479600
b111111 E
1&
#19483200
0&
#19486800
b111110 E
1&
#19490400
0&
#19494000
b111101 E
1&
#19497600
0&
#19501200
b111100 E
1&
#19504800
0&
#19508400
b111011 E
1&
#19512000
0&
#19515600
b111010 E
1&
#19519200
0&
#19522800
b111001 E
1&
#19526400
0&
#19530000
b111000 E
1&
#19533600
0&
#19537200
b110111 E
1&
#19540800
0&
#19544400
b110110 E
1&
#19548000
0&
#19551600
b110101 E
1&
#19555200
0&
#19558800
b110100 E
1&
#19562400
0&
#19566000
b110011 E
1&
#19569600
0&
#19573200
b110010 E
1&
#19576800
0&
#19580400
b110001 E
1&
#19584000
0&
#19587600
b110000 E
1&
#19591200
0&
#19594800
b101111 E
1&
#19598400
0&
#19602000
b101110 E
1&
#19605600
0&
#19609200
b101101 E
1&
#19612800
0&
#19616400
b101100 E
1&
#19620000
0&
#19623600
b101011 E
1&
#19627200
0&
#19630800
b101010 E
1&
#19634400
0&
#19638000
b101001 E
1&
#19641600
0&
#19645200
b101000 E
1&
#19648800
0&
#19652400
b100111 E
1&
#19656000
0&
#19659600
b100110 E
1&
#19663200
0&
#19666800
b100101 E
1&
#19670400
0&
#19674000
b100100 E
1&
#19677600
0&
#19681200
b100011 E
1&
#19684800
0&
#19688400
b100010 E
1&
#19692000
0&
#19695600
b100001 E
1&
#19699200
0&
#19702800
b100000 E
1&
#19706400
0&
#19710000
b11111 E
1&
#19713600
0&
#19717200
b11110 E
1&
#19720800
0&
#19724400
b11101 E
1&
#19728000
0&
#19731600
b11100 E
1&
#19735200
0&
#19738800
b11011 E
1&
#19742400
0&
#19746000
b11010 E
1&
#19749600
0&
#19753200
b11001 E
1&
#19756800
0&
#19760400
b11000 E
1&
#19764000
0&
#19767600
b10111 E
1&
#19771200
0&
#19774800
b10110 E
1&
#19778400
0&
#19782000
b10101 E
1&
#19785600
0&
#19789200
b10100 E
1&
#19792800
0&
#19796400
b10011 E
1&
#19800000
0&
#19803600
b10010 E
1&
#19807200
0&
#19810800
b10001 E
1&
#19814400
0&
#19818000
b10000 E
1&
#19821600
0&
#19825200
b1111 E
1&
#19828800
0&
#19832400
b1110 E
1&
#19836000
0&
#19839600
b1101 E
1&
#19843200
0&
#19846800
b1100 E
1&
#19850400
0&
#19854000
b1011 E
1&
#19857600
0&
#19861200
b1010 E
1&
#19864800
0&
#19868400
b1001 E
1&
#19872000
0&
#19875600
b1000 E
1&
#19879200
0&
#19882800
b111 E
1&
#19886400
0&
#19890000
b110 E
1&
#19893600
0&
#19897200
b101 E
1&
#19900800
0&
#19904400
b100 E
1&
#19908000
0&
#19911600
b11 E
1&
#19915200
0&
#19918800
b10 E
1&
#19922400
0&
#19926000
b1 E
1&
#19929600
0&
#19933200
13
b0 E
1&
#19936800
0&
#19940400
b11 C
0:
03
b1000101 E
1&
#19944000
0&
#19947600
b1000100 E
1&
#19951200
0&
#19954800
b1000011 E
1&
#19958400
0&
#19962000
b1000010 E
1&
#19965600
0&
#19969200
b1000001 E
1&
#19972800
0&
#19976400
b1000000 E
1&
#19980000
0&
#19983600
b111111 E
1&
#19987200
0&
#19990800
b111110 E
1&
#19994400
0&
#19998000
b111101 E
1&
#20001600
0&
#20005200
b111100 E
1&
#20008800
0&
#20012400
b111011 E
1&
#20016000
0&
#20019600
b111010 E
1&
#20023200
0&
#20026800
b111001 E
1&
#20030400
0&
#20034000
b111000 E
1&
#20037600
0&
#20041200
b110111 E
1&
#20044800
0&
#20048400
b110110 E
1&
#20052000
0&
#20055600
b110101 E
1&
#20059200
0&
#20062800
b110100 E
1&
#20066400
0&
#20070000
b110011 E
1&
#20073600
0&
#20077200
b110010 E
1&
#20080800
0&
#20084400
b110001 E
1&
#20088000
0&
#20091600
b110000 E
1&
#20095200
0&
#20098800
b101111 E
1&
#20102400
0&
#20106000
b101110 E
1&
#20109600
0&
#20113200
b101101 E
1&
#20116800
0&
#20120400
b101100 E
1&
#20124000
0&
#20127600
b101011 E
1&
#20131200
0&
#20134800
b101010 E
1&
#20138400
0&
#20142000
b101001 E
1&
#20145600
0&
#20149200
b101000 E
1&
#20152800
0&
#20156400
b100111 E
1&
#20160000
0&
#20163600
b100110 E
1&
#20167200
0&
#20170800
b100101 E
1&
#20174400
0&
#20178000
b100100 E
1&
#20181600
0&
#20185200
b100011 E
1&
#20188800
0&
#20192400
b100010 E
1&
#20196000
0&
#20199600
b100001 E
1&
#20203200
0&
#20206800
b100000 E
1&
#20210400
0&
#20214000
b11111 E
1&
#20217600
0&
#20221200
b11110 E
1&
#20224800
0&
#20228400
b11101 E
1&
#20232000
0&
#20235600
b11100 E
1&
#20239200
0&
#20242800
b11011 E
1&
#20246400
0&
#20250000
b11010 E
1&
#20253600
0&
#20257200
b11001 E
1&
#20260800
0&
#20264400
b11000 E
1&
#20268000
0&
#20271600
b10111 E
1&
#20275200
0&
#20278800
b10110 E
1&
#20282400
0&
#20286000
b10101 E
1&
#20289600
0&
#20293200
b10100 E
1&
#20296800
0&
#20300400
b10011 E
1&
#20304000
0&
#20307600
b10010 E
1&
#20311200
0&
#20314800
b10001 E
1&
#20318400
0&
#20322000
b10000 E
1&
#20325600
0&
#20329200
b1111 E
1&
#20332800
0&
#20336400
b1110 E
1&
#20340000
0&
#20343600
b1101 E
1&
#20347200
0&
#20350800
b1100 E
1&
#20354400
0&
#20358000
b1011 E
1&
#20361600
0&
#20365200
b1010 E
1&
#20368800
0&
#20372400
b1001 E
1&
#20376000
0&
#20379600
b1000 E
1&
#20383200
0&
#20386800
b111 E
1&
#20390400
0&
#20394000
b110 E
1&
#20397600
0&
#20401200
b101 E
1&
#20404800
0&
#20408400
b100 E
1&
#20412000
0&
#20415600
b11 E
1&
#20419200
0&
#20422800
b10 E
1&
#20426400
0&
#20430000
b1 E
1&
#20433600
0&
#20437200
13
b0 E
1&
#20440800
0&
#20444400
b10011 /
0"
b0 C
b0 B
1%
0<
0H
03
b1000101 E
1&
#20448000
0&
#20451600
b10100 /
1"
1H
b1000100 E
1&
#20455200
0&
#20458800
b1000011 E
1&
#20462400
0&
#20466000
b1000010 E
1&
#20469600
0&
#20473200
b1000001 E
1&
#20476800
0&
#20480400
b1000000 E
1&
#20484000
0&
#20487600
b111111 E
1&
#20491200
0&
#20494800
b111110 E
1&
#20498400
0&
#20502000
b111101 E
1&
#20505600
0&
#20509200
b111100 E
1&
#20512800
0&
#20516400
b111011 E
1&
#20520000
0&
#20523600
b111010 E
1&
#20527200
0&
#20530800
b111001 E
1&
#20534400
0&
#20538000
b111000 E
1&
#20541600
0&
#20545200
b110111 E
1&
#20548800
0&
#20552400
b110110 E
1&
#20556000
0&
#20559600
b110101 E
1&
#20563200
0&
#20566800
b110100 E
1&
#20570400
0&
#20574000
b110011 E
1&
#20577600
0&
#20581200
b110010 E
1&
#20584800
0&
#20588400
b110001 E
1&
#20592000
0&
#20595600
b110000 E
1&
#20599200
0&
#20602800
b101111 E
1&
#20606400
0&
#20610000
b101110 E
1&
#20613600
0&
#20617200
b101101 E
1&
#20620800
0&
#20624400
b101100 E
1&
#20628000
0&
#20631600
b101011 E
1&
#20635200
0&
#20638800
b101010 E
1&
#20642400
0&
#20646000
b101001 E
1&
#20649600
0&
#20653200
b101000 E
1&
#20656800
0&
#20660400
b100111 E
1&
#20664000
0&
#20667600
b100110 E
1&
#20671200
0&
#20674800
b100101 E
1&
#20678400
0&
#20682000
b100100 E
1&
#20685600
0&
#20689200
b100011 E
1&
#20692800
0&
#20696400
b100010 E
1&
#20700000
0&
#20703600
b100001 E
1&
#20707200
0&
#20710800
b100000 E
1&
#20714400
0&
#20718000
b11111 E
1&
#20721600
0&
#20725200
b11110 E
1&
#20728800
0&
#20732400
b11101 E
1&
#20736000
0&
#20739600
b11100 E
1&
#20743200
0&
#20746800
b11011 E
1&
#20750400
0&
#20754000
b11010 E
1&
#20757600
0&
#20761200
b11001 E
1&
#20764800
0&
#20768400
b11000 E
1&
#20772000
0&
#20775600
b10111 E
1&
#20779200
0&
#20782800
b10110 E
1&
#20786400
0&
#20790000
b10101 E
1&
#20793600
0&
#20797200
b10100 E
1&
#20800800
0&
#20804400
b10011 E
1&
#20808000
0&
#20811600
b10010 E
1&
#20815200
0&
#20818800
b10001 E
1&
#20822400
0&
#20826000
b10000 E
1&
#20829600
0&
#20833200
b1111 E
1&
#20836800
0&
#20840400
b1110 E
1&
#20844000
0&
#20847600
b1101 E
1&
#20851200
0&
#20854800
b1100 E
1&
#20858400
0&
#20862000
b1011 E
1&
#20865600
0&
#20869200
b1010 E
1&
#20872800
0&
#20876400
b1001 E
1&
#20880000
0&
#20883600
b1000 E
1&
#20887200
0&
#20890800
b111 E
1&
#20894400
0&
#20898000
b110 E
1&
#20901600
0&
#20905200
b101 E
1&
#20908800
0&
#20912400
b100 E
1&
#20916000
0&
#20919600
b11 E
1&
#20923200
0&
#20926800
b10 E
1&
#20930400
0&
#20934000
b1 E
1&
#20937600
0&
#20941200
13
b0 E
1&
#20944800
0&
#20948400
03
b1000101 E
1&
#20952000
0&
#20955600
b1000100 E
1&
#20959200
0&
#20962800
b1000011 E
1&
#20966400
0&
#20970000
b1000010 E
1&
#20973600
0&
#20977200
b1000001 E
1&
#20980800
0&
#20984400
b1000000 E
1&
#20988000
0&
#20991600
b111111 E
1&
#20995200
0&
#20998800
b111110 E
1&
#21002400
0&
#21006000
b111101 E
1&
#21009600
0&
#21013200
b111100 E
1&
#21016800
0&
#21020400
b111011 E
1&
#21024000
0&
#21027600
b111010 E
1&
#21031200
0&
#21034800
b111001 E
1&
#21038400
0&
#21042000
b111000 E
1&
#21045600
0&
#21049200
b110111 E
1&
#21052800
0&
#21056400
b110110 E
1&
#21060000
0&
#21063600
b110101 E
1&
#21067200
0&
#21070800
b110100 E
1&
#21074400
0&
#21078000
b110011 E
1&
#21081600
0&
#21085200
b110010 E
1&
#21088800
0&
#21092400
b110001 E
1&
#21096000
0&
#21099600
b110000 E
1&
#21103200
0&
#21106800
b101111 E
1&
#21110400
0&
#21114000
b101110 E
1&
#21117600
0&
#21121200
b101101 E
1&
#21124800
0&
#21128400
b101100 E
1&
#21132000
0&
#21135600
b101011 E
1&
#21139200
0&
#21142800
b101010 E
1&
#21146400
0&
#21150000
b101001 E
1&
#21153600
0&
#21157200
b101000 E
1&
#21160800
0&
#21164400
b100111 E
1&
#21168000
0&
#21171600
b100110 E
1&
#21175200
0&
#21178800
b100101 E
1&
#21182400
0&
#21186000
b100100 E
1&
#21189600
0&
#21193200
b100011 E
1&
#21196800
0&
#21200400
b100010 E
1&
#21204000
0&
#21207600
b100001 E
1&
#21211200
0&
#21214800
b100000 E
1&
#21218400
0&
#21222000
b11111 E
1&
#21225600
0&
#21229200
b11110 E
1&
#21232800
0&
#21236400
b11101 E
1&
#21240000
0&
#21243600
b11100 E
1&
#21247200
0&
#21250800
b11011 E
1&
#21254400
0&
#21258000
b11010 E
1&
#21261600
0&
#21265200
b11001 E
1&
#21268800
0&
#21272400
b11000 E
1&
#21276000
0&
#21279600
b10111 E
1&
#21283200
0&
#21286800
b10110 E
1&
#21290400
0&
#21294000
b10101 E
1&
#21297600
0&
#21301200
b10100 E
1&
#21304800
0&
#21308400
b10011 E
1&
#21312000
0&
#21315600
b10010 E
1&
#21319200
0&
#21322800
b10001 E
1&
#21326400
0&
#21330000
b10000 E
1&
#21333600
0&
#21337200
b1111 E
1&
#21340800
0&
#21344400
b1110 E
1&
#21348000
0&
#21351600
b1101 E
1&
#21355200
0&
#21358800
b1100 E
1&
#21362400
0&
#21366000
b1011 E
1&
#21369600
0&
#21373200
b1010 E
1&
#21376800
0&
#21380400
b1001 E
1&
#21384000
0&
#21387600
b1000 E
1&
#21391200
0&
#21394800
b111 E
1&
#21398400
0&
#21402000
b110 E
1&
#21405600
0&
#21409200
b101 E
1&
#21412800
0&
#21416400
b100 E
1&
#21420000
0&
#21423600
b11 E
1&
#21427200
0&
#21430800
b10 E
1&
#21434400
0&
#21438000
b1 E
1&
#21441600
0&
#21445200
13
b0 E
1&
#21448800
0&
#21452400
03
b1000101 E
1&
#21456000
0&
#21459600
b1000100 E
1&
#21463200
0&
#21466800
b1000011 E
1&
#21470400
0&
#21474000
b1000010 E
1&
#21477600
0&
#21481200
b1000001 E
1&
#21484800
0&
#21488400
b1000000 E
1&
#21492000
0&
#21495600
b111111 E
1&
#21499200
0&
#21502800
b111110 E
1&
#21506400
0&
#21510000
b111101 E
1&
#21513600
0&
#21517200
b111100 E
1&
#21520800
0&
#21524400
b111011 E
1&
#21528000
0&
#21531600
b111010 E
1&
#21535200
0&
#21538800
b111001 E
1&
#21542400
0&
#21546000
b111000 E
1&
#21549600
0&
#21553200
b110111 E
1&
#21556800
0&
#21560400
b110110 E
1&
#21564000
0&
#21567600
b110101 E
1&
#21571200
0&
#21574800
b110100 E
1&
#21578400
0&
#21582000
b110011 E
1&
#21585600
0&
#21589200
b110010 E
1&
#21592800
0&
#21596400
b110001 E
1&
#21600000
0&
#21603600
b110000 E
1&
#21607200
0&
#21610800
b101111 E
1&
#21614400
0&
#21618000
b101110 E
1&
#21621600
0&
#21625200
b101101 E
1&
#21628800
0&
#21632400
b101100 E
1&
#21636000
0&
#21639600
b101011 E
1&
#21643200
0&
#21646800
b101010 E
1&
#21650400
0&
#21654000
b101001 E
1&
#21657600
0&
#21661200
b101000 E
1&
#21664800
0&
#21668400
b100111 E
1&
#21672000
0&
#21675600
b100110 E
1&
#21679200
0&
#21682800
b100101 E
1&
#21686400
0&
#21690000
b100100 E
1&
#21693600
0&
#21697200
b100011 E
1&
#21700800
0&
#21704400
b100010 E
1&
#21708000
0&
#21711600
b100001 E
1&
#21715200
0&
#21718800
b100000 E
1&
#21722400
0&
#21726000
b11111 E
1&
#21729600
0&
#21733200
b11110 E
1&
#21736800
0&
#21740400
b11101 E
1&
#21744000
0&
#21747600
b11100 E
1&
#21751200
0&
#21754800
b11011 E
1&
#21758400
0&
#21762000
b11010 E
1&
#21765600
0&
#21769200
b11001 E
1&
#21772800
0&
#21776400
b11000 E
1&
#21780000
0&
#21783600
b10111 E
1&
#21787200
0&
#21790800
b10110 E
1&
#21794400
0&
#21798000
b10101 E
1&
#21801600
0&
#21805200
b10100 E
1&
#21808800
0&
#21812400
b10011 E
1&
#21816000
0&
#21819600
b10010 E
1&
#21823200
0&
#21826800
b10001 E
1&
#21830400
0&
#21834000
b10000 E
1&
#21837600
0&
#21841200
b1111 E
1&
#21844800
0&
#21848400
b1110 E
1&
#21852000
0&
#21855600
b1101 E
1&
#21859200
0&
#21862800
b1100 E
1&
#21866400
0&
#21870000
b1011 E
1&
#21873600
0&
#21877200
b1010 E
1&
#21880800
0&
#21884400
b1001 E
1&
#21888000
0&
#21891600
b1000 E
1&
#21895200
0&
#21898800
b111 E
1&
#21902400
0&
#21906000
b110 E
1&
#21909600
0&
#21913200
b101 E
1&
#21916800
0&
#21920400
b100 E
1&
#21924000
0&
#21927600
b11 E
1&
#21931200
0&
#21934800
b10 E
1&
#21938400
0&
#21942000
b1 E
1&
#21945600
0&
#21949200
13
b0 E
1&
#21952800
0&
#21956400
03
b1000101 E
1&
#21960000
0&
#21963600
b1000100 E
1&
#21967200
0&
#21970800
b1000011 E
1&
#21974400
0&
#21978000
b1000010 E
1&
#21981600
0&
#21985200
b1000001 E
1&
#21988800
0&
#21992400
b1000000 E
1&
#21996000
0&
#21999600
b111111 E
1&
#22003200
0&
#22006800
b111110 E
1&
#22010400
0&
#22014000
b111101 E
1&
#22017600
0&
#22021200
b111100 E
1&
#22024800
0&
#22028400
b111011 E
1&
#22032000
0&
#22035600
b111010 E
1&
#22039200
0&
#22042800
b111001 E
1&
#22046400
0&
#22050000
b111000 E
1&
#22053600
0&
#22057200
b110111 E
1&
#22060800
0&
#22064400
b110110 E
1&
#22068000
0&
#22071600
b110101 E
1&
#22075200
0&
#22078800
b110100 E
1&
#22082400
0&
#22086000
b110011 E
1&
#22089600
0&
#22093200
b110010 E
1&
#22096800
0&
#22100400
b110001 E
1&
#22104000
0&
#22107600
b110000 E
1&
#22111200
0&
#22114800
b101111 E
1&
#22118400
0&
#22122000
b101110 E
1&
#22125600
0&
#22129200
b101101 E
1&
#22132800
0&
#22136400
b101100 E
1&
#22140000
0&
#22143600
b101011 E
1&
#22147200
0&
#22150800
b101010 E
1&
#22154400
0&
#22158000
b101001 E
1&
#22161600
0&
#22165200
b101000 E
1&
#22168800
0&
#22172400
b100111 E
1&
#22176000
0&
#22179600
b100110 E
1&
#22183200
0&
#22186800
b100101 E
1&
#22190400
0&
#22194000
b100100 E
1&
#22197600
0&
#22201200
b100011 E
1&
#22204800
0&
#22208400
b100010 E
1&
#22212000
0&
#22215600
b100001 E
1&
#22219200
0&
#22222800
b100000 E
1&
#22226400
0&
#22230000
b11111 E
1&
#22233600
0&
#22237200
b11110 E
1&
#22240800
0&
#22244400
b11101 E
1&
#22248000
0&
#22251600
b11100 E
1&
#22255200
0&
#22258800
b11011 E
1&
#22262400
0&
#22266000
b11010 E
1&
#22269600
0&
#22273200
b11001 E
1&
#22276800
0&
#22280400
b11000 E
1&
#22284000
0&
#22287600
b10111 E
1&
#22291200
0&
#22294800
b10110 E
1&
#22298400
0&
#22302000
b10101 E
1&
#22305600
0&
#22309200
b10100 E
1&
#22312800
0&
#22316400
b10011 E
1&
#22320000
0&
#22323600
b10010 E
1&
#22327200
0&
#22330800
b10001 E
1&
#22334400
0&
#22338000
b10000 E
1&
#22341600
0&
#22345200
b1111 E
1&
#22348800
0&
#22352400
b1110 E
1&
#22356000
0&
#22359600
b1101 E
1&
#22363200
0&
#22366800
b1100 E
1&
#22370400
0&
#22374000
b1011 E
1&
#22377600
0&
#22381200
b1010 E
1&
#22384800
0&
#22388400
b1001 E
1&
#22392000
0&
#22395600
b1000 E
1&
#22399200
0&
#22402800
b111 E
1&
#22406400
0&
#22410000
b110 E
1&
#22413600
0&
#22417200
b101 E
1&
#22420800
0&
#22424400
b100 E
1&
#22428000
0&
#22431600
b11 E
1&
#22435200
0&
#22438800
b10 E
1&
#22442400
0&
#22446000
b1 E
1&
#22449600
0&
#22453200
13
b0 E
1&
#22456800
0&
#22460400
03
b1000101 E
1&
#22464000
0&
#22467600
b1000100 E
1&
#22471200
0&
#22474800
b1000011 E
1&
#22478400
0&
#22482000
b1000010 E
1&
#22485600
0&
#22489200
b1000001 E
1&
#22492800
0&
#22496400
b1000000 E
1&
#22500000
0&
#22503600
b111111 E
1&
#22507200
0&
#22510800
b111110 E
1&
#22514400
0&
#22518000
b111101 E
1&
#22521600
0&
#22525200
b111100 E
1&
#22528800
0&
#22532400
b111011 E
1&
#22536000
0&
#22539600
b111010 E
1&
#22543200
0&
#22546800
b111001 E
1&
#22550400
0&
#22554000
b111000 E
1&
#22557600
0&
#22561200
b110111 E
1&
#22564800
0&
#22568400
b110110 E
1&
#22572000
0&
#22575600
b110101 E
1&
#22579200
0&
#22582800
b110100 E
1&
#22586400
0&
#22590000
b110011 E
1&
#22593600
0&
#22597200
b110010 E
1&
#22600800
0&
#22604400
b110001 E
1&
#22608000
0&
#22611600
b110000 E
1&
#22615200
0&
#22618800
b101111 E
1&
#22622400
0&
#22626000
b101110 E
1&
#22629600
0&
#22633200
b101101 E
1&
#22636800
0&
#22640400
b101100 E
1&
#22644000
0&
#22647600
b101011 E
1&
#22651200
0&
#22654800
b101010 E
1&
#22658400
0&
#22662000
b101001 E
1&
#22665600
0&
#22669200
b101000 E
1&
#22672800
0&
#22676400
b100111 E
1&
#22680000
0&
#22683600
b100110 E
1&
#22687200
0&
#22690800
b100101 E
1&
#22694400
0&
#22698000
b100100 E
1&
#22701600
0&
#22705200
b100011 E
1&
#22708800
0&
#22712400
b100010 E
1&
#22716000
0&
#22719600
b100001 E
1&
#22723200
0&
#22726800
b100000 E
1&
#22730400
0&
#22734000
b11111 E
1&
#22737600
0&
#22741200
b11110 E
1&
#22744800
0&
#22748400
b11101 E
1&
#22752000
0&
#22755600
b11100 E
1&
#22759200
0&
#22762800
b11011 E
1&
#22766400
0&
#22770000
b11010 E
1&
#22773600
0&
#22777200
b11001 E
1&
#22780800
0&
#22784400
b11000 E
1&
#22788000
0&
#22791600
b10111 E
1&
#22795200
0&
#22798800
b10110 E
1&
#22802400
0&
#22806000
b10101 E
1&
#22809600
0&
#22813200
b10100 E
1&
#22816800
0&
#22820400
b10011 E
1&
#22824000
0&
#22827600
b10010 E
1&
#22831200
0&
#22834800
b10001 E
1&
#22838400
0&
#22842000
b10000 E
1&
#22845600
0&
#22849200
b1111 E
1&
#22852800
0&
#22856400
b1110 E
1&
#22860000
0&
#22863600
b1101 E
1&
#22867200
0&
#22870800
b1100 E
1&
#22874400
0&
#22878000
b1011 E
1&
#22881600
0&
#22885200
b1010 E
1&
#22888800
0&
#22892400
b1001 E
1&
#22896000
0&
#22899600
b1000 E
1&
#22903200
0&
#22906800
b111 E
1&
#22910400
0&
#22914000
b110 E
1&
#22917600
0&
#22921200
b101 E
1&
#22924800
0&
#22928400
b100 E
1&
#22932000
0&
#22935600
b11 E
1&
#22939200
0&
#22942800
b10 E
1&
#22946400
0&
#22950000
b1 E
1&
#22953600
0&
#22957200
13
b0 E
1&
#22960800
0&
#22964400
03
b1000101 E
1&
#22968000
0&
#22971600
b1000100 E
1&
#22975200
0&
#22978800
b1000011 E
1&
#22982400
0&
#22986000
b1000010 E
1&
#22989600
0&
#22993200
b1000001 E
1&
#22996800
0&
#23000400
b1000000 E
1&
#23004000
0&
#23007600
b111111 E
1&
#23011200
0&
#23014800
b111110 E
1&
#23018400
0&
#23022000
b111101 E
1&
#23025600
0&
#23029200
b111100 E
1&
#23032800
0&
#23036400
b111011 E
1&
#23040000
0&
#23043600
b111010 E
1&
#23047200
0&
#23050800
b111001 E
1&
#23054400
0&
#23058000
b111000 E
1&
#23061600
0&
#23065200
b110111 E
1&
#23068800
0&
#23072400
b110110 E
1&
#23076000
0&
#23079600
b110101 E
1&
#23083200
0&
#23086800
b110100 E
1&
#23090400
0&
#23094000
b110011 E
1&
#23097600
0&
#23101200
b110010 E
1&
#23104800
0&
#23108400
b110001 E
1&
#23112000
0&
#23115600
b110000 E
1&
#23119200
0&
#23122800
b101111 E
1&
#23126400
0&
#23130000
b101110 E
1&
#23133600
0&
#23137200
b101101 E
1&
#23140800
0&
#23144400
b101100 E
1&
#23148000
0&
#23151600
b101011 E
1&
#23155200
0&
#23158800
b101010 E
1&
#23162400
0&
#23166000
b101001 E
1&
#23169600
0&
#23173200
b101000 E
1&
#23176800
0&
#23180400
b100111 E
1&
#23184000
0&
#23187600
b100110 E
1&
#23191200
0&
#23194800
b100101 E
1&
#23198400
0&
#23202000
b100100 E
1&
#23205600
0&
#23209200
b100011 E
1&
#23212800
0&
#23216400
b100010 E
1&
#23220000
0&
#23223600
b100001 E
1&
#23227200
0&
#23230800
b100000 E
1&
#23234400
0&
#23238000
b11111 E
1&
#23241600
0&
#23245200
b11110 E
1&
#23248800
0&
#23252400
b11101 E
1&
#23256000
0&
#23259600
b11100 E
1&
#23263200
0&
#23266800
b11011 E
1&
#23270400
0&
#23274000
b11010 E
1&
#23277600
0&
#23281200
b11001 E
1&
#23284800
0&
#23288400
b11000 E
1&
#23292000
0&
#23295600
b10111 E
1&
#23299200
0&
#23302800
b10110 E
1&
#23306400
0&
#23310000
b10101 E
1&
#23313600
0&
#23317200
b10100 E
1&
#23320800
0&
#23324400
b10011 E
1&
#23328000
0&
#23331600
b10010 E
1&
#23335200
0&
#23338800
b10001 E
1&
#23342400
0&
#23346000
b10000 E
1&
#23349600
0&
#23353200
b1111 E
1&
#23356800
0&
#23360400
b1110 E
1&
#23364000
0&
#23367600
b1101 E
1&
#23371200
0&
#23374800
b1100 E
1&
#23378400
0&
#23382000
b1011 E
1&
#23385600
0&
#23389200
b1010 E
1&
#23392800
0&
#23396400
b1001 E
1&
#23400000
0&
#23403600
b1000 E
1&
#23407200
0&
#23410800
b111 E
1&
#23414400
0&
#23418000
b110 E
1&
#23421600
0&
#23425200
b101 E
1&
#23428800
0&
#23432400
b100 E
1&
#23436000
0&
#23439600
b11 E
1&
#23443200
0&
#23446800
b10 E
1&
#23450400
0&
#23454000
b1 E
1&
#23457600
0&
#23461200
13
b0 E
1&
#23464800
0&
#23468400
03
b1000101 E
1&
#23472000
0&
#23475600
b1000100 E
1&
#23479200
0&
#23482800
b1000011 E
1&
#23486400
0&
#23490000
b1000010 E
1&
#23493600
0&
#23497200
b1000001 E
1&
#23500800
0&
#23504400
b1000000 E
1&
#23508000
0&
#23511600
b111111 E
1&
#23515200
0&
#23518800
b111110 E
1&
#23522400
0&
#23526000
b111101 E
1&
#23529600
0&
#23533200
b111100 E
1&
#23536800
0&
#23540400
b111011 E
1&
#23544000
0&
#23547600
b111010 E
1&
#23551200
0&
#23554800
b111001 E
1&
#23558400
0&
#23562000
b111000 E
1&
#23565600
0&
#23569200
b110111 E
1&
#23572800
0&
#23576400
b110110 E
1&
#23580000
0&
#23583600
b110101 E
1&
#23587200
0&
#23590800
b110100 E
1&
#23594400
0&
#23598000
b110011 E
1&
#23601600
0&
#23605200
b110010 E
1&
#23608800
0&
#23612400
b110001 E
1&
#23616000
0&
#23619600
b110000 E
1&
#23623200
0&
#23626800
b101111 E
1&
#23630400
0&
#23634000
b101110 E
1&
#23637600
0&
#23641200
b101101 E
1&
#23644800
0&
#23648400
b101100 E
1&
#23652000
0&
#23655600
b101011 E
1&
#23659200
0&
#23662800
b101010 E
1&
#23666400
0&
#23670000
b101001 E
1&
#23673600
0&
#23677200
b101000 E
1&
#23680800
0&
#23684400
b100111 E
1&
#23688000
0&
#23691600
b100110 E
1&
#23695200
0&
#23698800
b100101 E
1&
#23702400
0&
#23706000
b100100 E
1&
#23709600
0&
#23713200
b100011 E
1&
#23716800
0&
#23720400
b100010 E
1&
#23724000
0&
#23727600
b100001 E
1&
#23731200
0&
#23734800
b100000 E
1&
#23738400
0&
#23742000
b11111 E
1&
#23745600
0&
#23749200
b11110 E
1&
#23752800
0&
#23756400
b11101 E
1&
#23760000
0&
#23763600
b11100 E
1&
#23767200
0&
#23770800
b11011 E
1&
#23774400
0&
#23778000
b11010 E
1&
#23781600
0&
#23785200
b11001 E
1&
#23788800
0&
#23792400
b11000 E
1&
#23796000
0&
#23799600
b10111 E
1&
#23803200
0&
#23806800
b10110 E
1&
#23810400
0&
#23814000
b10101 E
1&
#23817600
0&
#23821200
b10100 E
1&
#23824800
0&
#23828400
b10011 E
1&
#23832000
0&
#23835600
b10010 E
1&
#23839200
0&
#23842800
b10001 E
1&
#23846400
0&
#23850000
b10000 E
1&
#23853600
0&
#23857200
b1111 E
1&
#23860800
0&
#23864400
b1110 E
1&
#23868000
0&
#23871600
b1101 E
1&
#23875200
0&
#23878800
b1100 E
1&
#23882400
0&
#23886000
b1011 E
1&
#23889600
0&
#23893200
b1010 E
1&
#23896800
0&
#23900400
b1001 E
1&
#23904000
0&
#23907600
b1000 E
1&
#23911200
0&
#23914800
b111 E
1&
#23918400
0&
#23922000
b110 E
1&
#23925600
0&
#23929200
b101 E
1&
#23932800
0&
#23936400
b100 E
1&
#23940000
0&
#23943600
b11 E
1&
#23947200
0&
#23950800
b10 E
1&
#23954400
0&
#23958000
b1 E
1&
#23961600
0&
#23965200
13
b0 E
1&
#23968800
0&
#23972400
03
b1000101 E
1&
#23976000
0&
#23979600
b1000100 E
1&
#23983200
0&
#23986800
b1000011 E
1&
#23990400
0&
#23994000
b1000010 E
1&
#23997600
0&
#24001200
b1000001 E
1&
#24004800
0&
#24008400
b1000000 E
1&
#24012000
0&
#24015600
b111111 E
1&
#24019200
0&
#24022800
b111110 E
1&
#24026400
0&
#24030000
b111101 E
1&
#24033600
0&
#24037200
b111100 E
1&
#24040800
0&
#24044400
b111011 E
1&
#24048000
0&
#24051600
b111010 E
1&
#24055200
0&
#24058800
b111001 E
1&
#24062400
0&
#24066000
b111000 E
1&
#24069600
0&
#24073200
b110111 E
1&
#24076800
0&
#24080400
b110110 E
1&
#24084000
0&
#24087600
b110101 E
1&
#24091200
0&
#24094800
b110100 E
1&
#24098400
0&
#24102000
b110011 E
1&
#24105600
0&
#24109200
b110010 E
1&
#24112800
0&
#24116400
b110001 E
1&
#24120000
0&
#24123600
b110000 E
1&
#24127200
0&
#24130800
b101111 E
1&
#24134400
0&
#24138000
b101110 E
1&
#24141600
0&
#24145200
b101101 E
1&
#24148800
0&
#24152400
b101100 E
1&
#24156000
0&
#24159600
b101011 E
1&
#24163200
0&
#24166800
b101010 E
1&
#24170400
0&
#24174000
b101001 E
1&
#24177600
0&
#24181200
b101000 E
1&
#24184800
0&
#24188400
b100111 E
1&
#24192000
0&
#24195600
b100110 E
1&
#24199200
0&
#24202800
b100101 E
1&
#24206400
0&
#24210000
b100100 E
1&
#24213600
0&
#24217200
b100011 E
1&
#24220800
0&
#24224400
b100010 E
1&
#24228000
0&
#24231600
b100001 E
1&
#24235200
0&
#24238800
b100000 E
1&
#24242400
0&
#24246000
b11111 E
1&
#24249600
0&
#24253200
b11110 E
1&
#24256800
0&
#24260400
b11101 E
1&
#24264000
0&
#24267600
b11100 E
1&
#24271200
0&
#24274800
b11011 E
1&
#24278400
0&
#24282000
b11010 E
1&
#24285600
0&
#24289200
b11001 E
1&
#24292800
0&
#24296400
b11000 E
1&
#24300000
0&
#24303600
b10111 E
1&
#24307200
0&
#24310800
b10110 E
1&
#24314400
0&
#24318000
b10101 E
1&
#24321600
0&
#24325200
b10100 E
1&
#24328800
0&
#24332400
b10011 E
1&
#24336000
0&
#24339600
b10010 E
1&
#24343200
0&
#24346800
b10001 E
1&
#24350400
0&
#24354000
b10000 E
1&
#24357600
0&
#24361200
b1111 E
1&
#24364800
0&
#24368400
b1110 E
1&
#24372000
0&
#24375600
b1101 E
1&
#24379200
0&
#24382800
b1100 E
1&
#24386400
0&
#24390000
b1011 E
1&
#24393600
0&
#24397200
b1010 E
1&
#24400800
0&
#24404400
b1001 E
1&
#24408000
0&
#24411600
b1000 E
1&
#24415200
0&
#24418800
b111 E
1&
#24422400
0&
#24426000
b110 E
1&
#24429600
0&
#24433200
b101 E
1&
#24436800
0&
#24440400
b100 E
1&
#24444000
0&
#24447600
b11 E
1&
#24451200
0&
#24454800
b10 E
1&
#24458400
0&
#24462000
b1 E
1&
#24465600
0&
#24469200
13
b0 E
1&
#24472800
0&
#24476400
03
b1000101 E
1&
#24480000
0&
#24483600
b1000100 E
1&
#24487200
0&
#24490800
b1000011 E
1&
#24494400
0&
#24498000
b1000010 E
1&
#24501600
0&
#24505200
b1000001 E
1&
#24508800
0&
#24512400
b1000000 E
1&
#24516000
0&
#24519600
b111111 E
1&
#24523200
0&
#24526800
b111110 E
1&
#24530400
0&
#24534000
b111101 E
1&
#24537600
0&
#24541200
b111100 E
1&
#24544800
0&
#24548400
b111011 E
1&
#24552000
0&
#24555600
b111010 E
1&
#24559200
0&
#24562800
b111001 E
1&
#24566400
0&
#24570000
b111000 E
1&
#24573600
0&
#24577200
b110111 E
1&
#24580800
0&
#24584400
b110110 E
1&
#24588000
0&
#24591600
b110101 E
1&
#24595200
0&
#24598800
b110100 E
1&
#24602400
0&
#24606000
b110011 E
1&
#24609600
0&
#24613200
b110010 E
1&
#24616800
0&
#24620400
b110001 E
1&
#24624000
0&
#24627600
b110000 E
1&
#24631200
0&
#24634800
b101111 E
1&
#24638400
0&
#24642000
b101110 E
1&
#24645600
0&
#24649200
b101101 E
1&
#24652800
0&
#24656400
b101100 E
1&
#24660000
0&
#24663600
b101011 E
1&
#24667200
0&
#24670800
b101010 E
1&
#24674400
0&
#24678000
b101001 E
1&
#24681600
0&
#24685200
b101000 E
1&
#24688800
0&
#24692400
b100111 E
1&
#24696000
0&
#24699600
b100110 E
1&
#24703200
0&
#24706800
b100101 E
1&
#24710400
0&
#24714000
b100100 E
1&
#24717600
0&
#24721200
b100011 E
1&
#24724800
0&
#24728400
b100010 E
1&
#24732000
0&
#24735600
b100001 E
1&
#24739200
0&
#24742800
b100000 E
1&
#24746400
0&
#24750000
b11111 E
1&
#24753600
0&
#24757200
b11110 E
1&
#24760800
0&
#24764400
b11101 E
1&
#24768000
0&
#24771600
b11100 E
1&
#24775200
0&
#24778800
b11011 E
1&
#24782400
0&
#24786000
b11010 E
1&
#24789600
0&
#24793200
b11001 E
1&
#24796800
0&
#24800400
b11000 E
1&
#24804000
0&
#24807600
b10111 E
1&
#24811200
0&
#24814800
b10110 E
1&
#24818400
0&
#24822000
b10101 E
1&
#24825600
0&
#24829200
b10100 E
1&
#24832800
0&
#24836400
b10011 E
1&
#24840000
0&
#24843600
b10010 E
1&
#24847200
0&
#24850800
b10001 E
1&
#24854400
0&
#24858000
b10000 E
1&
#24861600
0&
#24865200
b1111 E
1&
#24868800
0&
#24872400
b1110 E
1&
#24876000
0&
#24879600
b1101 E
1&
#24883200
0&
#24886800
b1100 E
1&
#24890400
0&
#24894000
b1011 E
1&
#24897600
0&
#24901200
b1010 E
1&
#24904800
0&
#24908400
b1001 E
1&
#24912000
0&
#24915600
b1000 E
1&
#24919200
0&
#24922800
b111 E
1&
#24926400
0&
#24930000
b110 E
1&
#24933600
0&
#24937200
b101 E
1&
#24940800
0&
#24944400
b100 E
1&
#24948000
0&
#24951600
b11 E
1&
#24955200
0&
#24958800
b10 E
1&
#24962400
0&
#24966000
b1 E
1&
#24969600
0&
#24973200
13
b0 E
1&
#24976800
0&
#24980400
03
b1000101 E
1&
#24984000
0&
#24987600
b1000100 E
1&
#24991200
0&
#24994800
b1000011 E
1&
#24998400
0&
#25002000
b1000010 E
1&
#25005600
0&
#25009200
b1000001 E
1&
#25012800
0&
#25016400
b1000000 E
1&
#25020000
0&
#25023600
b111111 E
1&
#25027200
0&
#25030800
b111110 E
1&
#25034400
0&
#25038000
b111101 E
1&
#25041600
0&
#25045200
b111100 E
1&
#25048800
0&
#25052400
b111011 E
1&
#25056000
0&
#25059600
b111010 E
1&
#25063200
0&
#25066800
b111001 E
1&
#25070400
0&
#25074000
b111000 E
1&
#25077600
0&
#25081200
b110111 E
1&
#25084800
0&
#25088400
b110110 E
1&
#25092000
0&
#25095600
b110101 E
1&
#25099200
0&
#25102800
b110100 E
1&
#25106400
0&
#25110000
b110011 E
1&
#25113600
0&
#25117200
b110010 E
1&
#25120800
0&
#25124400
b110001 E
1&
#25128000
0&
#25131600
b110000 E
1&
#25135200
0&
#25138800
b101111 E
1&
#25142400
0&
#25146000
b101110 E
1&
#25149600
0&
#25153200
b101101 E
1&
#25156800
0&
#25160400
b101100 E
1&
#25164000
0&
#25167600
b101011 E
1&
#25171200
0&
#25174800
b101010 E
1&
#25178400
0&
#25182000
b101001 E
1&
#25185600
0&
#25189200
b101000 E
1&
#25192800
0&
#25196400
b100111 E
1&
#25200000
0&
#25203600
b100110 E
1&
#25207200
0&
#25210800
b100101 E
1&
#25214400
0&
#25218000
b100100 E
1&
#25221600
0&
#25225200
b100011 E
1&
#25228800
0&
#25232400
b100010 E
1&
#25236000
0&
#25239600
b100001 E
1&
#25243200
0&
#25246800
b100000 E
1&
#25250400
0&
#25254000
b11111 E
1&
#25257600
0&
#25261200
b11110 E
1&
#25264800
0&
#25268400
b11101 E
1&
#25272000
0&
#25275600
b11100 E
1&
#25279200
0&
#25282800
b11011 E
1&
#25286400
0&
#25290000
b11010 E
1&
#25293600
0&
#25297200
b11001 E
1&
#25300800
0&
#25304400
b11000 E
1&
#25308000
0&
#25311600
b10111 E
1&
#25315200
0&
#25318800
b10110 E
1&
#25322400
0&
#25326000
b10101 E
1&
#25329600
0&
#25333200
b10100 E
1&
#25336800
0&
#25340400
b10011 E
1&
#25344000
0&
#25347600
b10010 E
1&
#25351200
0&
#25354800
b10001 E
1&
#25358400
0&
#25362000
b10000 E
1&
#25365600
0&
#25369200
b1111 E
1&
#25372800
0&
#25376400
b1110 E
1&
#25380000
0&
#25383600
b1101 E
1&
#25387200
0&
#25390800
b1100 E
1&
#25394400
0&
#25398000
b1011 E
1&
#25401600
0&
#25405200
b1010 E
1&
#25408800
0&
#25412400
b1001 E
1&
#25416000
0&
#25419600
b1000 E
1&
#25423200
0&
#25426800
b111 E
1&
#25430400
0&
#25434000
b110 E
1&
#25437600
0&
#25441200
b101 E
1&
#25444800
0&
#25448400
b100 E
1&
#25452000
0&
#25455600
b11 E
1&
#25459200
0&
#25462800
b10 E
1&
#25466400
0&
#25470000
b1 E
1&
#25473600
0&
#25477200
13
b0 E
1&
#25480800
0&
#25484400
03
b1000101 E
1&
#25488000
0&
#25491600
b1000100 E
1&
#25495200
0&
#25498800
b1000011 E
1&
#25502400
0&
#25506000
b1000010 E
1&
#25509600
0&
#25513200
b1000001 E
1&
#25516800
0&
#25520400
b1000000 E
1&
#25524000
0&
#25527600
b111111 E
1&
#25531200
0&
#25534800
b111110 E
1&
#25538400
0&
#25542000
b111101 E
1&
#25545600
0&
#25549200
b111100 E
1&
#25552800
0&
#25556400
b111011 E
1&
#25560000
0&
#25563600
b111010 E
1&
#25567200
0&
#25570800
b111001 E
1&
#25574400
0&
#25578000
b111000 E
1&
#25581600
0&
#25585200
b110111 E
1&
#25588800
0&
#25592400
b110110 E
1&
#25596000
0&
#25599600
b110101 E
1&
#25603200
0&
#25606800
b110100 E
1&
#25610400
0&
#25614000
b110011 E
1&
#25617600
0&
#25621200
b110010 E
1&
#25624800
0&
#25628400
b110001 E
1&
#25632000
0&
#25635600
b110000 E
1&
#25639200
0&
#25642800
b101111 E
1&
#25646400
0&
#25650000
b101110 E
1&
#25653600
0&
#25657200
b101101 E
1&
#25660800
0&
#25664400
b101100 E
1&
#25668000
0&
#25671600
b101011 E
1&
#25675200
0&
#25678800
b101010 E
1&
#25682400
0&
#25686000
b101001 E
1&
#25689600
0&
#25693200
b101000 E
1&
#25696800
0&
#25700400
b100111 E
1&
#25704000
0&
#25707600
b100110 E
1&
#25711200
0&
#25714800
b100101 E
1&
#25718400
0&
#25722000
b100100 E
1&
#25725600
0&
#25729200
b100011 E
1&
#25732800
0&
#25736400
b100010 E
1&
#25740000
0&
#25743600
b100001 E
1&
#25747200
0&
#25750800
b100000 E
1&
#25754400
0&
#25758000
b11111 E
1&
#25761600
0&
#25765200
b11110 E
1&
#25768800
0&
#25772400
b11101 E
1&
#25776000
0&
#25779600
b11100 E
1&
#25783200
0&
#25786800
b11011 E
1&
#25790400
0&
#25794000
b11010 E
1&
#25797600
0&
#25801200
b11001 E
1&
#25804800
0&
#25808400
b11000 E
1&
#25812000
0&
#25815600
b10111 E
1&
#25819200
0&
#25822800
b10110 E
1&
#25826400
0&
#25830000
b10101 E
1&
#25833600
0&
#25837200
b10100 E
1&
#25840800
0&
#25844400
b10011 E
1&
#25848000
0&
#25851600
b10010 E
1&
#25855200
0&
#25858800
b10001 E
1&
#25862400
0&
#25866000
b10000 E
1&
#25869600
0&
#25873200
b1111 E
1&
#25876800
0&
#25880400
b1110 E
1&
#25884000
0&
#25887600
b1101 E
1&
#25891200
0&
#25894800
b1100 E
1&
#25898400
0&
#25902000
b1011 E
1&
#25905600
0&
#25909200
b1010 E
1&
#25912800
0&
#25916400
b1001 E
1&
#25920000
0&
#25923600
b1000 E
1&
#25927200
0&
#25930800
b111 E
1&
#25934400
0&
#25938000
b110 E
1&
#25941600
0&
#25945200
b101 E
1&
#25948800
0&
#25952400
b100 E
1&
#25956000
0&
#25959600
b11 E
1&
#25963200
0&
#25966800
b10 E
1&
#25970400
0&
#25974000
b1 E
1&
#25977600
0&
#25981200
13
b0 E
1&
#25984800
0&
#25988400
03
b1000101 E
1&
#25992000
0&
#25995600
b1000100 E
1&
#25999200
0&
#26002800
b1000011 E
1&
#26006400
0&
#26010000
b1000010 E
1&
#26013600
0&
#26017200
b1000001 E
1&
#26020800
0&
#26024400
b1000000 E
1&
#26028000
0&
#26031600
b111111 E
1&
#26035200
0&
#26038800
b111110 E
1&
#26042400
0&
#26046000
b111101 E
1&
#26049600
0&
#26053200
b111100 E
1&
#26056800
0&
#26060400
b111011 E
1&
#26064000
0&
#26067600
b111010 E
1&
#26071200
0&
#26074800
b111001 E
1&
#26078400
0&
#26082000
b111000 E
1&
#26085600
0&
#26089200
b110111 E
1&
#26092800
0&
#26096400
b110110 E
1&
#26100000
0&
#26103600
b110101 E
1&
#26107200
0&
#26110800
b110100 E
1&
#26114400
0&
#26118000
b110011 E
1&
#26121600
0&
#26125200
b110010 E
1&
#26128800
0&
#26132400
b110001 E
1&
#26136000
0&
#26139600
b110000 E
1&
#26143200
0&
#26146800
b101111 E
1&
#26150400
0&
#26154000
b101110 E
1&
#26157600
0&
#26161200
b101101 E
1&
#26164800
0&
#26168400
b101100 E
1&
#26172000
0&
#26175600
b101011 E
1&
#26179200
0&
#26182800
b101010 E
1&
#26186400
0&
#26190000
b101001 E
1&
#26193600
0&
#26197200
b101000 E
1&
#26200800
0&
#26204400
b100111 E
1&
#26208000
0&
#26211600
b100110 E
1&
#26215200
0&
#26218800
b100101 E
1&
#26222400
0&
#26226000
b100100 E
1&
#26229600
0&
#26233200
b100011 E
1&
#26236800
0&
#26240400
b100010 E
1&
#26244000
0&
#26247600
b100001 E
1&
#26251200
0&
#26254800
b100000 E
1&
#26258400
0&
#26262000
b11111 E
1&
#26265600
0&
#26269200
b11110 E
1&
#26272800
0&
#26276400
b11101 E
1&
#26280000
0&
#26283600
b11100 E
1&
#26287200
0&
#26290800
b11011 E
1&
#26294400
0&
#26298000
b11010 E
1&
#26301600
0&
#26305200
b11001 E
1&
#26308800
0&
#26312400
b11000 E
1&
#26316000
0&
#26319600
b10111 E
1&
#26323200
0&
#26326800
b10110 E
1&
#26330400
0&
#26334000
b10101 E
1&
#26337600
0&
#26341200
b10100 E
1&
#26344800
0&
#26348400
b10011 E
1&
#26352000
0&
#26355600
b10010 E
1&
#26359200
0&
#26362800
b10001 E
1&
#26366400
0&
#26370000
b10000 E
1&
#26373600
0&
#26377200
b1111 E
1&
#26380800
0&
#26384400
b1110 E
1&
#26388000
0&
#26391600
b1101 E
1&
#26395200
0&
#26398800
b1100 E
1&
#26402400
0&
#26406000
b1011 E
1&
#26409600
0&
#26413200
b1010 E
1&
#26416800
0&
#26420400
b1001 E
1&
#26424000
0&
#26427600
b1000 E
1&
#26431200
0&
#26434800
b111 E
1&
#26438400
0&
#26442000
b110 E
1&
#26445600
0&
#26449200
b101 E
1&
#26452800
0&
#26456400
b100 E
1&
#26460000
0&
#26463600
b11 E
1&
#26467200
0&
#26470800
b10 E
1&
#26474400
0&
#26478000
b1 E
1&
#26481600
0&
#26485200
13
b0 E
1&
#26488800
0&
#26492400
03
b1000101 E
1&
#26496000
0&
#26499600
b1000100 E
1&
#26503200
0&
#26506800
b1000011 E
1&
#26510400
0&
#26514000
b1000010 E
1&
#26517600
0&
#26521200
b1000001 E
1&
#26524800
0&
#26528400
b1000000 E
1&
#26532000
0&
#26535600
b111111 E
1&
#26539200
0&
#26542800
b111110 E
1&
#26546400
0&
#26550000
b111101 E
1&
#26553600
0&
#26557200
b111100 E
1&
#26560800
0&
#26564400
b111011 E
1&
#26568000
0&
#26571600
b111010 E
1&
#26575200
0&
#26578800
b111001 E
1&
#26582400
0&
#26586000
b111000 E
1&
#26589600
0&
#26593200
b110111 E
1&
#26596800
0&
#26600400
b110110 E
1&
#26604000
0&
#26607600
b110101 E
1&
#26611200
0&
#26614800
b110100 E
1&
#26618400
0&
#26622000
b110011 E
1&
#26625600
0&
#26629200
b110010 E
1&
#26632800
0&
#26636400
b110001 E
1&
#26640000
0&
#26643600
b110000 E
1&
#26647200
0&
#26650800
b101111 E
1&
#26654400
0&
#26658000
b101110 E
1&
#26661600
0&
#26665200
b101101 E
1&
#26668800
0&
#26672400
b101100 E
1&
#26676000
0&
#26679600
b101011 E
1&
#26683200
0&
#26686800
b101010 E
1&
#26690400
0&
#26694000
b101001 E
1&
#26697600
0&
#26701200
b101000 E
1&
#26704800
0&
#26708400
b100111 E
1&
#26712000
0&
#26715600
b100110 E
1&
#26719200
0&
#26722800
b100101 E
1&
#26726400
0&
#26730000
b100100 E
1&
#26733600
0&
#26737200
b100011 E
1&
#26740800
0&
#26744400
b100010 E
1&
#26748000
0&
#26751600
b100001 E
1&
#26755200
0&
#26758800
b100000 E
1&
#26762400
0&
#26766000
b11111 E
1&
#26769600
0&
#26773200
b11110 E
1&
#26776800
0&
#26780400
b11101 E
1&
#26784000
0&
#26787600
b11100 E
1&
#26791200
0&
#26794800
b11011 E
1&
#26798400
0&
#26802000
b11010 E
1&
#26805600
0&
#26809200
b11001 E
1&
#26812800
0&
#26816400
b11000 E
1&
#26820000
0&
#26823600
b10111 E
1&
#26827200
0&
#26830800
b10110 E
1&
#26834400
0&
#26838000
b10101 E
1&
#26841600
0&
#26845200
b10100 E
1&
#26848800
0&
#26852400
b10011 E
1&
#26856000
0&
#26859600
b10010 E
1&
#26863200
0&
#26866800
b10001 E
1&
#26870400
0&
#26874000
b10000 E
1&
#26877600
0&
#26881200
b1111 E
1&
#26884800
0&
#26888400
b1110 E
1&
#26892000
0&
#26895600
b1101 E
1&
#26899200
0&
#26902800
b1100 E
1&
#26906400
0&
#26910000
b1011 E
1&
#26913600
0&
#26917200
b1010 E
1&
#26920800
0&
#26924400
b1001 E
1&
#26928000
0&
#26931600
b1000 E
1&
#26935200
0&
#26938800
b111 E
1&
#26942400
0&
#26946000
b110 E
1&
#26949600
0&
#26953200
b101 E
1&
#26956800
0&
#26960400
b100 E
1&
#26964000
0&
#26967600
b11 E
1&
#26971200
0&
#26974800
b10 E
1&
#26978400
0&
#26982000
b1 E
1&
#26985600
0&
#26989200
13
b0 E
1&
#26992800
0&
#26996400
03
b1000101 E
1&
#27000000
0&
#27003600
b1000100 E
1&
#27007200
0&
#27010800
b1000011 E
1&
#27014400
0&
#27018000
b1000010 E
1&
#27021600
0&
#27025200
b1000001 E
1&
#27028800
0&
#27032400
b1000000 E
1&
#27036000
0&
#27039600
b111111 E
1&
#27043200
0&
#27046800
b111110 E
1&
#27050400
0&
#27054000
b111101 E
1&
#27057600
0&
#27061200
b111100 E
1&
#27064800
0&
#27068400
b111011 E
1&
#27072000
0&
#27075600
b111010 E
1&
#27079200
0&
#27082800
b111001 E
1&
#27086400
0&
#27090000
b111000 E
1&
#27093600
0&
#27097200
b110111 E
1&
#27100800
0&
#27104400
b110110 E
1&
#27108000
0&
#27111600
b110101 E
1&
#27115200
0&
#27118800
b110100 E
1&
#27122400
0&
#27126000
b110011 E
1&
#27129600
0&
#27133200
b110010 E
1&
#27136800
0&
#27140400
b110001 E
1&
#27144000
0&
#27147600
b110000 E
1&
#27151200
0&
#27154800
b101111 E
1&
#27158400
0&
#27162000
b101110 E
1&
#27165600
0&
#27169200
b101101 E
1&
#27172800
0&
#27176400
b101100 E
1&
#27180000
0&
#27183600
b101011 E
1&
#27187200
0&
#27190800
b101010 E
1&
#27194400
0&
#27198000
b101001 E
1&
#27201600
0&
#27205200
b101000 E
1&
#27208800
0&
#27212400
b100111 E
1&
#27216000
0&
#27219600
b100110 E
1&
#27223200
0&
#27226800
b100101 E
1&
#27230400
0&
#27234000
b100100 E
1&
#27237600
0&
#27241200
b100011 E
1&
#27244800
0&
#27248400
b100010 E
1&
#27252000
0&
#27255600
b100001 E
1&
#27259200
0&
#27262800
b100000 E
1&
#27266400
0&
#27270000
b11111 E
1&
#27273600
0&
#27277200
b11110 E
1&
#27280800
0&
#27284400
b11101 E
1&
#27288000
0&
#27291600
b11100 E
1&
#27295200
0&
#27298800
b11011 E
1&
#27302400
0&
#27306000
b11010 E
1&
#27309600
0&
#27313200
b11001 E
1&
#27316800
0&
#27320400
b11000 E
1&
#27324000
0&
#27327600
b10111 E
1&
#27331200
0&
#27334800
b10110 E
1&
#27338400
0&
#27342000
b10101 E
1&
#27345600
0&
#27349200
b10100 E
1&
#27352800
0&
#27356400
b10011 E
1&
#27360000
0&
#27363600
b10010 E
1&
#27367200
0&
#27370800
b10001 E
1&
#27374400
0&
#27378000
b10000 E
1&
#27381600
0&
#27385200
b1111 E
1&
#27388800
0&
#27392400
b1110 E
1&
#27396000
0&
#27399600
b1101 E
1&
#27403200
0&
#27406800
b1100 E
1&
#27410400
0&
#27414000
b1011 E
1&
#27417600
0&
#27421200
b1010 E
1&
#27424800
0&
#27428400
b1001 E
1&
#27432000
0&
#27435600
b1000 E
1&
#27439200
0&
#27442800
b111 E
1&
#27446400
0&
#27450000
b110 E
1&
#27453600
0&
#27457200
b101 E
1&
#27460800
0&
#27464400
b100 E
1&
#27468000
0&
#27471600
b11 E
1&
#27475200
0&
#27478800
b10 E
1&
#27482400
0&
#27486000
b1 E
1&
#27489600
0&
#27493200
13
b0 E
1&
#27496800
0&
#27500400
03
b1000101 E
1&
#27504000
0&
#27507600
b1000100 E
1&
#27511200
0&
#27514800
b1000011 E
1&
#27518400
0&
#27522000
b1000010 E
1&
#27525600
0&
#27529200
b1000001 E
1&
#27532800
0&
#27536400
b1000000 E
1&
#27540000
0&
#27543600
b111111 E
1&
#27547200
0&
#27550800
b111110 E
1&
#27554400
0&
#27558000
b111101 E
1&
#27561600
0&
#27565200
b111100 E
1&
#27568800
0&
#27572400
b111011 E
1&
#27576000
0&
#27579600
b111010 E
1&
#27583200
0&
#27586800
b111001 E
1&
#27590400
0&
#27594000
b111000 E
1&
#27597600
0&
#27601200
b110111 E
1&
#27604800
0&
#27608400
b110110 E
1&
#27612000
0&
#27615600
b110101 E
1&
#27619200
0&
#27622800
b110100 E
1&
#27626400
0&
#27630000
b110011 E
1&
#27633600
0&
#27637200
b110010 E
1&
#27640800
0&
#27644400
b110001 E
1&
#27648000
0&
#27651600
b110000 E
1&
#27655200
0&
#27658800
b101111 E
1&
#27662400
0&
#27666000
b101110 E
1&
#27669600
0&
#27673200
b101101 E
1&
#27676800
0&
#27680400
b101100 E
1&
#27684000
0&
#27687600
b101011 E
1&
#27691200
0&
#27694800
b101010 E
1&
#27698400
0&
#27702000
b101001 E
1&
#27705600
0&
#27709200
b101000 E
1&
#27712800
0&
#27716400
b100111 E
1&
#27720000
0&
#27723600
b100110 E
1&
#27727200
0&
#27730800
b100101 E
1&
#27734400
0&
#27738000
b100100 E
1&
#27741600
0&
#27745200
b100011 E
1&
#27748800
0&
#27752400
b100010 E
1&
#27756000
0&
#27759600
b100001 E
1&
#27763200
0&
#27766800
b100000 E
1&
#27770400
0&
#27774000
b11111 E
1&
#27777600
0&
#27781200
b11110 E
1&
#27784800
0&
#27788400
b11101 E
1&
#27792000
0&
#27795600
b11100 E
1&
#27799200
0&
#27802800
b11011 E
1&
#27806400
0&
#27810000
b11010 E
1&
#27813600
0&
#27817200
b11001 E
1&
#27820800
0&
#27824400
b11000 E
1&
#27828000
0&
#27831600
b10111 E
1&
#27835200
0&
#27838800
b10110 E
1&
#27842400
0&
#27846000
b10101 E
1&
#27849600
0&
#27853200
b10100 E
1&
#27856800
0&
#27860400
b10011 E
1&
#27864000
0&
#27867600
b10010 E
1&
#27871200
0&
#27874800
b10001 E
1&
#27878400
0&
#27882000
b10000 E
1&
#27885600
0&
#27889200
b1111 E
1&
#27892800
0&
#27896400
b1110 E
1&
#27900000
0&
#27903600
b1101 E
1&
#27907200
0&
#27910800
b1100 E
1&
#27914400
0&
#27918000
b1011 E
1&
#27921600
0&
#27925200
b1010 E
1&
#27928800
0&
#27932400
b1001 E
1&
#27936000
0&
#27939600
b1000 E
1&
#27943200
0&
#27946800
b111 E
1&
#27950400
0&
#27954000
b110 E
1&
#27957600
0&
#27961200
b101 E
1&
#27964800
0&
#27968400
b100 E
1&
#27972000
0&
#27975600
b11 E
1&
#27979200
0&
#27982800
b10 E
1&
#27986400
0&
#27990000
b1 E
1&
#27993600
0&
#27997200
13
b0 E
1&
#28000800
0&
#28004400
03
b1000101 E
1&
#28008000
0&
#28011600
b1000100 E
1&
#28015200
0&
#28018800
b1000011 E
1&
#28022400
0&
#28026000
b1000010 E
1&
#28029600
0&
#28033200
b1000001 E
1&
#28036800
0&
#28040400
b1000000 E
1&
#28044000
0&
#28047600
b111111 E
1&
#28051200
0&
#28054800
b111110 E
1&
#28058400
0&
#28062000
b111101 E
1&
#28065600
0&
#28069200
b111100 E
1&
#28072800
0&
#28076400
b111011 E
1&
#28080000
0&
#28083600
b111010 E
1&
#28087200
0&
#28090800
b111001 E
1&
#28094400
0&
#28098000
b111000 E
1&
#28101600
0&
#28105200
b110111 E
1&
#28108800
0&
#28112400
b110110 E
1&
#28116000
0&
#28119600
b110101 E
1&
#28123200
0&
#28126800
b110100 E
1&
#28130400
0&
#28134000
b110011 E
1&
#28137600
0&
#28141200
b110010 E
1&
#28144800
0&
#28148400
b110001 E
1&
#28152000
0&
#28155600
b110000 E
1&
#28159200
0&
#28162800
b101111 E
1&
#28166400
0&
#28170000
b101110 E
1&
#28173600
0&
#28177200
b101101 E
1&
#28180800
0&
#28184400
b101100 E
1&
#28188000
0&
#28191600
b101011 E
1&
#28195200
0&
#28198800
b101010 E
1&
#28202400
0&
#28206000
b101001 E
1&
#28209600
0&
#28213200
b101000 E
1&
#28216800
0&
#28220400
b100111 E
1&
#28224000
0&
#28227600
b100110 E
1&
#28231200
0&
#28234800
b100101 E
1&
#28238400
0&
#28242000
b100100 E
1&
#28245600
0&
#28249200
b100011 E
1&
#28252800
0&
#28256400
b100010 E
1&
#28260000
0&
#28263600
b100001 E
1&
#28267200
0&
#28270800
b100000 E
1&
#28274400
0&
#28278000
b11111 E
1&
#28281600
0&
#28285200
b11110 E
1&
#28288800
0&
#28292400
b11101 E
1&
#28296000
0&
#28299600
b11100 E
1&
#28303200
0&
#28306800
b11011 E
1&
#28310400
0&
#28314000
b11010 E
1&
#28317600
0&
#28321200
b11001 E
1&
#28324800
0&
#28328400
b11000 E
1&
#28332000
0&
#28335600
b10111 E
1&
#28339200
0&
#28342800
b10110 E
1&
#28346400
0&
#28350000
b10101 E
1&
#28353600
0&
#28357200
b10100 E
1&
#28360800
0&
#28364400
b10011 E
1&
#28368000
0&
#28371600
b10010 E
1&
#28375200
0&
#28378800
b10001 E
1&
#28382400
0&
#28386000
b10000 E
1&
#28389600
0&
#28393200
b1111 E
1&
#28396800
0&
#28400400
b1110 E
1&
#28404000
0&
#28407600
b1101 E
1&
#28411200
0&
#28414800
b1100 E
1&
#28418400
0&
#28422000
b1011 E
1&
#28425600
0&
#28429200
b1010 E
1&
#28432800
0&
#28436400
b1001 E
1&
#28440000
0&
#28443600
b1000 E
1&
#28447200
0&
#28450800
b111 E
1&
#28454400
0&
#28458000
b110 E
1&
#28461600
0&
#28465200
b101 E
1&
#28468800
0&
#28472400
b100 E
1&
#28476000
0&
#28479600
b11 E
1&
#28483200
0&
#28486800
b10 E
1&
#28490400
0&
#28494000
b1 E
1&
#28497600
0&
#28501200
13
b0 E
1&
#28504800
0&
#28508400
03
b1000101 E
1&
#28512000
0&
#28515600
b1000100 E
1&
#28519200
0&
#28522800
b1000011 E
1&
#28526400
0&
#28530000
b1000010 E
1&
#28533600
0&
#28537200
b1000001 E
1&
#28540800
0&
#28544400
b1000000 E
1&
#28548000
0&
#28551600
b111111 E
1&
#28555200
0&
#28558800
b111110 E
1&
#28562400
0&
#28566000
b111101 E
1&
#28569600
0&
#28573200
b111100 E
1&
#28576800
0&
#28580400
b111011 E
1&
#28584000
0&
#28587600
b111010 E
1&
#28591200
0&
#28594800
b111001 E
1&
#28598400
0&
#28602000
b111000 E
1&
#28605600
0&
#28609200
b110111 E
1&
#28612800
0&
#28616400
b110110 E
1&
#28620000
0&
#28623600
b110101 E
1&
#28627200
0&
#28630800
b110100 E
1&
#28634400
0&
#28638000
b110011 E
1&
#28641600
0&
#28645200
b110010 E
1&
#28648800
0&
#28652400
b110001 E
1&
#28656000
0&
#28659600
b110000 E
1&
#28663200
0&
#28666800
b101111 E
1&
#28670400
0&
#28674000
b101110 E
1&
#28677600
0&
#28681200
b101101 E
1&
#28684800
0&
#28688400
b101100 E
1&
#28692000
0&
#28695600
b101011 E
1&
#28699200
0&
#28702800
b101010 E
1&
#28706400
0&
#28710000
b101001 E
1&
#28713600
0&
#28717200
b101000 E
1&
#28720800
0&
#28724400
b100111 E
1&
#28728000
0&
#28731600
b100110 E
1&
#28735200
0&
#28738800
b100101 E
1&
#28742400
0&
#28746000
b100100 E
1&
#28749600
0&
#28753200
b100011 E
1&
#28756800
0&
#28760400
b100010 E
1&
#28764000
0&
#28767600
b100001 E
1&
#28771200
0&
#28774800
b100000 E
1&
#28778400
0&
#28782000
b11111 E
1&
#28785600
0&
#28789200
b11110 E
1&
#28792800
0&
#28796400
b11101 E
1&
#28800000
0&
#28803600
b11100 E
1&
#28807200
0&
#28810800
b11011 E
1&
#28814400
0&
#28818000
b11010 E
1&
#28821600
0&
#28825200
b11001 E
1&
#28828800
0&
#28832400
b11000 E
1&
#28836000
0&
#28839600
b10111 E
1&
#28843200
0&
#28846800
b10110 E
1&
#28850400
0&
#28854000
b10101 E
1&
#28857600
0&
#28861200
b10100 E
1&
#28864800
0&
#28868400
b10011 E
1&
#28872000
0&
#28875600
b10010 E
1&
#28879200
0&
#28882800
b10001 E
1&
#28886400
0&
#28890000
b10000 E
1&
#28893600
0&
#28897200
b1111 E
1&
#28900800
0&
#28904400
b1110 E
1&
#28908000
0&
#28911600
b1101 E
1&
#28915200
0&
#28918800
b1100 E
1&
#28922400
0&
#28926000
b1011 E
1&
#28929600
0&
#28933200
b1010 E
1&
#28936800
0&
#28940400
b1001 E
1&
#28944000
0&
#28947600
b1000 E
1&
#28951200
0&
#28954800
b111 E
1&
#28958400
0&
#28962000
b110 E
1&
#28965600
0&
#28969200
b101 E
1&
#28972800
0&
#28976400
b100 E
1&
#28980000
0&
#28983600
b11 E
1&
#28987200
0&
#28990800
b10 E
1&
#28994400
0&
#28998000
b1 E
1&
#29001600
0&
#29005200
13
b0 E
1&
#29008800
0&
#29012400
03
b1000101 E
1&
#29016000
0&
#29019600
b1000100 E
1&
#29023200
0&
#29026800
b1000011 E
1&
#29030400
0&
#29034000
b1000010 E
1&
#29037600
0&
#29041200
b1000001 E
1&
#29044800
0&
#29048400
b1000000 E
1&
#29052000
0&
#29055600
b111111 E
1&
#29059200
0&
#29062800
b111110 E
1&
#29066400
0&
#29070000
b111101 E
1&
#29073600
0&
#29077200
b111100 E
1&
#29080800
0&
#29084400
b111011 E
1&
#29088000
0&
#29091600
b111010 E
1&
#29095200
0&
#29098800
b111001 E
1&
#29102400
0&
#29106000
b111000 E
1&
#29109600
0&
#29113200
b110111 E
1&
#29116800
0&
#29120400
b110110 E
1&
#29124000
0&
#29127600
b110101 E
1&
#29131200
0&
#29134800
b110100 E
1&
#29138400
0&
#29142000
b110011 E
1&
#29145600
0&
#29149200
b110010 E
1&
#29152800
0&
#29156400
b110001 E
1&
#29160000
0&
#29163600
b110000 E
1&
#29167200
0&
#29170800
b101111 E
1&
#29174400
0&
#29178000
b101110 E
1&
#29181600
0&
#29185200
b101101 E
b10100110100010001000001001111010011000100100000011000010110011001110100011001010111001000100000010100110101010001001111010100000010000000101000011100100110010101101100011001010110000101110011011001010110010000101001 R
b1 P
b1 Q
1&
#29188800
0&
#29192400
b101100 E
1&
#29196000
0&
#29199600
b101011 E
1&
#29203200
0&
#29206800
b101010 E
1&
#29210400
0&
#29214000
b101001 E
1&
#29217600
0&
#29221200
b101000 E
1&
#29224800
0&
#29228400
b100111 E
1&
#29232000
0&
#29235600
b100110 E
1&
#29239200
0&
#29242800
b100101 E
1&
#29246400
0&
#29250000
b100100 E
1&
#29253600
0&
#29257200
b100011 E
1&
#29260800
0&
#29264400
b100010 E
1&
#29268000
0&
#29271600
b100001 E
1&
#29275200
0&
#29278800
b100000 E
1&
#29282400
0&
#29286000
b11111 E
1&
#29289600
0&
#29293200
b11110 E
1&
#29296800
0&
#29300400
b11101 E
1&
#29304000
0&
#29307600
b11100 E
1&
#29311200
0&
#29314800
b11011 E
1&
#29318400
0&
#29322000
b11010 E
1&
#29325600
0&
#29329200
b11001 E
1&
